student_id,gender,ssc_percentage,hsc_percentage,degree_percentage,cgpa,entrance_exam_score,technical_skill_score,soft_skill_score,internship_count,live_projects,work_experience_months,certifications,attendance_percentage,backlogs,extracurricular_activities,placement_status,salary_package_lpa
1,Female,68,93,84,9.15,52,55,59,3,0,9,2,95,4,Yes,0,0.0
2,Female,93,58,51,5.53,65,95,70,1,3,8,3,64,4,Yes,0,0.0
3,Male,61,76,71,6.81,66,53,70,5,1,11,4,73,4,Yes,0,0.0
4,Male,56,89,80,8.34,73,63,58,4,0,17,2,78,3,No,0,0.0
5,Female,75,69,74,9.69,43,66,78,4,0,11,0,95,0,Yes,1,6.47
6,Female,55,85,86,8.37,58,84,89,3,0,4,3,97,4,No,0,0.0
7,Female,73,86,66,5.81,57,65,63,3,5,6,2,81,0,Yes,0,0.0
8,Female,85,77,68,7.49,77,92,83,2,0,23,4,77,0,No,1,6.6
9,Male,92,53,80,6.58,52,96,51,3,3,16,0,71,1,No,1,12.79
10,Male,63,91,84,8.69,60,84,81,2,1,10,3,66,1,Yes,1,3.0
11,Male,72,53,83,8.95,88,91,42,1,5,5,4,60,2,Yes,1,4.56
12,Female,76,71,68,7.97,88,83,67,4,1,19,3,78,5,Yes,0,0.0
13,Female,66,60,80,6.33,98,90,82,0,2,10,0,95,0,Yes,0,0.0
14,Male,88,66,82,6.55,57,82,83,4,4,6,0,74,3,No,1,14.76
15,Female,63,64,64,6.73,60,92,44,2,5,6,4,71,2,No,1,7.71
16,Male,64,90,77,8.79,62,97,48,2,3,14,1,71,4,Yes,0,0.0
17,Female,51,68,53,9.0,40,71,40,5,0,1,3,85,5,No,0,0.0
18,Female,90,77,68,8.63,60,97,93,0,5,24,2,79,1,No,1,9.79
19,Male,60,68,57,8.51,62,72,97,3,1,15,3,82,2,Yes,1,13.26
20,Female,61,51,85,7.31,40,57,57,2,2,23,2,77,1,Yes,0,0.0
21,Male,80,68,58,6.33,87,78,55,2,1,3,1,74,3,No,0,0.0
22,Male,80,79,50,8.8,68,88,85,3,0,2,1,99,2,Yes,1,6.84
23,Female,70,80,70,8.75,91,78,46,0,3,4,1,77,1,Yes,0,0.0
24,Female,88,82,63,6.12,84,48,69,5,4,4,2,70,3,Yes,0,0.0
25,Male,70,83,63,8.77,44,89,41,5,2,12,3,97,5,No,0,0.0
26,Male,82,82,70,7.3,63,87,49,4,4,23,5,79,3,Yes,0,0.0
27,Female,57,80,50,9.69,50,78,89,3,0,1,0,73,4,Yes,0,0.0
28,Male,71,54,62,6.62,58,47,96,1,0,2,4,78,2,Yes,1,3.1
29,Female,54,50,76,6.79,85,59,97,3,1,7,0,66,1,No,1,10.69
30,Male,91,74,87,7.45,77,83,83,5,5,12,4,94,2,No,1,5.29
31,Male,63,90,64,7.96,71,86,71,2,1,1,2,69,0,Yes,1,7.19
32,Female,95,68,67,8.0,56,96,48,0,0,13,0,92,1,No,0,0.0
33,Female,59,54,80,9.06,55,50,64,5,5,24,2,95,4,Yes,0,0.0
34,Male,60,53,70,8.06,54,99,70,3,0,0,5,85,1,Yes,1,10.32
35,Female,93,51,54,9.49,97,85,73,2,0,19,1,86,1,No,1,7.68
36,Male,86,55,69,7.64,79,51,47,4,2,6,1,67,3,No,0,0.0
37,Male,86,58,55,8.47,61,63,77,5,5,14,4,93,4,No,0,0.0
38,Female,72,55,60,7.23,94,72,81,3,0,9,4,64,1,Yes,1,9.39
39,Female,79,54,50,9.19,96,58,95,5,5,11,1,62,3,No,0,0.0
40,Female,70,62,61,8.08,62,47,77,0,5,14,0,98,1,Yes,0,0.0
41,Male,72,75,50,6.64,48,42,89,5,2,12,5,67,3,Yes,0,0.0
42,Male,53,57,80,5.6,60,76,66,1,4,16,1,77,0,No,0,0.0
43,Male,93,81,94,6.39,75,75,40,2,2,13,1,91,2,No,0,0.0
44,Male,88,92,95,8.89,51,51,93,0,4,3,1,64,5,Yes,0,0.0
45,Female,69,64,78,7.57,75,78,97,0,2,7,3,92,2,No,1,9.43
46,Female,76,72,65,8.14,94,66,75,5,2,6,4,71,4,No,0,0.0
47,Male,52,67,57,7.54,46,57,78,2,2,20,5,82,5,No,0,0.0
48,Female,75,53,72,6.94,69,80,53,1,2,20,4,99,4,Yes,0,0.0
49,Male,86,75,70,6.53,87,68,92,2,0,15,1,60,3,No,1,6.73
50,Female,94,85,66,9.68,49,64,99,0,0,18,3,66,5,Yes,1,10.4
51,Female,60,80,81,8.63,73,42,43,3,0,16,5,80,5,No,0,0.0
52,Male,72,56,73,5.62,70,47,55,3,4,1,1,69,1,No,0,0.0
53,Female,87,69,62,9.2,97,41,57,0,5,12,1,72,3,No,0,0.0
54,Female,72,88,58,9.63,78,55,95,2,0,11,3,93,5,Yes,0,0.0
55,Male,64,53,63,6.48,59,82,82,4,3,10,0,93,5,Yes,0,0.0
56,Female,63,56,92,7.18,58,41,76,2,4,23,4,92,4,Yes,0,0.0
57,Male,77,56,93,6.66,82,55,67,3,0,23,0,80,3,Yes,0,0.0
58,Male,74,77,71,8.26,45,72,66,3,1,7,5,70,5,Yes,0,0.0
59,Male,90,69,62,5.6,42,56,79,5,2,3,2,61,1,No,0,0.0
60,Female,87,55,66,9.57,58,90,65,0,0,12,2,98,5,No,0,0.0
61,Male,79,70,80,7.26,68,73,66,2,3,17,5,90,3,Yes,0,0.0
62,Female,71,82,74,9.11,56,44,94,3,3,0,5,93,3,No,1,7.99
63,Female,69,55,79,6.27,46,89,66,3,3,19,1,67,4,No,1,11.13
64,Male,75,58,52,6.89,92,74,74,3,0,24,2,80,1,No,1,14.83
65,Female,66,71,66,6.85,83,78,72,0,1,13,1,83,4,Yes,0,0.0
66,Male,63,72,82,9.21,81,90,66,4,4,19,3,66,5,Yes,0,0.0
67,Female,73,53,51,7.46,48,87,46,2,0,23,5,87,5,Yes,0,0.0
68,Male,79,50,87,9.27,83,90,86,5,3,1,5,96,4,Yes,0,0.0
69,Male,59,58,88,6.71,96,50,49,1,1,12,5,69,1,No,0,0.0
70,Male,75,95,83,8.5,47,50,99,0,1,4,3,62,2,Yes,1,8.9
71,Male,94,81,61,8.12,81,78,68,0,0,8,5,80,4,No,0,0.0
72,Female,58,92,63,9.45,86,96,89,0,3,4,3,74,2,No,1,7.29
73,Female,95,87,70,7.16,41,92,42,3,2,2,5,76,5,No,0,0.0
74,Male,51,68,89,6.27,70,68,57,5,0,24,2,95,1,Yes,0,0.0
75,Male,62,91,74,8.13,56,85,92,1,2,0,1,67,5,Yes,0,0.0
76,Female,91,69,91,7.75,65,54,68,3,0,19,4,63,5,Yes,0,0.0
77,Male,58,86,64,5.82,42,56,93,4,3,24,0,93,5,No,0,0.0
78,Female,54,84,89,9.21,63,43,53,5,3,14,0,97,4,Yes,0,0.0
79,Male,72,61,56,9.23,83,63,98,4,2,0,2,60,3,No,0,0.0
80,Female,52,63,89,5.56,89,56,58,3,4,21,0,97,4,Yes,1,10.57
81,Male,51,95,75,7.72,53,46,42,5,5,3,3,89,2,No,0,0.0
82,Male,79,68,90,7.92,92,40,69,0,5,10,4,66,0,Yes,1,6.09
83,Male,60,78,91,5.89,77,99,42,1,5,24,0,61,0,No,0,0.0
84,Female,62,70,85,6.9,78,79,40,1,3,23,5,97,5,Yes,0,0.0
85,Female,92,64,90,7.4,68,53,60,3,2,4,2,90,5,No,0,0.0
86,Female,57,57,50,6.94,41,83,98,2,3,1,4,72,4,No,0,0.0
87,Male,54,50,85,9.27,42,69,70,5,0,11,3,84,5,Yes,0,0.0
88,Female,93,67,59,6.22,97,75,75,0,0,21,3,97,5,No,0,0.0
89,Female,63,65,72,5.82,50,41,84,4,1,21,5,91,4,No,0,0.0
90,Female,84,64,52,7.21,65,87,51,3,3,15,0,71,1,Yes,1,6.16
91,Female,58,94,75,5.5,54,42,45,4,0,16,1,89,2,Yes,0,0.0
92,Female,56,87,81,6.74,61,54,75,2,5,22,1,68,0,Yes,0,0.0
93,Female,80,71,57,6.19,64,44,81,3,2,10,5,84,5,Yes,0,0.0
94,Male,75,87,91,6.39,44,57,50,4,2,21,3,91,5,Yes,0,0.0
95,Female,65,85,63,8.2,80,76,92,1,0,5,5,92,1,No,1,6.93
96,Male,76,50,50,7.8,63,47,46,2,1,21,0,75,5,Yes,0,0.0
97,Female,62,89,56,7.97,71,67,45,0,0,12,5,93,2,Yes,0,0.0
98,Male,52,82,78,5.78,63,79,75,4,1,16,4,60,1,Yes,1,12.08
99,Female,73,82,91,9.34,61,44,47,1,2,9,5,96,3,No,1,7.17
100,Female,90,90,95,6.42,81,77,85,4,2,2,3,63,2,Yes,1,12.66
101,Male,82,56,92,9.57,62,60,94,0,2,13,0,85,1,No,1,8.67
102,Female,85,81,78,9.56,66,86,69,5,0,11,3,66,5,No,0,0.0
103,Female,91,93,87,6.69,81,49,95,1,4,3,5,97,0,Yes,1,14.4
104,Female,65,76,77,5.5,82,91,94,5,0,1,1,82,3,No,0,0.0
105,Male,62,79,80,7.71,77,59,59,2,5,24,0,65,3,No,0,0.0
106,Male,53,95,52,5.62,69,69,76,2,2,4,1,60,3,Yes,0,0.0
107,Female,93,91,54,8.68,91,64,98,1,4,12,0,76,0,No,1,6.53
108,Female,79,59,81,7.29,86,76,58,0,4,12,0,97,1,Yes,0,0.0
109,Male,74,76,65,8.93,87,87,93,0,3,1,0,90,5,Yes,0,0.0
110,Male,76,73,71,7.53,98,61,99,1,0,8,4,63,4,No,0,0.0
111,Female,88,89,56,6.48,84,51,81,5,1,2,2,99,1,Yes,1,4.36
112,Male,76,79,66,6.96,59,56,66,3,1,21,0,88,0,Yes,1,10.96
113,Female,63,73,72,8.62,60,56,70,2,4,21,1,66,5,Yes,0,0.0
114,Female,52,87,50,9.53,72,58,72,3,2,24,4,63,2,No,1,12.53
115,Female,84,83,89,7.45,98,86,79,5,3,7,3,82,0,Yes,1,14.99
116,Male,88,82,60,7.48,48,53,52,4,2,4,2,61,0,Yes,0,0.0
117,Male,84,51,71,7.81,84,48,89,4,3,15,2,62,5,Yes,0,0.0
118,Female,53,80,78,7.73,73,96,89,1,2,2,4,67,5,No,0,0.0
119,Male,53,52,93,5.96,53,48,71,5,4,14,1,62,5,No,0,0.0
120,Female,87,56,58,9.04,89,76,82,2,4,22,5,93,2,Yes,1,11.08
121,Female,70,72,64,7.44,49,45,71,4,5,23,5,91,1,No,0,0.0
122,Male,68,61,58,8.11,43,52,43,2,4,11,3,88,3,Yes,1,13.07
123,Female,66,62,75,7.3,51,50,96,1,4,18,4,97,3,No,0,0.0
124,Male,88,85,91,7.99,58,51,76,0,2,11,1,68,1,No,0,0.0
125,Male,86,84,80,9.73,86,92,64,2,2,11,1,84,3,No,0,0.0
126,Male,53,62,89,6.12,95,65,76,0,3,9,0,68,5,No,0,0.0
127,Male,69,78,60,9.19,69,57,96,4,3,12,0,62,4,No,1,7.17
128,Female,83,53,95,5.76,98,49,72,5,4,18,4,99,3,No,0,0.0
129,Female,67,64,87,7.02,71,50,70,5,5,6,5,76,4,No,1,5.63
130,Female,50,95,81,6.6,98,90,43,1,0,7,5,73,2,Yes,0,0.0
131,Female,87,73,73,6.88,47,61,98,3,5,13,5,80,5,Yes,0,0.0
132,Female,83,79,84,5.73,84,49,76,4,0,19,5,83,1,Yes,1,4.43
133,Female,88,51,83,6.88,95,59,69,3,4,7,5,94,3,No,0,0.0
134,Male,73,59,63,7.27,46,64,81,3,3,6,4,62,1,No,1,12.56
135,Male,84,75,80,8.2,46,82,90,2,2,11,1,69,0,No,1,6.66
136,Male,75,75,58,5.86,90,99,99,1,2,24,2,80,1,Yes,1,7.55
137,Male,81,55,58,5.9,45,93,55,1,3,1,0,79,5,Yes,0,0.0
138,Female,88,58,93,7.15,67,47,60,5,5,22,5,97,0,No,1,8.33
139,Male,87,69,81,5.52,83,76,89,4,3,10,5,62,4,No,1,10.62
140,Female,81,67,72,9.17,67,72,67,0,0,16,3,73,1,No,1,5.03
141,Male,54,56,53,5.59,81,56,60,1,2,21,5,92,3,No,0,0.0
142,Female,79,60,74,6.18,94,50,76,3,0,13,5,86,0,No,1,6.9
143,Male,92,90,68,9.36,86,58,47,0,4,18,5,70,5,No,1,9.49
144,Female,75,60,75,8.56,42,83,78,4,0,12,1,85,2,No,1,6.38
145,Male,52,72,80,7.4,57,96,58,4,0,23,5,81,3,Yes,0,0.0
146,Male,75,70,69,5.69,94,93,54,4,0,22,2,96,2,Yes,1,8.94
147,Female,86,61,79,7.45,53,47,54,5,5,12,5,64,1,Yes,1,9.66
148,Male,85,81,92,6.2,59,89,82,0,0,14,5,82,1,No,1,13.29
149,Female,56,67,61,7.05,98,80,55,5,4,12,5,75,3,Yes,0,0.0
150,Female,70,91,61,7.7,50,80,82,5,0,22,2,96,0,Yes,1,5.37
151,Female,95,65,76,9.45,80,81,61,1,3,4,4,72,5,Yes,0,0.0
152,Male,50,92,91,8.3,44,65,77,4,2,0,2,87,2,Yes,1,11.51
153,Male,57,58,72,7.14,41,48,42,5,1,24,4,98,3,No,0,0.0
154,Male,64,81,51,6.56,73,70,65,3,1,7,1,96,3,No,0,0.0
155,Male,93,55,73,8.38,59,84,95,3,0,23,4,78,0,No,1,4.02
156,Male,63,91,86,9.64,76,55,74,2,4,7,0,88,3,No,0,0.0
157,Female,50,80,55,8.49,64,44,56,3,1,21,3,67,4,Yes,0,0.0
158,Female,84,68,81,8.97,74,55,41,3,1,1,2,63,4,No,1,10.6
159,Male,50,57,86,5.9,46,68,49,0,4,10,0,96,3,Yes,0,0.0
160,Female,74,74,67,7.09,61,45,88,4,3,10,1,66,0,Yes,1,9.89
161,Male,94,63,88,9.72,79,69,49,3,2,6,4,76,4,No,0,0.0
162,Male,62,81,62,9.64,85,84,95,4,4,23,4,92,2,Yes,1,5.9
163,Female,72,57,95,8.45,61,76,71,2,1,24,4,60,0,No,1,14.8
164,Male,71,76,87,6.65,55,43,73,1,2,21,5,71,0,Yes,0,0.0
165,Male,61,80,89,6.16,63,80,59,4,4,15,2,70,1,No,1,10.05
166,Male,89,92,82,8.42,44,68,76,4,2,16,1,65,5,Yes,0,0.0
167,Male,51,50,54,6.78,75,84,76,5,0,7,3,83,4,Yes,0,0.0
168,Male,86,89,82,8.53,82,97,45,5,5,8,0,84,3,Yes,0,0.0
169,Male,86,84,89,7.48,55,86,40,5,5,8,1,75,3,Yes,0,0.0
170,Female,55,63,82,6.1,98,56,98,0,2,8,3,88,2,No,1,14.4
171,Female,81,87,93,5.94,85,57,79,3,4,5,0,73,5,No,0,0.0
172,Female,91,73,90,7.86,51,92,89,4,4,23,5,63,3,Yes,0,0.0
173,Male,62,53,50,7.18,99,78,47,5,0,14,4,70,4,No,0,0.0
174,Male,90,95,87,5.96,75,85,91,5,4,16,1,76,1,Yes,1,7.68
175,Female,79,86,61,9.56,89,90,99,3,1,3,0,87,1,No,1,13.03
176,Male,64,82,68,8.33,50,97,83,5,1,17,1,62,1,Yes,1,9.49
177,Female,72,95,82,6.7,75,93,69,5,1,19,2,92,3,No,0,0.0
178,Male,68,62,69,7.33,57,57,85,3,4,12,0,94,1,No,0,0.0
179,Male,75,63,95,7.46,58,49,77,4,1,6,5,72,0,Yes,1,9.94
180,Female,56,89,67,7.31,64,85,96,4,2,3,1,82,2,No,1,4.34
181,Female,82,57,91,7.72,85,97,97,0,1,7,3,97,4,Yes,0,0.0
182,Female,81,60,93,6.11,86,60,64,5,4,2,3,85,3,Yes,0,0.0
183,Male,79,56,88,9.78,45,63,59,4,0,12,2,60,0,No,0,0.0
184,Female,83,55,80,7.23,59,46,44,0,2,6,2,86,5,Yes,0,0.0
185,Female,57,81,71,9.11,91,48,93,5,3,8,4,84,1,No,1,8.64
186,Female,79,83,85,8.61,90,55,56,3,1,17,1,61,0,Yes,0,0.0
187,Male,85,75,89,7.38,89,99,89,0,3,5,3,94,3,Yes,0,0.0
188,Male,83,83,90,8.53,75,60,87,2,5,14,4,72,0,No,1,8.49
189,Female,89,83,95,7.74,79,49,48,1,2,8,3,98,5,Yes,0,0.0
190,Male,84,69,75,7.34,54,95,46,0,1,12,5,66,0,Yes,1,11.87
191,Male,60,72,56,5.84,95,63,84,5,5,10,3,83,4,No,0,0.0
192,Male,59,88,58,6.35,42,55,44,3,4,15,3,60,4,Yes,0,0.0
193,Male,67,92,67,7.79,52,42,89,2,5,24,0,97,0,Yes,0,0.0
194,Female,64,87,92,6.26,45,75,52,0,1,23,1,73,1,No,0,0.0
195,Female,51,64,55,9.43,58,77,40,2,1,8,2,98,1,Yes,1,7.6
196,Female,55,95,76,6.36,55,57,44,0,1,7,4,62,2,No,0,0.0
197,Female,71,77,88,6.92,48,59,63,4,2,3,3,61,3,Yes,0,0.0
198,Female,54,90,63,9.63,77,97,63,2,2,9,1,66,1,Yes,0,0.0
199,Female,58,52,74,8.69,78,74,98,2,2,11,4,90,1,Yes,1,9.56
200,Male,72,77,65,8.22,87,93,95,4,5,7,4,67,1,No,1,14.44
201,Female,77,84,59,9.53,97,76,64,3,2,19,3,66,4,Yes,0,0.0
202,Female,92,51,64,7.34,97,85,79,5,3,24,1,93,4,Yes,0,0.0
203,Male,50,80,54,7.55,98,93,50,2,5,16,5,68,3,No,0,0.0
204,Female,69,52,77,7.93,52,73,86,0,1,19,1,99,0,Yes,0,0.0
205,Female,87,57,53,7.4,82,73,47,0,3,23,5,99,3,Yes,0,0.0
206,Male,93,76,72,7.48,44,64,68,2,2,3,3,61,0,No,1,12.72
207,Female,94,73,92,9.02,93,41,60,4,0,14,5,88,1,No,1,10.34
208,Male,84,70,52,6.16,62,61,64,3,3,22,4,76,1,Yes,0,0.0
209,Male,57,53,82,9.21,40,65,40,4,2,17,2,68,3,Yes,0,0.0
210,Male,95,94,56,7.88,85,59,40,0,0,7,3,62,1,Yes,0,0.0
211,Male,62,83,67,6.43,89,42,54,4,1,23,5,61,4,No,0,0.0
212,Male,73,85,59,6.96,45,91,84,4,1,21,1,72,5,No,0,0.0
213,Male,58,71,92,7.86,49,82,67,5,0,20,5,61,1,No,1,8.47
214,Female,68,71,84,5.67,63,93,82,2,3,23,4,67,5,No,0,0.0
215,Male,50,68,62,6.17,61,75,79,5,5,8,5,61,0,Yes,1,8.75
216,Female,84,56,57,8.16,69,64,77,3,5,10,3,75,5,Yes,0,0.0
217,Female,90,95,73,6.76,81,79,85,4,2,4,3,70,1,Yes,1,3.62
218,Male,56,56,82,5.77,71,71,70,2,1,10,0,97,1,No,0,0.0
219,Male,51,90,56,5.89,79,92,63,1,2,10,1,70,5,Yes,0,0.0
220,Female,68,90,95,6.34,65,83,61,4,3,14,4,62,1,No,1,14.53
221,Male,77,59,57,7.85,70,61,80,2,1,4,3,63,0,Yes,0,0.0
222,Male,73,88,84,8.03,46,41,75,2,4,21,3,92,3,No,0,0.0
223,Female,62,69,56,5.6,60,40,76,5,5,23,1,86,2,Yes,0,0.0
224,Male,89,85,81,9.4,75,77,56,5,5,13,2,89,5,Yes,0,0.0
225,Male,59,69,92,5.9,46,82,94,0,4,7,2,80,3,No,0,0.0
226,Female,75,52,74,8.33,55,53,46,0,2,9,2,90,4,Yes,0,0.0
227,Female,52,74,66,7.85,98,66,42,0,1,19,1,61,0,No,0,0.0
228,Male,62,91,55,6.44,94,43,69,4,4,23,4,88,2,No,0,0.0
229,Female,68,75,54,7.2,70,44,77,4,2,0,0,69,3,Yes,1,8.72
230,Male,51,76,52,7.09,46,75,94,4,0,3,4,96,0,Yes,0,0.0
231,Female,81,75,91,6.89,64,67,99,2,3,23,3,81,0,No,1,14.61
232,Male,65,51,87,8.64,90,59,51,3,2,9,4,74,0,No,1,10.33
233,Female,66,57,80,7.65,57,73,94,5,4,6,2,78,5,No,0,0.0
234,Female,58,88,79,9.31,93,47,83,3,4,0,2,80,3,No,0,0.0
235,Male,53,65,94,6.07,40,68,93,1,5,8,1,94,0,No,1,10.98
236,Male,59,93,91,8.62,55,77,80,3,3,8,0,64,1,Yes,0,0.0
237,Female,66,61,57,8.38,51,65,81,4,3,16,4,70,2,No,1,10.46
238,Male,68,53,90,8.99,79,73,53,3,5,21,4,74,3,No,0,0.0
239,Female,56,94,55,7.12,80,69,89,5,1,9,2,96,5,No,0,0.0
240,Male,52,68,61,9.11,67,69,74,3,5,19,1,73,3,Yes,0,0.0
241,Male,61,60,83,6.01,42,85,66,0,3,6,2,73,4,Yes,0,0.0
242,Male,59,78,68,8.86,73,44,50,4,3,9,4,80,4,No,0,0.0
243,Female,58,87,57,8.36,93,72,62,2,1,7,5,79,5,Yes,0,0.0
244,Female,55,57,63,8.45,78,69,96,4,5,15,3,72,5,Yes,0,0.0
245,Female,71,78,84,7.26,59,55,93,3,4,16,4,63,0,Yes,1,6.73
246,Female,55,60,82,6.08,84,55,59,3,4,10,1,96,0,No,1,9.88
247,Female,58,76,84,9.34,61,96,44,2,4,6,2,93,4,Yes,1,9.34
248,Male,59,91,84,5.7,73,60,44,1,2,0,2,73,4,No,0,0.0
249,Female,93,59,81,7.58,81,53,82,4,5,24,4,84,4,No,0,0.0
250,Female,59,56,87,8.98,85,51,89,1,5,21,4,70,1,Yes,1,8.09
251,Female,50,65,89,9.31,82,71,70,0,1,24,4,74,0,No,1,5.74
252,Male,64,76,73,9.19,97,57,69,0,1,7,0,80,0,Yes,0,0.0
253,Male,92,70,87,7.4,87,61,94,3,3,7,0,80,4,No,0,0.0
254,Female,51,52,63,7.99,92,54,49,5,1,17,3,68,4,No,0,0.0
255,Male,72,87,78,7.26,99,99,85,0,0,17,5,81,0,No,1,6.32
256,Male,83,85,78,7.61,87,90,43,3,1,4,0,98,3,Yes,0,0.0
257,Male,56,63,83,5.57,55,69,76,0,0,18,0,67,2,Yes,0,0.0
258,Female,90,94,80,6.07,96,58,44,3,0,24,2,66,5,Yes,0,0.0
259,Male,81,73,51,8.66,53,90,69,5,3,3,0,78,5,Yes,0,0.0
260,Male,94,82,71,9.21,89,88,44,5,3,10,5,89,2,No,1,6.63
261,Male,52,76,92,6.69,56,95,92,1,4,16,4,93,2,No,1,6.9
262,Male,84,56,76,6.33,55,71,58,1,1,1,3,87,1,Yes,1,5.62
263,Female,55,50,64,7.07,93,91,51,2,4,15,0,77,4,Yes,0,0.0
264,Female,60,75,85,8.09,79,55,88,0,0,13,4,60,5,Yes,0,0.0
265,Female,93,69,68,7.09,66,71,72,2,4,0,3,80,4,Yes,0,0.0
266,Female,93,94,81,6.26,99,95,54,4,2,2,4,67,4,No,1,3.98
267,Female,94,79,58,8.05,51,65,46,1,0,19,4,69,1,No,0,0.0
268,Male,70,77,77,6.1,55,49,75,4,5,23,1,91,3,Yes,1,3.68
269,Female,57,59,74,7.64,92,49,68,5,2,6,3,78,0,No,1,4.92
270,Female,76,66,73,7.17,85,85,63,2,2,21,1,69,4,Yes,0,0.0
271,Female,59,62,94,7.14,96,71,46,1,2,0,2,68,0,Yes,0,0.0
272,Female,64,84,90,7.77,69,74,72,1,1,9,2,80,4,No,0,0.0
273,Female,74,53,82,5.92,95,94,95,0,1,2,3,70,1,No,1,8.17
274,Female,81,82,60,8.47,93,69,65,4,2,12,2,92,2,No,1,12.85
275,Male,91,58,80,8.54,52,52,88,0,1,2,1,99,1,Yes,1,10.11
276,Male,58,53,72,9.59,82,53,82,5,2,8,4,84,1,No,1,8.05
277,Male,70,88,52,6.18,93,63,95,4,1,17,0,87,1,Yes,1,6.57
278,Female,83,82,90,8.92,77,98,58,4,1,8,4,72,4,Yes,0,0.0
279,Female,55,88,69,9.15,71,49,58,0,5,6,3,83,3,Yes,0,0.0
280,Female,77,60,52,7.66,56,83,79,3,5,1,0,86,4,Yes,0,0.0
281,Male,90,54,52,7.39,60,82,67,3,1,4,1,97,0,No,1,12.33
282,Female,68,75,85,7.87,61,49,40,4,5,18,4,64,5,Yes,0,0.0
283,Male,84,50,66,7.31,82,48,89,0,1,4,1,89,3,Yes,0,0.0
284,Male,64,63,66,7.56,41,67,47,2,4,15,5,73,2,No,0,0.0
285,Female,89,90,52,9.03,80,40,43,0,3,13,5,69,5,Yes,0,0.0
286,Female,54,58,62,7.26,65,76,42,1,3,18,0,69,3,No,0,0.0
287,Female,67,68,56,5.5,40,56,46,0,1,11,3,81,2,Yes,1,5.97
288,Male,52,90,56,7.8,86,77,62,5,0,21,1,78,1,No,0,0.0
289,Female,85,75,61,6.03,77,81,98,2,1,22,5,86,4,No,0,0.0
290,Male,56,69,86,8.37,85,48,78,0,0,22,1,63,0,No,0,0.0
291,Male,61,81,88,7.37,80,64,89,5,4,21,2,84,3,No,0,0.0
292,Female,70,53,58,7.17,47,56,49,3,0,3,5,95,2,No,0,0.0
293,Male,79,95,73,7.03,88,57,41,2,0,19,1,92,1,No,0,0.0
294,Male,68,90,84,7.17,54,44,77,4,4,20,2,89,0,No,0,0.0
295,Male,56,95,90,8.45,58,58,69,5,1,20,4,89,2,Yes,0,0.0
296,Female,89,72,65,9.21,92,84,86,5,3,15,5,81,0,Yes,1,9.61
297,Female,50,76,74,5.64,91,77,67,1,3,11,0,79,2,Yes,0,0.0
298,Female,82,65,50,9.5,71,49,66,0,0,2,4,87,4,No,0,0.0
299,Male,90,64,85,5.75,72,77,91,0,2,2,5,89,5,No,0,0.0
300,Female,80,79,52,9.47,41,73,77,0,0,13,2,64,5,Yes,0,0.0
301,Male,78,57,78,7.62,91,98,86,1,5,22,4,92,2,Yes,1,14.07
302,Male,78,58,86,5.91,75,52,73,0,0,20,2,66,0,Yes,0,0.0
303,Female,75,70,64,6.16,43,69,57,0,0,2,1,83,5,Yes,0,0.0
304,Male,79,65,94,8.71,78,75,52,3,5,0,5,76,3,Yes,0,0.0
305,Female,64,65,68,8.83,92,87,78,5,5,9,2,96,2,Yes,1,4.38
306,Male,75,84,70,9.29,73,97,74,3,4,9,0,84,2,Yes,1,5.97
307,Female,59,75,81,6.44,73,69,90,5,3,19,2,75,5,Yes,0,0.0
308,Male,53,57,56,8.32,90,71,65,5,2,17,0,69,4,No,0,0.0
309,Male,53,53,52,9.38,78,71,98,5,1,12,2,73,0,Yes,1,8.3
310,Female,92,80,79,9.77,80,43,40,0,2,1,1,81,1,No,0,0.0
311,Female,60,95,50,7.35,59,87,76,0,5,17,5,65,4,Yes,0,0.0
312,Male,56,63,65,6.16,45,81,73,3,2,12,3,68,2,Yes,1,10.78
313,Female,64,76,92,6.42,89,71,86,3,5,3,0,90,0,Yes,0,0.0
314,Female,86,80,61,6.41,65,68,93,0,0,5,4,67,3,Yes,0,0.0
315,Male,79,54,80,8.3,85,48,57,4,5,4,0,68,1,No,0,0.0
316,Male,72,67,59,8.16,54,67,92,0,5,17,3,65,2,Yes,1,9.92
317,Male,83,93,94,9.18,58,62,83,1,2,17,0,81,2,Yes,1,13.76
318,Female,65,68,78,7.92,51,79,83,2,2,2,3,93,3,No,0,0.0
319,Female,90,83,77,8.79,96,64,81,3,4,17,1,83,4,No,0,0.0
320,Male,84,89,87,6.99,50,64,58,4,5,1,1,88,2,Yes,0,0.0
321,Male,82,79,61,8.98,88,82,51,0,0,14,0,82,2,Yes,0,0.0
322,Female,95,56,80,9.46,67,97,52,0,3,2,0,99,3,No,0,0.0
323,Male,81,94,76,6.8,55,41,90,3,0,24,1,93,3,Yes,0,0.0
324,Female,79,57,61,7.42,74,96,86,0,2,4,4,62,4,No,0,0.0
325,Male,84,86,88,5.61,41,55,63,5,4,1,0,73,3,No,0,0.0
326,Female,60,88,94,7.0,46,59,87,5,2,3,0,64,4,Yes,0,0.0
327,Male,72,53,76,6.54,42,64,92,2,2,24,1,70,0,Yes,1,4.9
328,Female,80,51,50,9.27,87,91,64,5,0,1,0,80,3,Yes,0,0.0
329,Male,91,73,89,7.6,66,76,49,3,5,17,5,86,4,No,0,0.0
330,Female,88,85,84,5.56,60,52,89,2,4,0,5,65,0,No,1,10.99
331,Male,91,77,84,8.0,71,60,69,1,3,23,4,84,3,No,0,0.0
332,Female,93,76,95,8.94,88,93,60,3,2,15,0,77,0,No,1,12.39
333,Female,59,57,94,6.28,85,75,41,2,2,6,0,93,2,No,0,0.0
334,Male,51,56,86,5.64,50,91,81,2,1,11,3,71,0,Yes,1,11.25
335,Male,86,56,72,6.88,81,93,90,0,3,5,5,74,0,Yes,1,7.68
336,Male,91,94,73,8.24,64,46,78,0,4,18,1,92,4,Yes,0,0.0
337,Female,55,63,53,6.38,64,49,74,1,1,9,3,83,1,Yes,0,0.0
338,Male,90,68,85,5.64,89,42,97,5,4,7,4,95,1,No,1,10.67
339,Female,75,58,56,6.22,89,92,91,2,1,4,3,93,1,No,1,12.52
340,Female,93,78,78,9.8,68,89,90,1,1,12,3,97,5,No,0,0.0
341,Female,61,93,86,6.47,67,91,69,1,3,0,4,89,1,Yes,1,6.07
342,Female,89,68,72,8.36,64,43,82,1,2,2,5,60,1,No,1,12.22
343,Male,71,92,74,8.94,58,93,58,5,4,19,5,84,1,No,1,4.3
344,Male,55,84,83,8.42,74,99,84,1,1,18,5,75,1,No,1,5.16
345,Male,74,81,84,8.07,88,91,71,4,3,2,2,68,0,No,0,0.0
346,Female,82,55,61,8.16,63,74,58,5,1,24,0,79,5,No,0,0.0
347,Female,71,95,51,8.26,53,85,54,0,5,19,5,68,3,No,0,0.0
348,Male,63,52,82,8.78,82,44,77,0,4,14,5,97,0,No,0,0.0
349,Male,83,68,88,9.02,40,42,51,1,5,20,2,78,4,No,0,0.0
350,Female,94,52,86,7.02,62,76,87,3,5,19,5,75,4,No,0,0.0
351,Female,60,61,50,5.83,60,48,96,2,4,4,3,98,1,No,1,11.14
352,Female,88,75,57,9.18,50,74,47,5,4,13,1,65,1,Yes,1,6.75
353,Female,92,90,82,8.56,97,80,58,2,3,1,3,72,5,No,0,0.0
354,Female,53,62,51,8.96,78,54,72,5,3,7,3,71,1,Yes,1,10.36
355,Female,70,84,91,9.03,73,56,46,0,0,20,2,83,5,Yes,0,0.0
356,Female,58,78,73,8.28,87,52,82,2,2,7,1,76,3,Yes,0,0.0
357,Female,63,67,59,9.43,43,96,45,4,3,20,1,85,2,No,1,7.96
358,Female,87,91,94,5.56,43,53,81,0,3,9,1,63,1,Yes,0,0.0
359,Female,78,90,86,6.51,81,67,78,4,3,13,0,88,4,No,0,0.0
360,Male,54,84,68,5.99,90,72,67,5,0,16,2,69,5,No,0,0.0
361,Female,66,82,63,8.94,81,45,75,3,3,6,4,60,5,No,0,0.0
362,Female,89,92,57,7.71,67,86,93,0,2,3,4,87,5,No,0,0.0
363,Male,56,85,95,8.35,62,64,73,4,1,21,1,60,5,No,0,0.0
364,Female,87,63,59,5.63,71,80,98,3,5,7,3,99,3,No,0,0.0
365,Male,91,93,65,9.66,74,68,54,3,4,12,0,69,2,No,1,3.66
366,Male,78,70,67,8.15,55,74,90,1,3,15,3,81,2,Yes,1,8.08
367,Male,81,56,83,7.53,53,80,49,0,4,18,0,81,4,Yes,0,0.0
368,Male,59,52,68,5.86,48,75,89,5,0,8,2,71,2,No,1,6.62
369,Male,50,51,55,5.92,53,89,53,1,4,1,2,92,2,Yes,0,0.0
370,Female,68,76,67,7.95,58,66,66,3,5,14,1,69,3,Yes,0,0.0
371,Female,79,63,85,8.55,70,92,78,4,1,3,5,94,5,No,0,0.0
372,Female,52,67,55,9.27,65,90,83,1,1,0,4,64,4,No,0,0.0
373,Male,83,78,79,7.47,47,71,71,5,0,20,2,72,4,No,0,0.0
374,Male,57,92,67,5.62,54,62,83,5,4,18,5,72,1,No,0,0.0
375,Female,61,53,57,9.69,48,45,94,1,4,1,1,79,4,No,0,0.0
376,Female,94,59,79,6.45,49,47,62,5,1,16,0,86,0,No,0,0.0
377,Male,85,91,87,7.88,99,63,43,3,0,0,5,81,1,Yes,0,0.0
378,Male,79,72,72,8.46,77,81,92,1,5,16,4,70,1,No,1,4.06
379,Male,83,86,51,6.63,49,55,92,2,3,8,2,83,4,No,1,4.97
380,Male,66,50,68,7.26,98,71,69,5,0,10,4,74,1,Yes,1,5.23
381,Female,91,89,74,5.99,88,80,54,3,5,3,0,63,5,Yes,0,0.0
382,Male,52,74,63,7.6,43,48,61,4,3,24,4,89,3,Yes,0,0.0
383,Male,56,61,52,7.29,64,98,84,3,5,22,0,68,1,Yes,1,13.92
384,Female,86,63,73,9.3,73,70,42,0,1,0,1,64,3,No,0,0.0
385,Female,67,51,71,9.29,92,80,64,5,2,19,5,81,2,Yes,1,3.52
386,Female,94,51,89,8.41,64,63,64,4,4,19,2,99,1,Yes,1,11.73
387,Male,72,85,61,7.93,41,98,58,0,1,1,3,91,0,Yes,1,6.9
388,Male,69,90,95,7.36,53,62,96,3,0,3,1,90,2,No,1,12.48
389,Female,53,82,77,7.56,41,52,91,4,3,7,4,93,3,Yes,0,0.0
390,Female,54,65,64,9.16,76,68,48,3,0,21,5,97,2,Yes,1,3.01
391,Female,87,81,89,9.19,82,56,41,4,5,22,3,86,2,No,0,0.0
392,Female,87,89,72,8.09,77,50,83,1,3,13,1,85,1,No,0,0.0
393,Male,81,62,67,6.31,66,73,89,4,0,20,2,86,1,Yes,1,4.44
394,Male,65,95,80,5.87,60,78,42,1,0,3,1,63,3,Yes,0,0.0
395,Male,65,74,84,7.54,65,61,63,4,2,18,5,96,0,No,1,5.11
396,Female,90,60,92,8.25,58,69,53,4,0,19,4,70,1,Yes,1,14.91
397,Female,70,54,79,9.35,54,66,92,0,4,19,0,74,2,No,1,14.15
398,Female,86,65,59,5.77,66,94,95,0,4,5,5,99,0,Yes,1,11.47
399,Female,61,60,52,9.47,44,97,70,5,0,11,2,92,4,No,0,0.0
400,Male,53,88,84,5.69,70,67,81,3,5,19,2,74,5,Yes,0,0.0
401,Male,71,63,80,6.07,90,80,68,3,0,24,4,96,2,No,1,12.93
402,Female,60,51,92,5.85,70,59,49,2,0,18,0,93,4,Yes,0,0.0
403,Female,60,55,62,8.07,84,90,40,0,3,6,2,67,1,No,0,0.0
404,Male,53,56,78,7.23,88,83,48,1,3,22,4,78,1,No,1,11.32
405,Female,84,67,68,7.25,64,92,77,1,1,12,5,88,4,No,0,0.0
406,Female,77,83,57,9.18,60,62,41,3,4,11,1,80,3,Yes,0,0.0
407,Female,61,68,53,8.95,89,88,57,0,1,20,2,70,1,No,1,14.21
408,Male,57,65,77,6.02,73,97,76,5,4,20,5,76,2,Yes,1,6.15
409,Male,70,88,69,9.47,60,78,74,3,3,18,3,64,5,Yes,0,0.0
410,Female,87,58,74,8.72,57,95,88,3,2,11,5,60,5,Yes,0,0.0
411,Female,60,95,59,6.98,45,49,64,0,5,8,4,91,0,No,0,0.0
412,Female,94,72,55,6.19,96,99,91,1,4,7,1,78,3,Yes,0,0.0
413,Male,61,55,57,9.56,47,46,46,2,4,4,1,69,1,No,0,0.0
414,Male,79,50,92,5.57,65,67,88,5,4,12,3,73,4,Yes,0,0.0
415,Male,93,50,73,8.85,71,53,49,3,4,9,5,60,3,Yes,0,0.0
416,Male,61,63,92,8.17,63,98,73,4,1,23,0,90,1,No,1,3.62
417,Male,82,64,61,9.04,98,41,56,5,5,6,1,94,1,Yes,0,0.0
418,Female,79,59,67,6.56,48,85,58,3,1,8,0,88,4,Yes,0,0.0
419,Male,70,86,76,7.36,97,78,99,4,0,5,5,60,5,No,0,0.0
420,Female,80,86,74,8.66,48,40,46,0,2,0,4,86,1,Yes,0,0.0
421,Female,67,54,80,5.61,86,99,75,3,0,2,0,91,1,No,1,7.46
422,Female,79,88,52,9.46,54,91,60,5,5,4,2,91,1,Yes,1,9.09
423,Female,65,74,82,7.37,84,80,75,3,1,19,3,73,1,No,1,10.56
424,Female,55,53,81,8.76,47,73,48,5,4,10,4,98,2,Yes,1,5.18
425,Female,73,94,50,6.73,86,95,80,1,5,1,4,85,5,No,0,0.0
426,Male,95,66,50,7.6,58,59,44,3,4,6,3,62,4,No,0,0.0
427,Female,56,73,89,5.86,65,80,50,5,3,19,4,69,0,No,1,8.59
428,Male,79,82,80,5.56,71,87,57,4,2,6,1,98,0,No,1,12.18
429,Female,82,68,57,7.17,73,44,58,0,5,11,3,70,4,Yes,0,0.0
430,Male,87,62,61,5.68,42,99,53,2,3,6,0,62,1,No,0,0.0
431,Female,54,85,77,6.48,80,53,94,2,5,12,5,80,4,No,0,0.0
432,Female,92,68,85,9.8,63,92,72,0,0,0,4,65,2,No,1,10.58
433,Female,54,89,94,6.75,69,92,57,4,3,24,4,90,4,Yes,0,0.0
434,Male,91,86,52,9.57,86,73,43,1,0,0,0,61,5,Yes,0,0.0
435,Male,51,70,52,7.57,95,87,49,0,0,6,2,73,2,Yes,0,0.0
436,Male,78,68,93,9.25,74,48,49,0,0,21,2,73,4,No,0,0.0
437,Male,92,57,69,5.95,43,59,72,3,1,23,3,78,0,Yes,1,6.29
438,Female,74,63,91,8.42,53,87,83,3,0,7,0,68,2,Yes,1,3.52
439,Male,83,82,62,6.74,56,40,91,4,0,18,0,86,5,No,0,0.0
440,Male,88,59,89,8.5,94,92,63,2,4,2,1,89,4,Yes,0,0.0
441,Female,83,94,57,9.49,72,49,48,2,5,17,4,92,0,No,1,14.37
442,Female,86,80,56,5.98,73,60,65,2,1,21,3,69,0,Yes,0,0.0
443,Male,55,71,87,8.22,92,78,41,0,1,16,3,79,1,Yes,1,5.43
444,Female,60,80,74,7.31,60,80,46,5,5,2,1,82,5,No,0,0.0
445,Female,89,92,72,6.53,92,81,52,3,4,15,5,80,5,Yes,0,0.0
446,Female,79,67,57,5.72,92,64,66,3,1,23,1,77,2,Yes,0,0.0
447,Female,64,50,92,6.93,77,64,92,1,4,4,5,73,4,Yes,0,0.0
448,Male,85,64,75,5.62,41,46,45,3,5,13,1,67,2,No,0,0.0
449,Male,81,84,94,6.29,52,95,46,0,0,0,1,98,0,No,0,0.0
450,Male,85,66,83,8.31,90,40,97,0,2,2,2,92,4,No,0,0.0
451,Female,89,50,68,6.62,78,72,97,3,0,10,4,64,5,No,0,0.0
452,Female,76,69,78,7.06,51,51,58,1,5,20,0,99,1,No,0,0.0
453,Male,84,87,52,6.26,95,92,90,5,1,4,5,94,5,Yes,0,0.0
454,Female,77,51,78,6.42,88,42,92,1,2,6,2,64,3,No,0,0.0
455,Male,60,61,83,7.67,73,62,49,2,3,22,2,67,0,Yes,0,0.0
456,Female,68,69,71,9.43,56,48,94,3,3,9,4,74,2,No,1,8.79
457,Female,70,75,92,6.2,80,48,73,4,3,9,5,84,0,Yes,1,12.71
458,Female,77,74,59,7.09,79,85,81,5,4,13,2,65,4,No,0,0.0
459,Female,60,64,54,5.68,83,85,65,4,4,1,1,69,3,No,0,0.0
460,Female,90,69,83,9.02,52,77,97,4,0,0,1,92,2,Yes,1,9.29
461,Female,73,78,64,5.92,40,46,52,0,5,16,1,80,1,Yes,0,0.0
462,Female,94,69,61,8.22,95,82,83,5,4,15,5,93,0,Yes,1,7.83
463,Female,57,91,85,9.48,74,41,48,5,1,7,3,97,2,No,0,0.0
464,Male,72,56,61,7.3,57,67,59,2,0,21,3,83,3,No,0,0.0
465,Female,74,62,71,8.58,96,61,74,2,0,11,2,61,1,Yes,1,11.93
466,Female,71,94,85,7.77,96,92,98,1,2,8,3,77,1,No,1,6.2
467,Female,80,77,64,7.12,93,69,64,0,1,3,5,89,3,No,0,0.0
468,Female,80,81,68,8.75,96,49,74,2,1,4,5,98,4,Yes,0,0.0
469,Female,73,92,88,6.95,92,55,49,4,4,23,5,93,5,Yes,0,0.0
470,Female,76,76,51,6.33,58,89,46,1,4,10,0,91,2,No,0,0.0
471,Female,79,83,76,6.1,87,70,64,5,5,24,0,64,3,Yes,0,0.0
472,Female,63,60,60,6.25,58,44,86,5,1,24,3,60,1,Yes,1,4.42
473,Male,83,57,87,6.62,96,41,44,3,0,10,3,78,3,No,0,0.0
474,Male,63,57,66,6.92,56,63,92,2,1,23,4,69,1,No,1,10.34
475,Male,85,61,80,8.72,49,94,59,3,4,6,4,60,0,No,1,12.97
476,Male,65,84,50,6.95,78,90,59,0,4,21,5,65,5,No,0,0.0
477,Male,90,66,53,9.67,90,75,94,1,1,11,1,98,0,No,1,9.62
478,Male,77,89,65,7.25,50,50,61,3,0,7,4,98,0,No,0,0.0
479,Female,85,64,56,7.69,70,96,62,4,2,12,4,62,4,No,0,0.0
480,Female,53,54,53,7.96,40,74,74,3,2,16,2,67,4,No,0,0.0
481,Male,91,93,77,5.91,72,80,56,4,0,22,0,72,0,No,0,0.0
482,Female,78,94,93,6.01,40,93,72,5,1,1,2,81,4,Yes,0,0.0
483,Female,83,75,86,8.88,74,68,77,4,3,15,3,88,1,No,1,6.44
484,Female,89,64,68,8.92,42,44,99,4,5,24,0,96,2,No,1,9.02
485,Male,76,66,65,7.27,93,81,99,2,0,21,4,75,2,Yes,1,10.35
486,Male,88,62,81,7.99,56,54,40,2,2,15,3,67,2,No,0,0.0
487,Male,51,69,80,8.41,49,93,80,5,5,1,1,60,0,No,1,4.59
488,Male,77,81,64,8.63,58,47,99,0,0,19,2,73,0,No,1,11.78
489,Male,56,82,77,6.23,88,85,68,1,5,19,4,79,3,No,0,0.0
490,Female,61,54,82,9.64,76,65,77,3,5,8,2,71,3,No,0,0.0
491,Male,52,57,72,7.2,92,74,76,4,2,2,4,70,0,No,1,6.9
492,Male,86,79,58,7.34,51,50,96,2,1,10,2,67,2,No,1,11.28
493,Male,89,93,74,8.59,49,98,74,4,0,23,3,73,3,No,0,0.0
494,Female,54,74,91,7.37,53,70,52,0,4,6,3,96,4,No,0,0.0
495,Male,70,53,61,9.25,41,87,70,5,2,3,1,75,1,No,1,5.36
496,Female,76,56,56,7.55,41,42,91,2,3,18,1,73,4,No,0,0.0
497,Female,52,76,82,8.78,85,82,97,2,1,12,1,63,0,No,1,6.53
498,Male,50,63,74,9.61,86,83,95,1,5,15,1,99,0,No,1,8.05
499,Male,84,70,71,9.76,57,65,62,0,5,21,3,65,1,No,1,12.41
500,Female,80,76,58,9.58,67,61,48,5,5,3,1,88,3,Yes,0,0.0
501,Male,88,77,61,5.98,83,44,75,0,1,20,4,75,0,Yes,0,0.0
502,Male,67,78,78,7.49,87,57,67,1,1,19,2,87,0,Yes,0,0.0
503,Female,73,58,73,8.13,74,78,51,5,1,19,0,80,5,Yes,0,0.0
504,Male,51,56,87,5.8,87,65,56,2,2,3,3,94,2,Yes,0,0.0
505,Male,72,75,62,6.86,56,86,69,5,5,11,4,87,1,Yes,1,8.81
506,Male,64,82,90,8.1,62,69,67,2,3,4,1,99,1,No,1,13.22
507,Female,74,75,62,6.76,66,86,78,4,3,21,4,97,1,No,1,9.52
508,Male,80,82,89,5.51,92,56,78,4,2,19,4,63,5,No,0,0.0
509,Female,58,64,69,8.37,59,99,49,1,3,24,5,99,4,No,0,0.0
510,Male,68,55,84,6.91,50,48,80,0,1,8,1,97,5,No,0,0.0
511,Female,95,54,68,6.7,95,46,90,1,1,7,5,86,0,No,1,9.84
512,Female,58,60,74,6.37,71,82,83,1,5,4,0,93,1,Yes,1,10.41
513,Female,86,60,69,8.04,75,96,53,3,2,14,4,78,5,Yes,0,0.0
514,Male,71,58,90,6.04,73,48,69,1,1,21,0,71,1,Yes,0,0.0
515,Male,74,80,88,6.36,60,60,50,0,2,17,5,69,2,Yes,0,0.0
516,Female,68,79,71,6.73,98,92,47,0,0,8,1,90,3,Yes,0,0.0
517,Female,92,71,91,7.76,70,98,80,2,1,16,1,71,5,No,0,0.0
518,Female,80,69,74,7.84,46,82,49,3,1,24,4,87,1,Yes,1,12.34
519,Female,85,58,82,8.78,80,57,55,1,4,7,1,75,5,Yes,0,0.0
520,Female,85,82,84,8.6,96,63,63,5,3,23,2,71,2,No,1,10.81
521,Female,81,55,92,8.1,96,93,62,1,4,13,5,73,2,No,1,4.03
522,Female,78,62,92,8.13,62,54,44,3,4,13,4,90,0,Yes,0,0.0
523,Male,63,74,50,9.75,88,46,75,4,3,2,2,66,4,No,1,8.8
524,Male,89,64,68,7.77,60,81,83,1,2,18,5,75,5,Yes,0,0.0
525,Male,53,62,58,7.3,63,76,87,2,5,15,1,74,5,No,0,0.0
526,Female,73,70,51,9.16,43,44,42,4,5,12,3,91,3,No,0,0.0
527,Male,95,88,54,9.56,66,51,43,5,5,19,5,83,3,No,0,0.0
528,Male,66,63,75,5.58,41,76,81,4,0,18,1,65,2,Yes,1,11.03
529,Female,72,82,95,9.0,66,58,74,1,0,9,0,71,2,No,0,0.0
530,Male,56,82,62,7.32,86,75,90,0,4,7,0,67,0,No,0,0.0
531,Male,62,95,77,9.45,42,76,56,4,3,12,3,88,4,No,0,0.0
532,Male,86,79,70,8.81,60,53,64,4,2,3,0,89,1,Yes,1,9.11
533,Male,53,77,68,6.58,70,51,81,5,4,8,5,86,2,No,1,4.81
534,Female,78,81,80,7.97,90,98,71,5,0,21,4,82,5,No,0,0.0
535,Female,70,78,53,6.13,66,52,81,1,0,9,2,93,5,Yes,0,0.0
536,Female,51,52,90,5.53,73,93,40,4,2,8,5,61,4,No,1,12.96
537,Male,75,78,80,8.24,95,95,52,0,2,8,3,91,1,Yes,1,3.75
538,Female,81,60,93,7.72,43,42,58,0,2,17,5,81,4,No,0,0.0
539,Female,86,73,52,9.13,69,44,58,1,5,20,3,86,2,No,0,0.0
540,Male,84,55,94,9.2,96,62,68,5,3,23,1,68,4,No,0,0.0
541,Male,82,56,80,7.98,52,45,50,0,4,6,3,68,0,Yes,0,0.0
542,Male,92,86,56,6.34,57,69,82,3,5,14,3,62,4,No,1,7.26
543,Male,72,70,59,8.75,93,45,47,4,1,8,2,92,0,Yes,0,0.0
544,Male,90,70,68,6.94,71,70,90,4,2,11,3,71,2,Yes,0,0.0
545,Male,64,52,95,9.57,63,82,71,4,4,21,2,91,3,Yes,1,13.02
546,Female,64,92,74,7.08,83,79,41,1,1,0,5,66,2,No,0,0.0
547,Male,71,60,53,6.35,90,51,68,4,1,11,1,83,1,No,0,0.0
548,Male,81,53,74,8.72,72,72,96,5,0,14,1,76,1,Yes,1,10.27
549,Male,57,65,66,9.44,74,44,48,3,2,7,2,75,4,No,0,0.0
550,Male,84,60,62,7.75,75,98,95,0,2,8,3,79,1,Yes,1,9.56
551,Female,78,87,64,7.22,60,91,46,1,5,24,1,81,4,No,0,0.0
552,Male,73,67,62,7.63,72,94,79,5,0,22,3,70,2,Yes,1,14.68
553,Female,63,65,95,7.87,51,42,86,4,2,0,3,79,3,No,0,0.0
554,Male,78,59,62,7.13,99,50,79,4,3,24,0,74,4,Yes,0,0.0
555,Male,52,89,65,6.63,64,75,48,2,4,8,4,99,1,No,0,0.0
556,Female,80,79,51,9.16,63,48,59,0,0,3,5,79,4,No,0,0.0
557,Female,84,93,60,8.82,91,96,69,0,3,24,1,84,4,No,0,0.0
558,Male,58,68,89,8.82,93,51,61,2,1,16,5,85,2,Yes,1,3.52
559,Female,80,60,58,6.63,75,68,93,4,1,24,3,94,5,No,0,0.0
560,Female,58,76,76,9.48,78,45,48,3,3,13,2,81,1,Yes,0,0.0
561,Female,72,72,89,9.57,99,64,72,2,3,23,1,62,0,Yes,1,8.81
562,Male,79,59,79,5.84,91,48,89,3,3,9,5,97,2,No,1,3.73
563,Female,95,60,91,5.58,85,88,58,4,1,11,4,73,0,Yes,1,14.26
564,Female,93,53,95,7.04,92,87,86,1,4,10,1,77,2,No,1,3.15
565,Male,94,76,74,8.47,96,54,85,5,4,21,3,89,5,No,1,13.49
566,Male,92,94,66,6.17,70,41,59,3,1,12,4,71,0,Yes,0,0.0
567,Male,67,62,69,5.63,77,95,94,4,0,3,2,65,2,Yes,1,5.47
568,Male,50,56,52,6.76,72,42,90,3,4,16,1,62,2,No,0,0.0
569,Female,88,95,58,7.9,85,90,40,5,0,22,0,95,3,Yes,1,10.4
570,Male,94,51,56,5.99,81,88,62,5,2,4,5,74,3,Yes,0,0.0
571,Male,91,90,63,7.21,86,92,75,4,4,16,0,69,5,No,0,0.0
572,Female,86,59,50,8.04,59,95,93,4,0,10,1,60,0,No,1,11.33
573,Male,64,84,65,6.71,95,45,61,0,0,16,4,76,0,No,0,0.0
574,Male,58,91,55,6.66,76,62,52,0,5,17,0,92,4,Yes,0,0.0
575,Male,82,78,67,5.99,52,62,66,0,4,15,1,69,1,Yes,1,13.95
576,Female,70,62,61,8.02,99,82,87,3,5,0,1,78,0,Yes,1,13.29
577,Female,94,82,60,9.2,57,62,67,5,4,22,4,83,5,No,0,0.0
578,Female,68,79,81,7.41,51,59,89,2,4,8,0,67,5,Yes,0,0.0
579,Male,89,94,84,9.19,85,93,73,4,2,19,2,60,5,No,0,0.0
580,Male,83,58,68,7.1,45,52,45,4,5,11,1,64,2,No,0,0.0
581,Male,86,51,55,9.03,85,73,86,1,3,9,4,99,2,No,1,6.16
582,Female,77,54,53,7.2,58,92,41,3,2,24,1,97,3,No,0,0.0
583,Male,91,58,89,8.44,94,83,40,1,1,10,3,71,3,Yes,0,0.0
584,Female,72,92,52,5.59,65,40,40,3,5,4,0,87,0,No,0,0.0
585,Female,55,86,95,6.35,52,45,88,0,5,14,3,65,1,Yes,0,0.0
586,Male,67,90,59,9.65,64,94,57,1,0,6,4,95,4,Yes,0,0.0
587,Male,56,51,64,6.11,69,93,51,3,0,17,0,64,3,Yes,0,0.0
588,Female,65,85,54,9.34,99,60,51,4,0,22,3,77,0,No,1,5.23
589,Male,73,58,57,9.46,48,75,57,1,0,5,4,91,2,Yes,0,0.0
590,Male,81,69,70,8.55,82,84,46,4,3,0,4,97,5,No,0,0.0
591,Male,68,91,58,6.14,47,83,45,4,0,8,1,72,4,Yes,0,0.0
592,Female,58,93,59,7.7,49,67,76,0,0,17,1,80,3,Yes,0,0.0
593,Male,93,58,75,7.51,84,65,75,4,4,15,2,93,0,No,1,10.07
594,Male,58,83,84,6.78,61,50,58,1,1,16,0,89,1,Yes,0,0.0
595,Male,62,61,69,7.57,90,92,84,4,2,0,1,75,0,No,1,7.08
596,Female,75,91,54,9.42,91,79,60,3,3,13,2,66,3,Yes,0,0.0
597,Male,88,88,84,6.45,43,88,43,5,4,15,1,62,0,Yes,1,3.51
598,Female,81,78,84,7.81,62,49,99,3,1,14,4,79,0,Yes,1,9.54
599,Female,91,87,91,7.49,96,67,97,0,3,0,0,85,2,No,1,3.59
600,Female,57,80,67,9.69,90,60,76,5,3,1,4,86,2,Yes,1,10.63
601,Male,77,65,64,9.63,58,60,85,3,4,24,5,62,5,No,0,0.0
602,Female,81,79,82,5.57,59,94,48,0,4,20,4,95,5,Yes,1,14.52
603,Male,81,86,59,8.54,68,76,50,4,4,4,5,70,3,No,0,0.0
604,Male,94,76,88,9.69,90,95,57,1,2,6,3,96,4,No,0,0.0
605,Female,74,87,81,7.47,76,55,52,3,3,19,5,61,0,Yes,1,3.58
606,Male,74,54,74,9.62,45,49,76,4,2,22,3,93,1,Yes,0,0.0
607,Female,51,52,58,7.51,64,42,90,0,4,11,5,85,0,No,1,11.98
608,Male,53,92,55,6.08,63,68,46,5,2,5,5,86,0,Yes,1,3.13
609,Male,72,93,58,7.39,56,72,58,0,0,3,4,66,1,Yes,0,0.0
610,Female,50,93,92,6.43,72,97,72,4,4,23,5,85,2,Yes,1,12.34
611,Female,83,89,69,8.49,92,69,43,4,3,7,4,74,5,No,0,0.0
612,Male,59,88,60,6.28,72,45,88,5,5,1,1,83,0,No,1,10.09
613,Female,66,54,52,5.51,44,65,67,1,3,19,5,71,0,Yes,0,0.0
614,Female,90,76,66,7.7,83,47,69,2,1,18,5,83,4,Yes,0,0.0
615,Female,72,74,65,7.75,47,59,85,0,3,2,5,98,5,No,0,0.0
616,Male,86,85,53,5.88,58,89,97,0,4,15,2,84,0,Yes,1,6.71
617,Female,77,57,77,5.58,67,65,96,4,4,23,2,82,0,Yes,1,13.92
618,Female,83,64,75,6.44,45,45,86,5,0,4,2,95,2,No,1,8.01
619,Male,87,69,88,6.42,58,76,46,4,4,8,4,99,1,No,0,0.0
620,Female,66,74,52,6.72,74,92,72,2,2,13,1,77,3,Yes,0,0.0
621,Male,81,83,60,9.03,48,67,91,1,2,9,5,93,5,Yes,0,0.0
622,Male,88,62,57,7.05,71,74,58,4,0,13,3,87,4,Yes,0,0.0
623,Female,74,71,52,6.35,92,98,53,1,5,10,5,88,1,No,1,4.36
624,Male,82,61,94,9.05,78,77,91,5,0,21,0,98,4,No,0,0.0
625,Female,56,76,85,6.17,59,51,56,1,5,2,4,92,4,No,1,14.61
626,Female,92,67,63,6.2,47,99,91,3,3,16,5,78,1,No,1,11.88
627,Male,89,60,61,7.68,66,55,60,4,1,2,4,60,0,No,1,13.35
628,Male,52,77,72,7.64,95,72,99,4,4,15,3,73,4,No,0,0.0
629,Female,65,57,54,5.87,55,76,40,1,4,19,1,72,3,Yes,0,0.0
630,Female,94,66,92,6.8,50,71,48,5,5,2,4,81,3,No,0,0.0
631,Male,71,59,89,7.68,83,80,86,3,0,21,1,76,5,No,0,0.0
632,Male,57,57,50,8.12,79,98,80,3,4,19,5,93,4,No,0,0.0
633,Female,70,50,83,7.12,86,90,41,2,3,22,2,88,0,Yes,1,9.72
634,Female,70,72,62,7.59,56,77,49,4,2,8,0,84,1,Yes,0,0.0
635,Male,73,88,84,6.7,88,43,84,5,3,24,5,87,3,Yes,0,0.0
636,Female,80,81,79,6.38,41,65,95,0,4,5,4,80,0,Yes,1,5.1
637,Male,81,52,75,6.69,72,53,98,1,1,11,3,96,3,No,0,0.0
638,Male,79,81,57,9.11,74,73,69,0,4,2,1,85,2,Yes,1,9.67
639,Male,91,51,87,7.83,56,68,54,3,2,9,4,71,2,No,1,11.88
640,Female,55,82,55,7.28,94,48,65,2,1,6,4,60,4,Yes,0,0.0
641,Male,77,51,83,7.93,93,92,55,0,5,23,2,82,0,Yes,1,13.39
642,Female,91,61,82,7.54,53,75,91,4,3,18,2,76,5,No,0,0.0
643,Female,66,54,87,8.18,73,55,50,5,0,4,4,82,2,No,1,8.14
644,Male,67,72,88,5.9,57,78,75,0,4,13,4,99,4,No,0,0.0
645,Male,74,61,77,9.51,96,56,91,2,2,12,4,65,2,Yes,1,9.56
646,Male,60,53,62,8.22,94,47,97,3,1,11,0,74,2,Yes,1,6.25
647,Female,59,50,83,9.51,60,63,77,0,2,7,4,99,4,Yes,1,11.51
648,Female,81,67,64,8.12,96,90,40,4,3,3,4,83,2,Yes,1,6.72
649,Male,75,76,73,6.37,52,40,42,4,2,1,2,92,0,Yes,0,0.0
650,Male,55,71,91,6.78,51,92,82,2,5,23,2,70,0,No,1,14.12
651,Female,70,86,52,7.73,89,62,75,1,2,24,2,73,4,No,0,0.0
652,Male,66,75,79,8.64,48,40,59,5,3,5,2,76,2,No,0,0.0
653,Female,94,79,72,8.72,97,64,75,2,0,10,3,70,4,No,0,0.0
654,Male,56,74,71,6.11,93,63,98,0,4,0,1,71,1,Yes,1,6.5
655,Female,61,85,53,9.24,87,74,93,4,5,0,3,95,3,No,0,0.0
656,Female,73,66,53,8.23,79,68,83,4,1,16,0,80,0,No,1,5.05
657,Male,56,76,68,7.57,42,72,57,0,3,13,5,64,4,Yes,0,0.0
658,Female,95,74,52,5.92,58,85,86,3,5,24,4,94,2,No,1,9.64
659,Female,83,87,68,7.07,84,59,59,5,4,21,4,79,3,No,0,0.0
660,Male,95,83,84,9.51,56,73,47,1,1,22,0,97,1,No,0,0.0
661,Female,61,88,85,8.23,44,98,50,0,0,17,1,90,1,Yes,1,9.51
662,Female,72,66,89,6.54,65,96,55,5,3,14,2,72,3,Yes,0,0.0
663,Female,86,79,53,6.58,64,95,45,0,3,2,0,81,3,No,0,0.0
664,Male,64,66,84,6.84,48,98,83,4,5,18,3,68,5,Yes,0,0.0
665,Female,75,54,85,6.27,58,81,64,5,4,22,2,81,2,Yes,1,3.83
666,Female,91,50,92,9.19,44,71,57,2,0,23,1,71,5,Yes,0,0.0
667,Male,84,89,79,5.76,78,53,77,2,2,7,2,76,4,No,0,0.0
668,Female,80,81,82,6.99,57,73,51,1,5,13,5,88,3,No,0,0.0
669,Female,88,64,51,6.22,75,68,78,0,5,9,0,83,3,Yes,0,0.0
670,Female,94,74,68,8.51,44,45,55,2,1,0,1,86,1,No,0,0.0
671,Female,89,62,93,8.43,98,69,98,3,5,5,4,78,0,No,1,3.46
672,Male,68,68,95,8.36,80,42,41,4,2,22,5,99,5,Yes,0,0.0
673,Female,75,92,89,9.0,44,45,95,3,5,19,0,85,0,No,1,6.94
674,Male,66,86,90,8.85,81,88,71,3,2,1,0,81,0,No,1,14.49
675,Female,70,91,67,8.13,98,86,66,1,1,8,3,93,5,No,0,0.0
676,Female,60,77,68,9.67,60,65,65,4,0,14,4,61,1,No,1,9.64
677,Male,61,62,73,9.06,49,69,98,5,3,19,0,90,1,No,1,13.17
678,Male,80,91,78,8.83,75,64,56,2,1,4,5,60,3,Yes,0,0.0
679,Male,69,88,90,5.69,75,45,60,2,4,20,2,88,3,Yes,0,0.0
680,Male,67,72,55,9.64,93,83,41,2,0,3,4,80,5,Yes,0,0.0
681,Female,94,65,65,8.7,89,78,86,4,1,24,5,83,4,Yes,0,0.0
682,Female,52,83,79,9.79,83,46,61,0,0,2,2,84,5,Yes,0,0.0
683,Male,88,63,62,6.7,62,85,85,4,3,4,1,64,4,No,0,0.0
684,Male,76,62,90,8.16,61,78,58,1,2,18,1,71,4,No,0,0.0
685,Male,79,75,75,6.68,51,75,71,2,4,12,5,79,3,Yes,0,0.0
686,Female,90,78,79,6.46,90,72,59,2,1,15,0,82,5,No,0,0.0
687,Female,81,91,61,6.78,75,86,60,3,2,2,2,64,0,Yes,1,13.8
688,Female,95,88,80,5.73,91,71,86,3,0,15,4,75,5,Yes,0,0.0
689,Female,82,88,55,7.19,74,70,54,0,1,3,2,97,3,Yes,0,0.0
690,Female,81,59,74,7.23,95,80,54,2,0,3,4,97,2,Yes,1,9.91
691,Female,76,77,55,9.17,71,81,51,1,5,1,1,85,1,No,1,11.71
692,Male,59,63,79,7.46,88,88,46,2,2,13,1,83,3,Yes,1,8.76
693,Male,91,61,50,9.5,61,98,60,5,1,3,3,67,0,Yes,1,6.72
694,Male,52,52,89,8.21,69,77,90,2,4,0,5,74,4,Yes,0,0.0
695,Male,68,55,95,6.19,63,69,81,4,2,4,3,78,2,Yes,1,12.52
696,Female,56,76,55,8.45,61,69,70,5,2,1,1,92,0,No,1,8.92
697,Male,72,55,78,7.93,76,89,62,1,3,23,1,60,2,No,1,9.0
698,Female,78,72,83,8.92,57,95,42,2,0,7,0,88,4,No,0,0.0
699,Female,91,72,77,5.66,71,87,40,1,3,9,1,65,5,No,0,0.0
700,Male,55,93,75,6.7,80,59,42,2,4,13,3,83,0,Yes,0,0.0
701,Male,55,60,65,7.5,47,51,40,0,1,11,3,71,0,Yes,0,0.0
702,Male,79,75,82,8.26,82,57,55,2,4,1,2,83,3,Yes,1,10.05
703,Male,56,60,70,5.64,80,85,47,2,2,18,5,70,4,Yes,0,0.0
704,Female,52,62,57,8.38,63,45,46,3,1,17,4,62,1,No,0,0.0
705,Male,76,62,59,8.29,91,98,93,2,5,1,5,67,0,No,1,8.74
706,Male,85,50,67,6.9,98,56,43,5,4,10,1,74,5,Yes,0,0.0
707,Male,58,57,58,5.5,98,46,61,3,1,24,4,74,2,No,0,0.0
708,Female,54,66,79,6.98,42,44,96,1,0,20,0,85,3,No,0,0.0
709,Male,95,76,58,5.95,50,57,59,0,4,20,1,78,5,No,0,0.0
710,Male,76,91,51,8.9,69,93,81,4,5,22,4,90,1,No,1,7.3
711,Female,89,62,77,7.09,74,72,94,3,5,24,3,68,2,Yes,1,14.59
712,Male,67,51,66,8.21,47,88,58,4,0,18,1,61,5,No,0,0.0
713,Female,75,55,91,9.29,53,71,89,4,2,15,3,82,5,Yes,0,0.0
714,Female,78,65,61,8.52,47,54,87,2,3,19,2,80,4,Yes,0,0.0
715,Female,77,76,92,7.5,76,68,71,1,1,23,3,74,2,No,1,11.88
716,Male,73,56,70,8.85,97,47,74,4,4,10,1,78,3,No,0,0.0
717,Female,50,92,56,8.58,47,55,66,4,1,17,2,90,1,Yes,1,8.91
718,Male,72,68,58,5.79,82,87,60,4,4,24,4,76,2,Yes,1,4.15
719,Male,72,95,67,8.35,43,54,97,3,1,14,3,78,1,No,1,8.71
720,Male,55,61,94,8.21,75,71,75,0,1,17,0,87,3,Yes,0,0.0
721,Male,94,70,68,8.64,57,88,74,1,1,23,0,62,4,Yes,0,0.0
722,Male,91,78,56,5.93,76,61,45,2,0,20,5,63,2,Yes,0,0.0
723,Female,56,70,86,5.85,69,40,92,2,5,20,1,99,3,Yes,0,0.0
724,Female,93,68,92,6.47,47,42,91,4,2,13,2,75,3,Yes,0,0.0
725,Female,59,66,60,6.91,84,48,74,1,5,20,4,78,0,No,0,0.0
726,Male,95,74,78,5.66,53,84,52,4,4,16,1,97,1,No,1,8.18
727,Male,68,51,94,9.65,47,46,62,1,2,2,4,90,2,Yes,0,0.0
728,Female,72,67,76,7.92,93,65,70,0,3,1,2,98,5,Yes,0,0.0
729,Male,69,62,69,8.2,45,90,81,3,3,8,0,75,4,Yes,0,0.0
730,Male,54,71,51,8.73,44,71,86,5,1,22,3,76,1,No,1,3.65
731,Male,90,80,50,7.14,69,90,84,2,2,17,4,70,2,Yes,1,7.5
732,Male,84,60,95,9.16,47,58,82,0,2,20,3,95,2,No,0,0.0
733,Male,88,54,71,7.72,52,83,75,2,0,3,0,84,1,Yes,1,8.9
734,Male,66,57,83,7.39,86,57,77,2,4,6,5,94,1,No,1,10.47
735,Female,60,83,51,8.58,76,87,53,2,5,9,1,81,4,No,0,0.0
736,Male,95,63,56,7.53,65,90,87,4,1,4,0,86,0,No,1,11.63
737,Male,80,53,93,5.94,75,42,50,1,0,17,3,83,0,No,0,0.0
738,Female,75,63,58,6.82,90,41,88,2,2,5,2,61,0,No,0,0.0
739,Female,61,71,94,5.97,91,52,98,0,0,23,2,82,0,No,0,0.0
740,Female,53,70,71,5.75,76,81,69,0,0,21,5,60,4,No,0,0.0
741,Female,89,95,65,6.16,53,70,60,4,3,6,3,79,4,Yes,0,0.0
742,Female,65,56,65,7.73,44,84,91,2,2,3,4,73,0,No,1,4.48
743,Male,56,89,55,6.59,56,96,76,4,5,7,2,85,5,Yes,0,0.0
744,Male,54,86,91,9.39,83,58,94,5,2,18,0,87,4,Yes,0,0.0
745,Male,65,53,88,9.11,63,85,47,5,3,16,3,71,3,Yes,0,0.0
746,Female,85,87,91,8.4,52,41,90,3,2,9,3,65,5,Yes,0,0.0
747,Male,64,64,66,9.66,46,80,88,2,5,1,0,98,5,Yes,0,0.0
748,Male,79,59,75,7.7,66,76,41,2,3,18,3,81,2,No,0,0.0
749,Male,54,51,91,7.2,70,44,55,3,2,8,5,89,0,No,1,8.44
750,Male,83,71,61,7.11,99,52,53,2,4,0,4,91,2,Yes,0,0.0
751,Male,64,87,67,6.71,71,94,79,0,2,10,4,63,1,Yes,1,4.96
752,Male,71,86,75,7.7,51,86,84,2,2,0,1,64,1,Yes,1,13.43
753,Male,75,74,93,9.29,65,78,49,4,4,11,4,78,5,No,0,0.0
754,Male,50,71,76,8.43,52,43,64,1,0,2,0,74,1,No,0,0.0
755,Male,69,86,72,7.17,49,77,73,3,2,18,5,72,3,No,0,0.0
756,Male,94,89,91,6.02,53,75,41,4,3,20,2,75,3,No,0,0.0
757,Male,83,91,73,8.92,92,82,82,2,4,13,2,70,4,Yes,0,0.0
758,Female,66,65,73,6.2,58,77,74,2,5,8,5,79,4,No,0,0.0
759,Female,95,62,73,7.98,85,68,95,5,0,6,3,69,5,Yes,0,0.0
760,Female,60,66,81,7.21,61,85,73,1,3,13,4,92,3,Yes,0,0.0
761,Male,91,58,86,6.6,41,57,93,3,1,6,2,86,5,No,0,0.0
762,Male,52,68,82,6.7,74,93,67,2,4,10,1,69,4,No,0,0.0
763,Female,53,68,73,6.2,81,67,64,0,3,21,4,60,3,No,0,0.0
764,Male,90,67,81,7.59,58,60,79,1,5,8,4,74,4,Yes,0,0.0
765,Female,82,62,54,7.64,49,76,85,0,0,23,1,95,1,No,1,14.31
766,Female,91,54,53,6.74,63,50,59,1,1,11,2,74,0,No,0,0.0
767,Male,59,57,75,9.67,82,99,95,3,0,4,2,78,4,Yes,0,0.0
768,Female,64,73,61,5.98,89,83,57,1,3,12,2,97,1,No,1,10.66
769,Male,84,66,70,7.23,50,47,88,4,0,24,0,78,4,No,0,0.0
770,Male,53,62,81,8.72,77,58,90,4,5,19,1,65,5,Yes,0,0.0
771,Male,54,57,68,6.8,81,50,51,3,4,6,2,75,4,Yes,0,0.0
772,Female,76,70,85,5.68,54,46,90,0,1,19,3,75,4,No,0,0.0
773,Male,74,87,65,7.76,49,51,63,3,4,15,1,95,4,Yes,0,0.0
774,Male,86,70,59,8.42,52,46,65,5,5,11,4,77,0,No,1,11.39
775,Male,67,65,70,6.39,57,70,83,3,4,21,1,78,1,No,1,10.7
776,Female,55,93,67,8.72,92,67,68,3,0,3,2,83,5,No,1,5.5
777,Female,94,78,89,6.02,68,99,50,0,2,5,4,72,3,No,1,9.84
778,Male,93,79,75,7.88,42,53,81,0,1,7,2,62,5,Yes,0,0.0
779,Male,77,83,91,9.79,69,79,55,2,4,18,2,62,1,No,1,14.93
780,Male,74,57,56,8.82,69,92,86,4,4,4,1,84,3,Yes,1,14.49
781,Male,91,93,88,7.75,55,54,52,2,0,13,5,88,2,Yes,0,0.0
782,Female,92,89,95,8.37,82,51,82,1,3,12,1,86,0,Yes,1,7.22
783,Female,82,72,91,9.39,87,71,55,5,2,5,4,76,0,No,1,12.27
784,Male,92,77,80,5.84,69,47,50,5,0,11,3,88,5,No,1,10.32
785,Male,59,95,95,7.67,63,77,45,0,1,2,4,80,3,Yes,0,0.0
786,Male,76,71,53,7.05,66,83,72,3,2,9,3,96,0,No,1,14.74
787,Female,52,66,93,5.57,40,67,78,4,3,11,0,68,4,Yes,0,0.0
788,Male,85,56,86,6.14,83,92,85,2,2,15,3,93,0,No,1,8.1
789,Female,59,57,69,6.16,49,95,40,2,4,21,5,66,1,No,1,13.44
790,Male,52,65,84,6.65,87,75,63,0,4,2,2,60,4,Yes,0,0.0
791,Female,85,80,71,8.29,77,72,48,2,5,23,0,79,3,Yes,1,12.73
792,Female,52,67,57,8.05,88,73,69,4,2,24,4,91,5,Yes,0,0.0
793,Female,94,68,83,8.42,61,61,56,4,1,18,2,72,3,Yes,0,0.0
794,Female,72,58,54,8.04,79,88,74,4,0,17,5,69,0,Yes,1,9.58
795,Male,76,88,53,7.64,73,47,91,1,2,12,2,87,3,Yes,1,10.66
796,Female,55,75,56,9.16,86,55,79,5,5,11,3,86,1,No,1,5.42
797,Female,90,56,51,7.61,97,96,68,5,1,5,3,66,0,Yes,0,0.0
798,Male,59,67,57,7.81,90,61,80,5,0,0,0,99,0,Yes,1,8.88
799,Male,70,72,79,7.26,58,59,95,1,5,7,3,97,3,No,1,11.96
800,Male,56,91,50,6.74,66,80,42,1,0,2,5,90,1,Yes,0,0.0
801,Male,89,71,63,7.13,88,88,77,1,1,9,4,82,5,Yes,0,0.0
802,Female,79,93,65,8.94,84,96,98,2,2,13,2,92,3,Yes,0,0.0
803,Female,74,59,54,9.0,57,44,83,0,4,23,3,67,2,Yes,1,10.28
804,Male,86,52,53,7.07,58,65,87,1,0,10,0,74,2,No,0,0.0
805,Female,62,74,65,6.27,58,64,67,1,5,7,0,89,5,No,0,0.0
806,Female,93,50,93,6.71,79,53,81,0,0,24,4,92,5,Yes,1,12.43
807,Female,71,91,89,9.22,65,50,95,5,2,17,1,87,4,No,0,0.0
808,Male,93,62,69,5.68,61,77,82,4,0,23,2,99,5,Yes,0,0.0
809,Male,60,68,82,9.67,49,51,57,5,3,18,3,66,3,Yes,0,0.0
810,Female,86,81,92,8.13,54,97,77,5,4,5,2,67,1,Yes,1,14.73
811,Male,86,85,89,7.84,75,51,90,5,1,10,5,60,3,No,0,0.0
812,Male,56,87,66,8.46,60,61,54,5,2,16,1,67,4,No,0,0.0
813,Male,85,79,87,5.81,43,54,50,5,3,11,5,75,5,Yes,0,0.0
814,Female,86,93,71,6.16,80,98,47,1,2,17,1,97,5,Yes,1,14.02
815,Female,70,66,62,8.37,67,88,98,2,0,0,1,94,2,Yes,1,3.83
816,Female,54,67,85,6.6,58,75,67,2,1,21,1,97,4,No,0,0.0
817,Male,64,82,53,7.98,76,76,80,3,0,11,4,65,5,Yes,0,0.0
818,Female,75,67,91,9.73,50,43,40,4,4,4,0,73,5,Yes,0,0.0
819,Female,53,93,87,9.06,65,41,65,3,2,17,4,66,5,No,1,13.29
820,Female,65,53,63,9.25,44,62,66,2,1,11,2,81,4,Yes,1,4.28
821,Female,57,53,61,7.87,78,81,90,2,0,8,5,92,0,Yes,1,8.87
822,Female,78,62,89,8.86,58,62,88,2,1,1,3,98,0,No,1,4.15
823,Female,55,74,50,6.58,53,50,71,0,0,13,3,98,2,Yes,1,5.59
824,Male,80,63,90,8.18,63,75,98,1,0,17,5,97,2,No,1,8.72
825,Male,95,51,64,6.78,53,74,98,0,5,16,5,61,2,No,1,10.61
826,Female,58,64,78,7.02,48,43,88,4,5,10,4,81,2,Yes,1,7.41
827,Female,68,78,83,6.83,58,53,49,0,4,8,0,83,5,Yes,1,8.2
828,Male,75,73,75,5.71,61,65,97,1,3,15,1,84,1,Yes,1,13.67
829,Male,54,54,67,6.02,60,94,75,2,0,9,0,84,1,No,1,6.77
830,Female,54,79,66,6.07,94,73,94,5,4,1,4,85,3,Yes,0,0.0
831,Male,84,71,65,7.4,98,83,63,4,3,15,1,93,0,Yes,1,9.06
832,Male,66,54,79,6.68,56,72,78,3,2,21,3,83,5,Yes,0,0.0
833,Female,55,54,86,7.47,48,95,93,0,3,5,2,60,0,No,1,3.34
834,Female,94,86,73,7.66,68,61,79,5,1,5,0,79,2,Yes,1,4.66
835,Female,78,91,93,6.42,71,88,82,2,5,3,3,66,2,Yes,0,0.0
836,Male,78,93,70,7.93,41,53,99,0,4,17,3,68,1,Yes,1,5.93
837,Male,61,80,52,9.55,46,48,91,5,1,10,1,91,1,No,1,4.56
838,Female,87,68,82,7.92,47,47,81,4,0,1,4,93,4,Yes,0,0.0
839,Male,70,58,57,7.13,41,47,67,0,2,8,4,66,5,No,1,4.07
840,Female,70,66,50,8.62,62,73,57,0,0,9,4,63,1,No,1,4.01
841,Male,77,69,66,5.53,94,67,52,3,4,6,5,82,5,No,0,0.0
842,Female,72,63,84,5.73,71,64,85,5,2,8,2,60,4,No,0,0.0
843,Female,71,56,86,7.66,63,66,42,5,5,3,2,83,4,No,0,0.0
844,Male,50,74,87,7.5,80,97,96,1,5,20,5,69,2,Yes,1,6.4
845,Female,78,52,82,7.12,73,95,44,4,4,17,4,87,4,No,0,0.0
846,Male,52,53,55,6.13,43,75,80,3,1,3,2,69,2,Yes,1,12.66
847,Female,92,89,84,5.61,62,93,41,4,3,21,4,86,5,Yes,0,0.0
848,Male,88,59,83,8.32,86,76,96,4,4,1,0,91,2,Yes,1,10.83
849,Female,88,93,62,8.77,87,65,77,2,3,8,5,61,5,No,0,0.0
850,Female,89,85,81,8.68,55,47,54,2,3,9,4,76,3,No,0,0.0
851,Male,83,50,89,7.58,45,77,94,1,4,9,1,62,2,Yes,1,12.59
852,Female,53,56,87,8.64,89,40,47,3,2,14,2,95,3,Yes,1,6.66
853,Female,66,88,61,6.11,84,40,54,0,5,23,1,98,4,No,0,0.0
854,Male,82,86,58,9.2,46,43,93,4,0,21,5,64,0,No,1,6.68
855,Female,59,95,94,8.8,58,47,81,3,4,8,5,87,2,No,1,3.33
856,Female,75,58,88,8.41,86,53,82,1,5,0,1,80,5,Yes,0,0.0
857,Female,57,88,56,9.31,75,63,91,3,5,23,4,94,1,No,1,12.46
858,Male,83,62,50,8.0,88,89,87,4,5,18,3,99,2,No,1,8.5
859,Male,79,55,86,5.85,67,77,81,2,2,2,4,93,4,Yes,0,0.0
860,Female,79,59,66,5.76,99,80,65,0,2,18,1,71,5,Yes,0,0.0
861,Male,84,65,50,9.15,45,55,55,5,5,24,1,80,0,No,0,0.0
862,Female,89,63,54,8.21,61,82,52,5,3,23,5,92,0,Yes,1,14.31
863,Male,93,93,86,6.13,88,46,92,5,4,15,1,61,2,Yes,0,0.0
864,Female,75,53,56,9.45,91,87,64,5,1,13,3,92,3,Yes,0,0.0
865,Female,51,90,74,9.69,61,64,77,0,2,14,0,65,3,Yes,0,0.0
866,Female,90,81,52,7.76,49,70,71,0,4,10,5,64,2,Yes,1,6.97
867,Male,92,76,61,6.82,82,81,51,2,0,19,1,68,1,Yes,0,0.0
868,Male,50,77,92,7.75,64,85,51,1,2,16,1,82,3,No,0,0.0
869,Female,75,90,63,7.47,55,87,56,5,0,24,0,98,3,Yes,0,0.0
870,Male,63,57,76,7.41,63,72,74,5,5,21,2,62,5,Yes,0,0.0
871,Male,64,57,66,5.69,65,82,78,3,3,14,1,90,4,No,0,0.0
872,Female,79,51,73,8.32,84,87,42,3,0,21,5,70,1,No,1,9.99
873,Female,56,68,80,6.72,66,41,67,1,4,11,3,98,3,No,1,6.13
874,Female,77,82,90,8.8,85,55,60,3,5,23,1,98,0,Yes,0,0.0
875,Male,90,91,60,9.34,49,49,57,1,4,21,2,69,5,Yes,0,0.0
876,Male,77,80,91,6.61,49,89,50,1,0,16,5,69,2,No,1,12.43
877,Female,82,75,60,6.36,95,68,93,1,0,6,4,78,4,Yes,0,0.0
878,Female,66,51,64,6.17,47,94,81,3,1,8,2,91,4,Yes,0,0.0
879,Female,78,93,91,7.71,57,55,78,5,4,11,5,90,3,Yes,0,0.0
880,Female,51,91,86,9.38,81,45,54,5,1,23,0,95,5,Yes,0,0.0
881,Female,74,62,68,9.5,89,84,76,4,3,1,0,91,3,Yes,0,0.0
882,Female,83,62,74,7.08,70,87,84,3,0,11,3,77,4,Yes,0,0.0
883,Female,92,71,85,8.75,80,49,47,3,5,9,5,67,5,No,0,0.0
884,Female,95,84,77,7.88,68,47,66,1,3,9,5,83,3,Yes,1,7.51
885,Female,70,68,63,8.54,64,74,83,5,4,18,4,81,4,No,0,0.0
886,Female,89,59,68,6.8,81,55,59,1,4,10,4,71,3,No,0,0.0
887,Male,92,93,52,8.36,88,74,82,3,4,20,5,83,0,Yes,1,13.29
888,Female,58,88,83,5.87,71,88,91,2,2,21,0,84,2,Yes,1,5.63
889,Male,90,73,89,7.58,78,66,88,4,4,19,1,69,0,Yes,1,8.71
890,Male,68,67,65,9.65,89,84,90,4,4,5,3,91,2,Yes,1,13.96
891,Male,73,73,95,8.92,72,81,42,5,2,1,5,76,2,Yes,1,10.46
892,Female,64,70,63,8.85,59,40,41,2,3,12,1,99,0,No,0,0.0
893,Male,53,90,84,8.85,61,51,67,1,2,4,2,82,5,No,0,0.0
894,Male,54,79,59,5.73,84,77,66,4,1,13,0,82,0,Yes,1,12.33
895,Male,69,75,68,9.77,64,74,61,5,4,14,1,86,5,Yes,0,0.0
896,Female,55,85,89,8.6,69,61,86,5,5,14,1,82,3,Yes,0,0.0
897,Male,64,63,72,9.75,54,76,92,5,4,23,1,83,5,No,0,0.0
898,Female,56,89,51,6.49,80,84,54,5,1,4,3,63,2,No,1,10.84
899,Female,74,89,56,8.69,85,67,48,5,1,9,3,69,5,No,0,0.0
900,Male,69,93,57,8.46,48,96,82,1,5,11,1,69,5,Yes,0,0.0
901,Male,80,75,90,6.52,83,89,78,3,3,12,1,68,5,No,1,11.37
902,Female,78,90,79,6.66,49,67,61,1,4,12,4,69,0,Yes,0,0.0
903,Female,87,81,54,8.57,81,47,98,4,4,11,1,87,1,Yes,1,13.31
904,Female,69,80,56,8.56,48,75,85,1,2,23,0,60,5,Yes,0,0.0
905,Female,54,55,95,7.12,99,59,61,2,1,13,1,71,3,Yes,0,0.0
906,Female,78,94,89,6.41,78,62,40,0,1,3,5,86,0,Yes,0,0.0
907,Female,59,65,90,8.51,84,85,75,5,0,10,5,83,5,Yes,0,0.0
908,Female,72,78,50,6.29,86,40,76,2,4,22,1,83,1,Yes,0,0.0
909,Female,54,95,89,5.92,76,74,46,1,2,22,2,90,4,Yes,0,0.0
910,Male,70,57,86,7.74,93,88,93,3,1,22,3,92,2,Yes,1,6.78
911,Male,58,62,86,7.48,90,96,98,1,2,4,0,91,4,No,0,0.0
912,Male,50,94,53,5.63,59,55,77,5,2,1,5,66,3,No,0,0.0
913,Male,76,70,50,8.49,91,67,80,4,5,13,3,78,2,Yes,1,6.22
914,Male,88,75,78,6.03,79,64,43,3,4,9,4,72,4,Yes,0,0.0
915,Female,53,60,85,6.43,76,82,60,2,2,1,2,94,3,No,0,0.0
916,Male,95,94,84,6.3,98,54,89,4,2,10,4,83,3,No,0,0.0
917,Female,53,58,92,7.59,93,50,63,4,5,7,1,72,1,No,0,0.0
918,Male,69,76,58,6.9,98,97,95,3,1,19,5,66,1,No,1,9.71
919,Female,66,51,60,6.63,93,63,72,3,5,15,5,95,4,Yes,0,0.0
920,Male,86,91,73,7.33,40,78,73,0,5,0,2,89,2,Yes,1,4.05
921,Female,73,86,95,6.2,57,42,83,3,0,15,3,73,1,No,0,0.0
922,Female,74,63,53,9.64,85,70,70,2,4,5,2,73,2,No,1,13.9
923,Male,54,77,70,8.2,99,56,70,2,0,22,5,99,0,No,1,12.88
924,Male,82,77,58,7.95,68,65,86,5,0,7,1,72,4,Yes,0,0.0
925,Male,54,90,88,5.94,69,53,99,3,5,3,2,60,0,No,0,0.0
926,Female,80,67,76,8.44,77,55,83,1,4,13,5,77,0,No,1,3.29
927,Female,64,76,58,5.87,67,66,48,3,1,16,0,80,4,Yes,0,0.0
928,Female,64,90,86,8.9,97,97,47,2,5,6,3,64,1,Yes,1,3.58
929,Male,75,81,60,9.1,44,75,82,4,4,11,3,72,1,Yes,1,8.1
930,Male,60,88,89,5.67,49,41,68,3,3,3,5,89,2,Yes,0,0.0
931,Male,53,92,53,7.78,71,99,86,3,4,13,3,94,5,No,0,0.0
932,Male,69,94,56,6.45,86,51,63,0,3,16,3,76,2,No,0,0.0
933,Female,92,56,61,7.75,59,73,69,5,5,3,0,92,4,Yes,0,0.0
934,Female,55,60,67,6.59,87,67,86,3,0,18,4,68,5,No,0,0.0
935,Male,61,93,64,5.81,86,50,86,4,2,20,5,90,1,Yes,1,9.93
936,Male,67,56,93,7.99,98,93,52,1,1,22,5,87,5,No,0,0.0
937,Male,95,76,57,6.3,95,76,52,1,1,20,1,91,4,No,0,0.0
938,Male,67,73,91,8.85,56,64,44,3,0,3,2,83,4,No,0,0.0
939,Male,81,81,82,7.07,83,60,99,3,0,11,5,95,1,No,1,14.07
940,Female,71,86,57,7.75,45,56,92,0,5,16,1,62,5,No,0,0.0
941,Male,62,51,80,6.92,43,64,79,2,1,2,0,85,0,No,1,12.02
942,Female,80,53,90,6.35,78,61,60,5,0,0,2,70,1,No,0,0.0
943,Male,53,89,91,6.78,79,40,91,3,0,9,5,90,5,No,0,0.0
944,Female,91,51,51,7.14,75,72,91,0,2,23,5,83,3,Yes,0,0.0
945,Male,71,85,75,8.35,97,40,84,2,1,20,1,84,5,No,0,0.0
946,Male,75,75,84,9.37,75,48,48,5,4,16,2,63,2,No,0,0.0
947,Male,79,69,77,8.41,78,95,50,1,3,23,3,71,2,No,1,7.82
948,Female,85,65,85,8.58,68,92,94,3,5,14,0,91,2,No,1,13.74
949,Male,69,84,69,5.96,95,76,72,0,1,8,2,72,1,No,0,0.0
950,Male,88,72,88,7.31,46,66,76,1,5,15,1,65,3,Yes,0,0.0
951,Male,55,85,84,9.28,73,56,88,1,4,23,0,93,3,No,0,0.0
952,Male,80,80,95,7.92,79,44,88,1,3,22,4,68,3,Yes,1,9.03
953,Male,82,59,61,8.01,84,53,53,0,0,18,5,79,0,No,0,0.0
954,Male,66,83,83,8.75,60,57,89,3,2,7,1,79,1,No,1,13.79
955,Female,55,74,89,8.47,59,64,93,2,3,22,5,85,5,Yes,0,0.0
956,Male,52,53,60,9.42,49,57,50,2,2,20,2,72,5,Yes,0,0.0
957,Male,82,83,81,6.41,54,41,47,1,0,2,1,65,0,Yes,1,3.35
958,Female,84,85,76,5.77,75,93,49,2,3,14,1,97,4,No,0,0.0
959,Female,74,88,89,9.27,68,48,81,2,3,7,2,68,1,Yes,1,9.26
960,Female,81,92,75,9.47,86,68,65,3,5,4,0,81,0,No,1,3.49
961,Male,91,59,72,7.99,59,65,75,3,3,17,5,79,5,No,0,0.0
962,Female,54,81,72,5.69,58,75,69,2,3,6,2,79,4,Yes,0,0.0
963,Male,60,95,72,6.1,71,96,48,3,2,10,0,71,5,Yes,0,0.0
964,Female,73,54,60,8.73,91,56,98,1,5,17,4,94,2,No,1,14.23
965,Male,66,60,73,6.51,90,51,83,3,2,3,0,83,5,No,0,0.0
966,Male,75,63,72,9.19,44,93,57,4,1,18,1,91,5,Yes,0,0.0
967,Male,61,64,61,6.8,73,59,41,1,5,7,5,93,1,Yes,0,0.0
968,Female,65,56,55,8.75,40,87,44,4,2,9,0,93,3,Yes,0,0.0
969,Female,65,54,95,7.62,99,67,69,5,0,23,4,95,0,Yes,1,5.27
970,Male,53,87,63,7.06,59,89,50,0,5,4,2,81,0,Yes,0,0.0
971,Male,84,60,71,7.39,85,45,46,4,3,2,1,80,3,No,0,0.0
972,Female,61,63,59,5.99,59,90,53,4,1,1,4,90,3,No,0,0.0
973,Male,93,79,92,7.67,51,68,74,3,5,19,1,74,4,Yes,0,0.0
974,Male,69,51,95,8.67,88,77,68,2,2,4,5,82,5,No,0,0.0
975,Female,86,86,74,8.23,44,74,67,2,1,16,4,74,3,Yes,0,0.0
976,Female,66,90,95,7.4,58,86,95,3,5,11,2,96,1,No,1,11.0
977,Male,89,87,94,7.49,85,72,69,1,5,20,1,86,1,No,1,14.29
978,Male,67,56,76,8.39,78,83,65,4,0,5,0,83,2,Yes,1,14.63
979,Female,62,52,78,7.45,69,89,99,2,2,6,1,77,5,Yes,0,0.0
980,Male,69,69,50,6.32,91,74,56,3,2,1,0,98,0,Yes,0,0.0
981,Female,67,68,84,8.55,84,58,55,2,0,8,4,67,0,No,1,10.37
982,Male,78,50,70,8.83,88,84,97,4,4,24,5,71,3,Yes,0,0.0
983,Female,52,94,95,5.9,49,48,55,5,1,19,3,62,5,Yes,0,0.0
984,Male,81,87,68,7.07,53,44,66,3,2,15,4,66,2,No,0,0.0
985,Female,82,71,80,9.7,62,58,80,5,5,13,2,97,4,No,0,0.0
986,Male,92,78,83,7.35,54,70,76,4,3,7,4,80,4,No,0,0.0
987,Female,94,56,90,7.73,92,70,99,2,2,2,3,82,2,No,1,13.46
988,Female,84,58,67,9.06,80,72,48,4,2,13,3,68,0,No,1,7.39
989,Female,66,76,91,8.92,49,83,81,3,1,12,5,93,3,No,0,0.0
990,Male,50,85,74,7.62,98,70,69,3,4,11,0,83,4,No,0,0.0
991,Male,94,76,65,6.34,96,59,86,2,4,1,2,92,3,No,0,0.0
992,Female,61,73,64,8.4,72,48,78,4,2,16,5,76,1,Yes,1,10.6
993,Male,80,94,95,7.17,81,51,95,0,0,15,3,77,3,Yes,0,0.0
994,Male,72,91,57,6.99,76,93,70,0,4,17,3,91,0,Yes,1,14.56
995,Female,54,76,53,7.76,87,64,56,1,0,4,3,99,5,No,0,0.0
996,Male,56,57,83,7.49,40,59,83,4,2,18,1,97,5,No,0,0.0
997,Male,76,77,70,9.72,95,48,92,4,1,0,0,97,1,Yes,1,8.52
998,Female,86,64,83,9.79,48,75,51,5,1,15,4,79,0,No,1,5.14
999,Male,68,81,90,7.59,71,50,94,1,4,3,2,77,4,Yes,1,11.17
1000,Male,78,61,50,8.42,85,91,43,5,1,8,4,64,0,No,1,8.03
1001,Female,88,79,90,8.53,54,56,42,3,5,4,3,96,4,Yes,0,0.0
1002,Male,85,78,50,7.99,91,85,73,0,4,8,5,91,0,Yes,1,13.62
1003,Female,67,76,56,6.99,77,89,92,3,0,16,3,78,1,Yes,1,11.19
1004,Female,81,90,78,7.03,83,83,76,1,0,7,4,69,4,Yes,0,0.0
1005,Male,81,80,91,6.27,46,55,96,2,0,16,5,75,4,No,0,0.0
1006,Female,93,60,79,6.78,49,83,62,5,4,20,1,65,5,Yes,0,0.0
1007,Male,67,51,67,7.24,70,80,52,4,4,11,3,83,3,Yes,0,0.0
1008,Female,62,85,60,6.11,61,62,91,1,4,13,2,90,4,Yes,0,0.0
1009,Male,92,94,78,7.72,51,54,54,3,1,3,3,80,2,Yes,0,0.0
1010,Female,92,52,82,7.74,48,66,58,2,0,23,2,99,2,Yes,0,0.0
1011,Male,66,80,50,7.49,42,50,95,5,3,13,3,77,2,Yes,1,13.72
1012,Male,79,55,71,8.86,69,96,58,0,4,6,3,63,1,No,1,14.15
1013,Female,90,78,82,5.79,79,85,44,4,3,1,5,90,4,No,0,0.0
1014,Male,80,75,80,7.33,98,85,61,2,0,21,2,91,0,Yes,1,9.11
1015,Male,84,76,72,6.68,58,49,54,4,0,13,0,65,4,No,0,0.0
1016,Female,73,69,73,8.45,97,47,79,4,3,16,5,88,3,No,1,4.56
1017,Male,68,67,53,9.45,61,68,59,3,3,19,3,91,3,No,0,0.0
1018,Male,78,60,69,8.71,81,61,64,4,5,10,0,94,2,No,1,10.98
1019,Female,88,91,64,8.42,74,89,73,3,0,18,0,65,3,Yes,0,0.0
1020,Female,66,72,90,6.97,91,58,89,0,3,9,5,68,0,Yes,0,0.0
1021,Female,63,91,53,8.3,41,92,45,1,4,10,4,77,4,No,0,0.0
1022,Male,84,76,87,8.29,98,90,68,3,2,9,2,93,3,No,1,9.01
1023,Male,83,59,64,8.3,87,48,96,1,1,15,5,91,0,Yes,0,0.0
1024,Female,55,54,93,7.9,45,68,52,4,4,16,0,89,2,No,0,0.0
1025,Female,61,63,55,5.74,41,66,67,4,1,9,2,70,2,No,0,0.0
1026,Female,86,85,53,7.93,94,61,84,5,2,11,3,80,3,No,0,0.0
1027,Male,71,54,57,6.51,69,63,65,4,5,21,4,96,1,No,1,9.99
1028,Female,51,61,95,8.18,78,79,98,2,2,15,4,87,1,No,1,5.31
1029,Male,94,83,67,9.71,42,80,46,2,4,10,2,66,2,Yes,1,6.34
1030,Male,53,59,54,5.93,57,54,87,5,4,6,5,98,3,No,0,0.0
1031,Male,87,85,78,9.11,69,96,56,1,1,20,5,91,2,No,1,14.27
1032,Male,90,94,50,8.38,63,98,60,5,1,6,4,91,1,Yes,1,11.48
1033,Female,82,92,88,8.58,96,93,85,3,0,8,5,69,2,No,1,4.93
1034,Male,83,84,85,6.04,55,52,69,4,1,17,4,82,5,Yes,0,0.0
1035,Female,51,65,67,9.78,49,75,49,4,3,15,4,96,1,Yes,1,12.98
1036,Male,94,63,93,5.74,58,78,78,4,4,1,2,63,1,Yes,1,3.69
1037,Female,68,93,91,8.31,97,70,94,0,2,21,2,98,4,Yes,0,0.0
1038,Male,86,79,93,6.03,43,74,93,3,1,24,3,86,3,No,0,0.0
1039,Male,77,74,79,9.02,91,55,56,4,0,7,4,88,3,No,0,0.0
1040,Female,75,50,66,8.03,63,83,90,2,0,18,0,65,4,No,0,0.0
1041,Male,84,90,88,9.27,75,41,50,4,0,16,2,61,5,Yes,0,0.0
1042,Female,93,61,93,7.92,42,89,65,0,3,6,1,66,3,Yes,0,0.0
1043,Male,54,69,70,7.94,69,92,97,1,5,20,4,95,1,Yes,1,12.34
1044,Female,50,85,84,9.05,84,97,51,2,5,8,5,64,2,Yes,1,13.72
1045,Female,73,78,90,9.3,41,78,83,1,2,5,3,76,2,Yes,1,3.9
1046,Male,81,73,65,9.68,95,51,64,4,4,6,1,80,2,No,1,13.49
1047,Female,78,85,93,6.44,45,52,44,4,0,5,2,72,0,Yes,0,0.0
1048,Female,56,64,77,7.8,78,56,48,1,1,2,1,82,5,Yes,0,0.0
1049,Female,61,66,52,8.01,44,40,72,3,0,22,4,94,5,No,0,0.0
1050,Female,55,63,62,9.73,77,59,83,0,4,9,1,90,4,No,0,0.0
1051,Male,79,51,50,8.55,68,81,70,1,3,8,2,65,1,No,1,12.02
1052,Female,54,94,71,7.83,77,76,60,3,0,16,5,81,2,No,1,9.25
1053,Female,78,91,60,8.83,94,98,55,1,4,2,2,66,2,No,1,11.6
1054,Male,73,77,78,5.86,62,85,43,3,4,8,2,93,4,No,1,9.92
1055,Female,79,78,83,8.96,49,67,68,0,0,20,1,85,0,Yes,1,9.01
1056,Female,55,92,70,6.58,65,74,87,1,2,4,5,72,1,No,1,4.52
1057,Female,83,95,53,5.78,46,80,55,2,1,6,5,92,4,No,0,0.0
1058,Female,82,64,52,5.5,66,62,76,3,2,2,1,70,1,Yes,0,0.0
1059,Female,68,58,70,5.76,83,48,82,2,2,5,0,89,0,Yes,0,0.0
1060,Male,82,72,79,6.77,78,49,41,3,1,1,2,69,5,Yes,0,0.0
1061,Male,63,70,90,5.68,61,51,59,4,0,3,4,62,4,Yes,0,0.0
1062,Male,68,92,58,8.42,59,58,63,1,1,8,0,93,0,No,0,0.0
1063,Female,75,52,71,9.26,84,55,40,2,0,3,3,72,2,No,0,0.0
1064,Female,84,78,92,6.15,50,43,68,2,0,3,3,71,0,Yes,0,0.0
1065,Female,71,51,57,7.49,79,59,49,0,0,12,0,76,1,No,0,0.0
1066,Female,67,76,59,7.35,72,91,67,4,1,6,5,61,1,Yes,1,4.16
1067,Female,73,72,71,6.13,40,99,92,5,2,13,5,96,3,No,0,0.0
1068,Male,53,68,50,9.8,52,87,60,4,5,22,2,82,0,No,1,13.16
1069,Female,62,63,71,9.64,91,65,80,3,0,19,5,74,0,No,1,10.94
1070,Male,70,74,56,6.8,56,64,60,4,5,9,0,75,1,No,0,0.0
1071,Female,52,62,82,7.73,93,70,80,4,1,5,2,61,2,Yes,1,7.65
1072,Male,91,59,74,6.02,88,85,87,5,5,24,5,91,1,Yes,1,9.23
1073,Female,73,75,75,9.27,75,96,66,3,5,10,4,60,3,No,0,0.0
1074,Female,81,68,60,5.54,57,59,57,0,2,11,4,93,4,Yes,0,0.0
1075,Male,95,69,93,8.46,48,70,88,4,2,14,2,72,4,Yes,0,0.0
1076,Male,51,56,68,7.73,65,96,51,5,1,16,1,85,4,Yes,0,0.0
1077,Male,58,83,64,7.39,40,92,96,4,1,21,5,63,2,Yes,1,8.09
1078,Male,61,52,81,6.83,95,56,96,1,0,3,0,80,3,Yes,1,14.77
1079,Female,91,94,80,5.96,55,60,97,2,3,1,0,78,3,Yes,0,0.0
1080,Female,56,95,68,8.3,53,97,50,2,1,16,0,83,5,No,0,0.0
1081,Female,94,78,52,8.87,60,70,69,3,5,1,5,61,3,Yes,0,0.0
1082,Male,50,80,51,8.07,79,97,89,0,1,3,5,60,0,Yes,1,7.55
1083,Female,52,63,92,7.34,58,53,90,2,1,7,5,80,1,Yes,1,6.19
1084,Male,86,53,95,5.9,63,83,65,1,3,5,0,81,4,No,0,0.0
1085,Female,58,63,79,7.79,53,96,41,3,2,22,4,97,2,Yes,1,11.31
1086,Male,78,54,69,8.74,69,96,78,1,2,15,2,60,4,No,0,0.0
1087,Male,66,94,91,7.22,82,42,60,2,4,8,3,93,0,Yes,0,0.0
1088,Male,73,90,55,7.27,73,83,58,2,2,18,4,90,3,No,0,0.0
1089,Female,62,90,51,9.51,84,95,42,5,2,17,3,87,4,Yes,0,0.0
1090,Female,92,55,51,8.65,59,63,82,2,2,23,1,70,1,No,1,5.08
1091,Female,74,92,84,9.64,94,41,86,3,5,11,3,76,5,Yes,0,0.0
1092,Female,71,58,80,7.9,62,98,79,4,4,13,0,60,5,Yes,0,0.0
1093,Male,73,72,76,5.8,92,61,85,1,3,17,0,69,3,Yes,1,6.4
1094,Female,63,81,64,6.88,51,73,94,5,0,10,5,65,0,Yes,1,3.75
1095,Female,74,57,86,6.03,76,68,85,3,4,9,5,66,1,Yes,1,11.33
1096,Female,88,65,86,9.61,73,97,75,5,2,11,4,95,2,Yes,1,9.5
1097,Female,90,71,59,6.71,62,43,78,5,3,10,0,64,3,Yes,0,0.0
1098,Female,70,68,93,7.96,99,91,48,3,3,17,0,90,5,No,0,0.0
1099,Male,73,87,64,5.96,57,44,75,1,5,12,1,84,0,No,0,0.0
1100,Female,64,58,85,8.73,82,70,71,1,5,11,4,86,2,Yes,1,12.57
1101,Male,76,86,64,6.39,57,80,95,4,3,6,1,75,4,Yes,0,0.0
1102,Male,64,59,74,5.95,45,71,86,0,0,2,2,78,2,No,0,0.0
1103,Female,56,81,64,9.09,57,92,65,3,3,21,5,94,3,Yes,0,0.0
1104,Male,75,63,82,9.22,42,42,71,5,3,0,2,66,1,Yes,1,4.55
1105,Female,66,79,80,7.46,63,56,69,0,4,24,2,63,0,No,1,11.63
1106,Female,64,65,79,9.69,45,67,72,2,3,23,3,98,2,No,1,12.63
1107,Male,52,82,83,6.81,87,91,43,1,5,17,5,68,0,Yes,1,11.89
1108,Male,95,69,74,7.35,43,43,67,1,5,19,0,96,2,No,0,0.0
1109,Male,52,85,79,8.99,97,55,52,1,5,23,5,69,5,Yes,0,0.0
1110,Female,66,74,63,8.07,48,61,79,5,1,23,2,67,2,No,1,3.86
1111,Female,59,54,88,8.4,52,42,97,3,4,14,5,93,1,Yes,1,9.17
1112,Male,79,62,92,6.09,74,85,81,2,0,18,4,70,4,Yes,0,0.0
1113,Male,57,82,79,8.86,45,53,45,0,5,8,1,82,3,Yes,0,0.0
1114,Male,53,61,91,7.98,55,59,77,2,1,24,5,62,0,Yes,1,13.05
1115,Male,92,76,93,7.54,86,69,95,1,2,22,5,84,0,No,0,0.0
1116,Male,58,75,74,8.83,85,42,76,3,2,18,2,86,3,Yes,0,0.0
1117,Male,62,76,90,6.98,47,73,63,5,2,13,1,67,0,Yes,1,10.14
1118,Male,82,92,78,7.78,87,76,58,3,4,0,4,80,2,No,1,14.89
1119,Female,94,52,57,6.6,67,67,80,2,5,17,3,88,0,No,1,5.86
1120,Male,94,64,68,7.53,53,48,54,0,5,10,3,67,2,No,0,0.0
1121,Male,81,63,87,6.01,69,75,85,3,2,2,5,77,1,No,1,8.93
1122,Female,59,58,78,9.74,64,95,73,3,1,9,5,64,3,No,0,0.0
1123,Male,95,89,74,7.41,77,85,98,0,0,1,4,79,4,Yes,0,0.0
1124,Male,51,54,73,6.38,41,96,96,1,2,15,1,69,1,Yes,1,12.99
1125,Male,89,61,53,9.7,75,93,45,1,0,16,4,62,1,Yes,1,7.53
1126,Male,83,86,51,8.28,84,99,77,0,1,6,5,73,2,No,1,4.04
1127,Male,75,63,53,7.74,81,44,93,3,4,15,4,97,1,Yes,1,11.04
1128,Male,90,52,90,7.91,41,66,89,2,3,15,0,91,4,Yes,0,0.0
1129,Male,78,71,94,6.57,53,81,99,4,4,9,0,77,3,Yes,0,0.0
1130,Male,84,67,92,9.69,86,92,67,0,0,5,5,70,1,No,0,0.0
1131,Female,82,69,63,7.63,75,95,74,1,3,1,1,97,4,Yes,0,0.0
1132,Male,58,83,61,8.7,99,51,42,1,4,12,2,81,0,No,0,0.0
1133,Female,70,88,75,6.06,89,95,73,0,3,19,1,66,3,No,0,0.0
1134,Female,92,56,87,8.52,51,79,47,1,2,23,5,73,4,Yes,0,0.0
1135,Female,68,95,65,7.83,86,62,42,2,1,20,5,75,5,No,0,0.0
1136,Female,82,66,63,6.68,61,89,83,4,4,17,0,85,4,Yes,0,0.0
1137,Female,63,72,92,9.49,91,71,70,2,3,13,1,93,4,Yes,0,0.0
1138,Male,51,95,80,6.62,93,97,79,5,5,4,4,61,1,Yes,1,11.97
1139,Male,68,51,71,8.35,40,55,61,0,3,5,5,66,0,No,1,3.84
1140,Male,81,74,59,7.18,46,85,62,4,0,5,2,78,4,Yes,0,0.0
1141,Female,76,81,73,6.49,58,82,74,2,5,20,1,85,0,No,1,12.69
1142,Male,88,66,77,7.49,42,46,48,4,2,20,4,87,1,No,0,0.0
1143,Male,77,51,72,7.34,93,92,68,4,4,13,1,64,2,No,1,4.08
1144,Male,70,86,87,9.03,80,79,94,0,1,19,5,95,4,Yes,0,0.0
1145,Male,90,82,54,6.15,61,86,99,1,1,15,1,65,0,Yes,1,7.56
1146,Female,52,95,86,5.83,97,42,42,2,2,18,0,73,5,Yes,0,0.0
1147,Male,79,54,67,7.22,41,89,98,1,0,22,1,92,1,Yes,1,5.93
1148,Female,51,88,79,9.05,81,97,59,4,2,9,3,79,3,Yes,1,14.71
1149,Female,77,69,82,7.23,54,59,67,1,2,6,2,70,4,Yes,0,0.0
1150,Male,95,70,88,9.32,52,69,93,4,3,5,2,91,4,No,0,0.0
1151,Male,59,63,80,8.01,97,82,52,3,1,18,5,70,5,Yes,1,13.68
1152,Female,63,57,79,6.59,86,86,92,4,2,12,0,87,5,Yes,0,0.0
1153,Male,65,89,87,5.77,50,75,95,2,2,6,5,76,0,Yes,1,6.89
1154,Female,60,72,64,9.62,63,71,95,5,3,6,2,65,2,No,1,7.99
1155,Female,72,51,51,9.39,56,49,92,1,3,0,2,94,0,No,0,0.0
1156,Male,86,68,77,7.37,54,87,85,0,0,10,1,75,5,Yes,0,0.0
1157,Female,64,71,68,7.85,90,46,68,3,3,21,0,65,5,Yes,0,0.0
1158,Male,86,53,52,6.06,68,55,76,4,1,8,5,69,3,Yes,0,0.0
1159,Female,86,95,82,5.58,48,82,97,4,3,12,5,72,4,No,0,0.0
1160,Male,79,92,83,9.62,70,96,40,2,1,2,0,69,1,No,1,12.65
1161,Male,69,54,95,7.23,57,49,61,0,0,12,2,74,2,Yes,0,0.0
1162,Male,58,87,53,5.81,67,47,41,4,0,5,0,65,4,Yes,0,0.0
1163,Female,74,55,80,6.52,61,86,92,4,1,18,1,99,3,No,0,0.0
1164,Male,85,57,54,8.77,97,89,46,3,1,13,2,88,4,No,0,0.0
1165,Female,92,57,55,7.83,78,74,61,3,2,16,2,71,2,Yes,1,9.57
1166,Female,73,84,70,7.23,40,62,45,2,5,23,4,68,2,Yes,0,0.0
1167,Female,82,87,89,6.37,62,88,72,1,0,21,5,82,3,No,0,0.0
1168,Male,79,60,58,6.55,96,82,95,1,5,10,0,76,4,Yes,0,0.0
1169,Female,68,65,68,9.69,47,89,63,0,5,14,1,74,5,No,0,0.0
1170,Male,72,57,59,6.61,75,46,70,1,0,22,5,83,0,Yes,0,0.0
1171,Male,89,85,50,5.88,60,93,50,4,3,6,1,63,3,No,0,0.0
1172,Male,56,70,90,6.71,71,89,57,4,5,16,0,84,1,No,1,5.56
1173,Male,88,78,87,8.61,86,56,93,4,5,4,3,84,3,No,0,0.0
1174,Female,56,63,90,7.43,53,93,83,2,2,9,2,97,3,No,0,0.0
1175,Female,66,71,88,6.6,53,97,71,5,5,11,4,69,5,No,0,0.0
1176,Female,62,91,52,7.14,79,81,85,3,5,8,3,97,1,Yes,1,8.87
1177,Female,67,82,71,9.64,67,94,83,1,5,13,2,69,2,Yes,1,11.31
1178,Male,59,95,92,6.57,95,55,89,1,4,0,0,91,3,Yes,0,0.0
1179,Female,89,71,80,9.24,99,78,81,4,3,1,1,91,4,No,0,0.0
1180,Female,70,67,92,6.22,62,50,54,2,1,15,0,85,3,No,0,0.0
1181,Female,79,80,67,6.1,55,85,84,2,4,17,2,97,1,Yes,1,9.65
1182,Male,89,81,91,9.5,92,87,63,4,3,20,1,63,4,Yes,0,0.0
1183,Male,86,74,88,5.51,84,85,73,1,0,6,3,78,3,No,0,0.0
1184,Male,90,52,75,8.27,69,74,88,3,5,6,1,95,4,Yes,0,0.0
1185,Male,62,85,78,8.74,55,49,54,3,5,9,1,75,0,Yes,0,0.0
1186,Female,85,76,71,6.77,43,92,97,0,4,0,5,90,3,No,0,0.0
1187,Female,90,51,51,7.31,62,49,54,3,4,0,0,85,0,Yes,0,0.0
1188,Male,61,53,77,8.14,64,64,60,5,3,4,3,80,5,No,1,12.57
1189,Male,89,78,54,9.21,96,63,94,0,0,9,5,73,2,Yes,0,0.0
1190,Female,89,55,52,6.19,73,98,65,4,1,22,3,71,0,No,1,5.04
1191,Female,95,61,67,9.49,42,97,52,3,2,8,2,70,4,Yes,0,0.0
1192,Male,57,81,57,9.65,52,71,84,1,2,7,1,97,0,Yes,1,5.52
1193,Female,58,94,71,6.33,40,99,46,4,1,19,4,88,5,No,0,0.0
1194,Male,51,80,71,6.01,47,85,54,0,2,3,2,64,1,No,0,0.0
1195,Male,60,92,59,6.27,91,72,57,1,5,22,4,94,0,Yes,0,0.0
1196,Male,82,59,95,9.08,70,45,66,0,4,24,5,89,1,Yes,1,3.39
1197,Female,64,71,55,8.52,81,60,50,0,0,5,2,83,3,No,0,0.0
1198,Male,69,54,88,7.35,79,50,65,1,2,14,3,64,2,Yes,1,10.82
1199,Female,54,65,83,6.82,75,78,64,4,5,7,5,80,3,No,0,0.0
1200,Male,92,88,68,7.57,94,54,59,2,3,19,2,67,5,Yes,0,0.0
1201,Female,59,94,64,9.27,54,53,91,3,3,19,5,77,0,Yes,1,11.42
1202,Male,76,86,94,6.02,91,85,90,2,0,8,5,86,3,Yes,0,0.0
1203,Female,65,59,67,6.56,51,53,55,0,0,22,2,74,1,No,0,0.0
1204,Male,82,57,66,7.41,60,82,64,3,3,24,5,73,4,No,0,0.0
1205,Male,77,74,69,6.24,50,60,64,1,3,10,0,93,4,Yes,1,13.29
1206,Male,86,59,89,8.46,84,90,40,0,0,20,2,98,0,No,1,4.3
1207,Female,77,68,55,6.17,98,98,77,4,0,10,2,78,3,No,0,0.0
1208,Male,95,92,71,6.24,72,90,67,0,2,11,5,70,5,No,0,0.0
1209,Female,76,69,81,9.35,40,75,75,3,2,12,4,70,3,No,0,0.0
1210,Female,92,89,61,9.58,41,61,44,5,4,24,1,93,0,No,1,10.23
1211,Male,51,56,66,5.53,92,83,85,3,5,12,2,60,0,Yes,1,5.47
1212,Male,76,69,66,7.69,52,61,69,5,5,12,5,90,1,No,1,4.75
1213,Female,78,62,68,8.73,62,67,55,0,3,19,1,66,3,Yes,0,0.0
1214,Male,88,50,85,5.81,48,90,67,2,0,8,5,87,3,Yes,0,0.0
1215,Female,81,67,69,8.39,83,87,58,5,4,8,4,70,5,Yes,0,0.0
1216,Male,84,70,81,7.78,75,72,55,4,5,17,1,70,2,No,0,0.0
1217,Female,62,75,83,7.39,43,97,57,5,1,7,1,66,3,Yes,0,0.0
1218,Male,88,52,69,9.64,55,54,50,0,1,20,0,70,0,No,0,0.0
1219,Female,71,64,55,5.78,81,82,74,2,2,3,4,85,1,Yes,1,8.45
1220,Male,54,56,51,6.65,40,64,41,0,3,16,0,79,4,No,0,0.0
1221,Female,64,81,85,5.6,85,86,77,4,0,9,1,80,3,No,0,0.0
1222,Female,60,53,72,8.04,86,64,85,4,4,0,0,61,4,No,0,0.0
1223,Male,92,70,60,7.97,58,41,95,3,0,8,4,84,0,Yes,1,8.9
1224,Male,58,82,75,7.7,69,60,62,0,2,23,1,84,4,No,0,0.0
1225,Female,92,62,66,6.76,84,56,95,4,4,15,3,70,1,Yes,1,7.18
1226,Female,52,95,53,7.15,68,48,91,2,0,13,4,82,4,No,0,0.0
1227,Male,75,86,64,8.37,97,92,98,0,4,5,5,92,4,No,0,0.0
1228,Female,54,62,94,5.95,95,68,81,5,3,17,4,73,4,Yes,1,3.1
1229,Male,86,91,80,7.61,76,78,61,3,5,8,0,80,2,No,0,0.0
1230,Female,83,64,73,9.42,87,56,40,0,2,23,0,73,1,No,1,9.28
1231,Female,67,55,95,7.29,57,98,75,0,2,10,5,91,4,Yes,0,0.0
1232,Female,51,60,60,8.06,85,96,83,5,2,2,3,84,3,Yes,0,0.0
1233,Male,53,72,73,8.39,92,64,99,3,0,21,1,97,4,Yes,0,0.0
1234,Male,83,78,63,8.37,45,74,65,2,0,9,4,73,5,Yes,0,0.0
1235,Female,59,80,86,5.79,45,72,80,5,4,14,2,66,2,Yes,1,8.11
1236,Female,58,93,54,5.91,70,88,55,5,3,5,2,87,2,Yes,1,12.02
1237,Female,79,72,81,9.13,78,50,68,2,5,5,5,64,4,Yes,0,0.0
1238,Male,87,55,61,8.01,45,74,59,0,5,18,3,70,0,Yes,1,12.87
1239,Male,87,84,64,6.73,74,49,45,4,0,10,1,63,0,Yes,0,0.0
1240,Male,85,66,69,6.62,93,57,53,2,4,0,2,95,3,No,0,0.0
1241,Female,59,93,87,5.87,68,80,91,3,4,12,0,74,3,Yes,0,0.0
1242,Female,57,77,72,9.55,90,63,69,5,2,3,2,71,5,No,0,0.0
1243,Male,66,62,58,9.61,45,48,92,3,4,14,0,86,0,No,1,3.8
1244,Female,61,82,66,6.33,80,84,97,3,3,13,4,62,4,No,1,5.84
1245,Male,80,72,51,6.01,56,64,75,0,2,3,1,87,1,Yes,0,0.0
1246,Female,81,83,89,7.61,87,67,86,4,0,17,4,79,5,No,0,0.0
1247,Male,79,75,95,9.01,42,76,82,1,3,12,2,95,5,No,0,0.0
1248,Male,67,59,79,7.97,60,72,48,1,3,19,3,74,2,No,0,0.0
1249,Male,70,83,53,6.26,55,79,97,3,0,2,5,81,2,Yes,1,6.51
1250,Female,69,92,92,5.95,70,97,88,3,4,15,2,87,5,Yes,0,0.0
1251,Male,93,61,76,7.44,48,40,47,0,2,18,3,79,1,Yes,0,0.0
1252,Female,65,71,68,6.16,61,51,42,0,4,4,3,97,4,Yes,0,0.0
1253,Male,63,69,55,7.97,76,65,72,2,5,12,3,72,3,No,0,0.0
1254,Female,84,76,76,5.57,69,89,42,5,3,20,0,72,0,No,0,0.0
1255,Female,50,64,68,7.95,78,53,49,2,1,11,1,77,4,Yes,0,0.0
1256,Female,59,65,85,7.98,67,94,67,3,1,19,1,65,3,No,0,0.0
1257,Female,65,77,92,6.76,52,59,92,3,2,11,0,99,3,Yes,0,0.0
1258,Male,94,54,69,5.68,73,49,58,2,5,16,3,76,2,No,1,7.58
1259,Female,81,55,68,6.27,49,98,91,3,5,0,3,64,4,No,0,0.0
1260,Female,82,80,70,9.08,59,83,65,0,5,14,5,62,1,No,1,4.01
1261,Female,59,63,89,8.49,52,85,59,2,5,4,4,94,1,No,1,9.31
1262,Male,94,55,61,5.88,61,90,47,1,4,13,5,85,4,Yes,1,5.8
1263,Female,91,71,51,6.47,78,40,41,0,5,8,2,99,2,No,1,11.65
1264,Male,77,93,69,6.61,91,87,52,3,4,13,1,76,3,Yes,0,0.0
1265,Female,63,57,53,6.02,95,66,57,2,3,20,5,83,1,Yes,0,0.0
1266,Male,65,66,68,7.86,40,66,78,3,0,8,3,94,2,Yes,0,0.0
1267,Female,54,70,87,7.74,73,40,68,5,3,9,2,90,1,Yes,0,0.0
1268,Male,82,71,82,5.93,89,76,87,3,0,16,4,64,1,Yes,1,8.04
1269,Female,59,64,95,8.73,63,77,59,2,3,9,0,72,0,No,1,4.98
1270,Male,93,94,87,8.08,40,66,90,1,1,11,1,81,0,Yes,1,5.32
1271,Male,60,86,68,9.74,89,79,89,4,0,15,1,88,3,Yes,0,0.0
1272,Female,65,64,95,8.06,75,74,64,5,5,14,0,95,5,No,0,0.0
1273,Male,95,90,57,7.39,43,69,49,4,0,3,4,75,0,Yes,1,10.73
1274,Male,82,72,78,5.56,67,51,52,4,2,24,3,90,1,No,0,0.0
1275,Female,51,84,54,8.34,63,49,66,4,0,5,3,92,5,No,0,0.0
1276,Male,69,50,91,5.69,67,98,68,5,4,18,3,92,3,No,0,0.0
1277,Male,54,86,70,7.23,80,47,72,5,2,10,4,88,2,Yes,1,4.58
1278,Male,71,89,53,9.58,92,52,92,3,5,24,3,69,4,No,0,0.0
1279,Female,64,57,59,8.01,85,76,54,3,4,6,3,87,4,Yes,0,0.0
1280,Female,75,60,80,9.47,91,93,43,1,3,11,1,70,1,Yes,0,0.0
1281,Female,80,84,73,6.19,53,93,74,2,3,17,4,67,3,Yes,0,0.0
1282,Female,89,58,58,7.08,52,77,97,2,4,2,5,93,5,No,0,0.0
1283,Male,62,88,93,7.9,51,88,84,5,4,8,2,84,5,No,0,0.0
1284,Female,79,90,88,7.39,76,47,64,0,1,6,5,87,3,Yes,0,0.0
1285,Male,87,51,79,6.19,48,52,57,1,4,21,3,83,1,No,0,0.0
1286,Male,69,76,50,8.5,90,50,65,3,4,13,3,97,5,Yes,0,0.0
1287,Male,78,72,70,9.11,73,71,40,4,4,23,2,61,3,No,1,5.17
1288,Female,51,70,53,5.77,52,60,58,0,5,3,0,76,1,Yes,0,0.0
1289,Female,95,93,91,7.67,60,54,87,1,1,22,3,89,0,Yes,1,9.52
1290,Male,88,65,70,7.05,74,48,48,1,3,11,2,75,0,No,0,0.0
1291,Male,65,75,61,9.31,47,41,49,4,0,22,3,96,4,Yes,0,0.0
1292,Female,90,59,54,8.14,85,83,63,2,2,17,2,61,1,Yes,1,10.49
1293,Male,66,90,81,6.12,48,83,51,4,4,12,3,80,4,No,0,0.0
1294,Female,93,73,79,9.79,94,73,91,3,4,5,0,80,5,No,0,0.0
1295,Female,54,93,83,8.35,60,40,52,1,2,21,4,94,2,Yes,0,0.0
1296,Male,58,61,57,6.46,82,63,77,4,4,12,4,97,3,No,0,0.0
1297,Male,91,85,80,9.78,89,55,55,1,1,1,5,67,3,Yes,0,0.0
1298,Female,68,70,85,8.73,79,83,91,2,1,14,4,87,2,Yes,1,6.34
1299,Female,58,90,81,7.14,91,78,56,0,5,19,3,83,5,No,0,0.0
1300,Male,53,84,65,7.2,91,96,57,2,2,18,2,88,5,Yes,1,10.58
1301,Female,82,75,70,7.55,77,77,54,5,5,3,5,60,3,No,0,0.0
1302,Male,69,74,68,6.02,46,62,47,4,5,3,3,71,0,Yes,0,0.0
1303,Female,69,82,82,5.61,62,71,56,5,3,16,2,91,5,No,0,0.0
1304,Male,55,84,87,8.06,79,42,82,2,2,9,1,93,3,Yes,0,0.0
1305,Male,74,55,90,9.34,53,65,80,3,1,9,2,72,0,No,1,7.67
1306,Female,51,63,92,5.75,90,40,66,4,5,0,4,84,3,Yes,1,9.08
1307,Male,56,72,80,8.66,71,89,70,1,0,23,1,73,0,Yes,1,10.51
1308,Male,61,73,78,5.53,77,95,90,3,0,1,5,63,2,Yes,0,0.0
1309,Female,75,64,80,9.23,81,78,42,3,1,11,1,78,3,No,1,6.94
1310,Female,88,63,65,7.89,84,87,88,2,5,4,1,62,3,No,0,0.0
1311,Male,63,77,93,9.68,93,62,71,5,4,20,5,68,4,No,0,0.0
1312,Male,58,68,76,5.9,76,95,52,5,5,5,0,88,5,No,1,5.93
1313,Male,61,58,79,9.19,97,73,51,4,3,17,3,69,0,Yes,1,10.58
1314,Female,82,95,63,7.6,51,78,92,5,0,0,1,94,2,No,1,9.35
1315,Female,82,73,70,5.88,91,60,70,3,0,18,5,76,4,No,0,0.0
1316,Female,50,75,68,7.76,80,44,47,1,1,13,1,94,1,No,0,0.0
1317,Female,87,84,91,7.57,53,76,78,0,1,23,3,86,1,No,1,8.42
1318,Female,92,66,60,7.71,78,50,73,5,2,21,5,90,4,Yes,0,0.0
1319,Male,67,88,76,6.75,44,86,40,4,1,8,3,61,3,Yes,0,0.0
1320,Female,80,84,51,7.67,51,86,65,1,3,0,0,61,5,Yes,0,0.0
1321,Male,71,74,54,5.58,98,79,71,0,3,15,2,75,4,No,0,0.0
1322,Female,86,50,82,6.88,92,88,64,1,4,11,2,63,5,Yes,0,0.0
1323,Female,73,54,51,7.96,69,99,54,0,2,14,4,81,5,Yes,1,14.77
1324,Female,67,64,53,6.9,71,70,61,3,3,15,0,94,4,No,0,0.0
1325,Female,88,71,63,8.45,91,90,62,5,1,1,5,67,2,No,1,5.35
1326,Male,84,50,79,6.74,42,80,64,3,5,8,2,65,4,No,1,11.38
1327,Male,60,71,90,7.36,77,57,58,3,3,12,5,93,1,No,1,10.89
1328,Female,59,83,91,6.98,62,59,51,3,0,11,5,95,1,No,0,0.0
1329,Male,79,59,72,7.05,68,60,94,0,1,11,1,98,5,Yes,0,0.0
1330,Male,73,69,88,7.58,89,71,62,5,2,21,4,62,1,No,0,0.0
1331,Male,89,74,85,6.05,45,99,51,2,4,4,5,95,4,No,0,0.0
1332,Female,70,86,54,8.09,70,97,66,5,2,5,0,95,2,No,1,4.4
1333,Male,65,81,64,8.59,91,82,98,3,5,19,2,63,3,No,0,0.0
1334,Male,86,71,56,8.64,67,64,68,0,0,11,0,78,5,No,0,0.0
1335,Male,72,90,90,7.19,76,46,78,4,0,3,5,86,4,No,0,0.0
1336,Male,74,52,71,9.17,65,95,79,3,5,23,0,90,4,Yes,1,11.78
1337,Female,92,89,73,7.5,89,69,89,4,4,5,0,66,0,No,1,4.25
1338,Female,63,63,81,9.51,43,86,41,2,2,3,0,68,1,No,1,14.33
1339,Male,84,84,92,7.07,94,67,55,3,2,16,5,94,2,Yes,1,12.05
1340,Male,90,56,60,7.47,45,72,89,5,3,1,2,76,2,No,0,0.0
1341,Male,88,67,86,5.7,59,88,95,0,5,15,3,61,3,Yes,0,0.0
1342,Female,57,51,86,6.69,47,84,59,4,3,6,0,85,3,No,0,0.0
1343,Female,65,59,78,6.27,91,76,69,0,3,7,5,85,2,Yes,1,14.67
1344,Male,53,51,92,8.24,51,45,74,0,0,14,2,74,5,No,1,8.57
1345,Male,79,63,70,5.56,53,43,84,5,5,12,2,66,0,Yes,0,0.0
1346,Female,72,91,73,6.1,84,54,73,0,5,24,2,69,1,No,0,0.0
1347,Male,55,64,51,5.91,69,82,82,5,0,20,2,84,4,No,0,0.0
1348,Female,68,50,76,6.11,76,61,86,5,4,11,1,94,0,No,1,9.64
1349,Female,61,62,76,8.82,80,93,51,1,5,2,5,83,1,Yes,1,5.67
1350,Female,50,61,63,6.22,96,71,66,0,1,10,3,87,2,Yes,0,0.0
1351,Male,81,51,69,6.1,75,67,46,2,1,17,4,94,2,No,0,0.0
1352,Female,94,63,72,8.27,53,65,95,3,1,17,3,66,3,No,0,0.0
1353,Male,81,51,90,7.59,53,58,90,2,0,17,3,81,2,No,1,13.44
1354,Male,87,58,62,7.58,70,70,98,5,5,13,2,82,2,Yes,1,13.7
1355,Male,79,73,61,7.51,72,68,98,2,1,10,5,80,0,No,1,11.98
1356,Female,65,71,86,7.2,64,74,72,2,3,0,5,75,0,No,1,14.16
1357,Female,54,53,81,5.86,56,90,83,5,4,2,0,77,5,Yes,0,0.0
1358,Male,50,75,85,8.19,59,50,86,2,0,8,1,86,0,No,1,10.72
1359,Female,54,78,56,9.25,81,53,41,0,3,22,2,75,4,Yes,0,0.0
1360,Male,67,52,62,6.06,74,55,43,2,3,10,3,93,0,Yes,0,0.0
1361,Female,64,70,82,5.89,86,98,92,4,0,17,5,97,5,No,0,0.0
1362,Female,56,55,82,8.69,49,75,57,2,5,16,5,66,4,Yes,0,0.0
1363,Female,87,64,81,5.6,61,55,48,3,3,20,2,85,4,No,0,0.0
1364,Female,59,61,73,8.23,72,69,53,3,5,13,4,95,4,No,0,0.0
1365,Female,52,85,92,7.67,71,75,50,5,0,5,4,85,4,No,0,0.0
1366,Male,67,52,92,6.74,74,60,50,4,4,7,2,88,5,Yes,0,0.0
1367,Female,55,57,81,8.93,97,40,99,3,5,8,2,79,0,Yes,1,11.83
1368,Male,73,83,61,8.79,48,80,66,4,1,2,3,77,0,Yes,1,13.1
1369,Male,85,89,69,6.11,92,96,88,2,5,20,5,74,0,Yes,1,14.58
1370,Female,63,50,65,5.62,44,93,65,5,3,22,0,66,0,Yes,1,14.3
1371,Male,65,75,92,8.82,87,68,91,4,0,2,4,93,4,No,0,0.0
1372,Male,59,92,85,6.56,98,63,62,2,2,3,3,81,4,Yes,0,0.0
1373,Female,62,91,82,8.79,67,52,56,1,0,16,1,72,1,No,0,0.0
1374,Female,56,66,57,5.95,52,82,80,0,3,8,3,90,5,Yes,0,0.0
1375,Female,88,60,95,6.82,84,48,40,1,2,18,0,99,0,Yes,0,0.0
1376,Female,78,84,93,6.01,60,90,68,5,3,5,2,98,5,Yes,0,0.0
1377,Female,55,57,73,5.89,74,45,98,1,3,20,3,97,5,No,0,0.0
1378,Female,56,51,87,6.62,43,41,92,2,1,17,1,73,4,No,0,0.0
1379,Male,93,60,80,7.63,41,82,91,3,2,0,5,86,4,Yes,0,0.0
1380,Female,55,86,53,8.63,47,49,56,5,4,9,1,95,2,No,0,0.0
1381,Female,67,71,58,6.14,69,66,93,4,3,18,1,74,0,No,1,14.02
1382,Female,84,95,53,5.94,81,44,67,3,2,19,2,80,2,No,0,0.0
1383,Male,73,71,87,6.88,79,92,52,4,0,20,3,97,1,No,1,13.39
1384,Male,73,87,95,8.34,65,82,51,5,5,18,3,89,5,No,0,0.0
1385,Male,68,80,93,6.06,40,57,75,1,0,24,3,83,0,No,0,0.0
1386,Male,86,77,54,7.2,69,63,83,1,5,3,2,94,1,Yes,1,14.18
1387,Male,72,90,92,6.64,89,50,43,4,0,21,4,82,0,Yes,0,0.0
1388,Female,72,67,82,5.73,84,95,89,1,1,1,3,76,4,Yes,0,0.0
1389,Male,66,70,61,6.5,46,74,89,0,2,5,2,96,2,Yes,1,13.05
1390,Female,56,60,83,6.65,69,72,78,4,0,19,5,86,2,Yes,1,3.66
1391,Male,89,93,66,9.2,59,43,80,0,1,3,2,74,1,Yes,0,0.0
1392,Female,85,86,58,8.37,80,76,40,1,4,4,1,75,5,No,0,0.0
1393,Female,88,94,66,6.37,42,95,82,1,2,22,1,93,3,No,0,0.0
1394,Male,84,67,91,7.56,97,57,65,0,5,3,3,60,4,Yes,1,7.3
1395,Male,55,84,78,9.35,87,79,93,5,0,20,4,88,5,Yes,0,0.0
1396,Male,52,93,82,9.27,98,49,47,4,0,19,4,74,1,No,1,4.86
1397,Female,71,94,89,6.16,47,50,91,3,2,4,2,78,1,No,1,13.2
1398,Female,81,76,76,7.19,96,75,72,2,0,7,2,60,2,Yes,1,11.4
1399,Male,57,74,66,5.56,48,40,62,3,4,13,4,90,5,No,1,9.33
1400,Male,94,51,78,7.95,95,73,71,1,5,18,2,64,1,No,1,9.99
1401,Male,79,73,80,6.5,82,40,85,0,3,6,3,94,1,Yes,0,0.0
1402,Female,67,86,64,9.48,67,89,74,4,1,12,2,84,2,Yes,1,13.41
1403,Male,65,73,57,7.59,57,99,80,4,1,5,2,84,5,Yes,0,0.0
1404,Male,56,51,81,7.73,72,60,85,0,1,14,2,71,4,No,0,0.0
1405,Female,76,86,72,9.56,79,62,59,3,0,1,3,86,4,No,0,0.0
1406,Male,92,89,92,7.36,47,59,50,0,4,22,1,89,3,No,1,6.74
1407,Male,56,77,77,6.82,53,59,89,2,0,20,2,81,5,No,0,0.0
1408,Female,79,60,92,6.45,67,99,42,5,2,18,1,89,4,No,0,0.0
1409,Male,52,54,64,5.8,62,73,98,5,5,21,5,61,2,Yes,1,12.19
1410,Female,81,91,86,5.59,54,43,55,2,3,6,0,76,2,Yes,0,0.0
1411,Female,57,63,82,9.26,92,90,42,0,1,22,1,64,0,Yes,1,4.85
1412,Female,86,73,88,9.72,56,47,74,4,3,21,3,67,5,Yes,1,5.97
1413,Female,94,62,92,8.29,77,63,54,5,0,4,3,63,2,No,1,5.53
1414,Male,85,91,58,7.3,53,41,99,3,2,0,0,87,4,Yes,0,0.0
1415,Female,79,93,50,5.84,74,98,42,1,2,13,4,93,5,Yes,0,0.0
1416,Male,91,88,51,9.07,85,63,52,1,3,6,5,95,4,No,1,12.26
1417,Male,52,79,61,7.04,50,60,56,0,2,14,2,61,1,No,0,0.0
1418,Male,83,71,70,9.33,46,65,62,0,1,9,5,97,0,Yes,1,7.06
1419,Male,83,54,60,5.76,86,54,70,2,4,17,1,92,4,No,0,0.0
1420,Male,78,81,85,5.91,53,46,96,1,1,6,1,99,2,Yes,0,0.0
1421,Female,87,55,82,7.38,98,48,50,3,0,9,0,77,4,No,1,12.75
1422,Male,64,73,69,8.34,67,65,44,5,4,2,5,68,5,Yes,0,0.0
1423,Male,82,74,86,6.29,96,90,68,2,5,5,1,80,2,No,1,12.1
1424,Female,50,70,70,7.17,92,60,44,4,3,2,0,85,2,No,0,0.0
1425,Male,82,92,65,9.5,46,99,69,5,2,1,1,72,4,No,0,0.0
1426,Female,88,60,93,8.47,41,83,91,5,4,20,5,93,5,Yes,0,0.0
1427,Female,92,68,52,6.69,51,57,81,4,4,12,4,69,0,Yes,1,11.41
1428,Male,73,52,57,6.78,56,97,72,2,2,22,5,94,0,Yes,1,5.51
1429,Female,86,53,55,5.92,78,90,65,3,3,24,5,77,5,Yes,0,0.0
1430,Male,69,62,62,6.67,89,52,72,4,2,12,5,67,0,Yes,1,11.27
1431,Female,74,50,67,6.88,48,46,60,4,1,23,2,99,5,No,0,0.0
1432,Male,74,82,79,5.82,84,92,74,2,0,9,5,95,3,No,0,0.0
1433,Female,84,85,61,9.24,65,74,67,4,3,19,3,89,4,Yes,0,0.0
1434,Male,68,50,88,8.02,58,78,92,0,0,6,1,90,4,Yes,0,0.0
1435,Female,74,95,78,7.88,85,86,56,3,5,0,0,79,2,Yes,1,10.02
1436,Female,55,84,64,7.83,46,92,51,1,0,10,2,64,4,Yes,0,0.0
1437,Male,87,58,79,8.74,40,53,49,5,2,11,3,88,4,Yes,0,0.0
1438,Male,84,87,85,8.67,50,93,51,3,1,15,1,71,1,Yes,1,11.82
1439,Female,93,72,54,5.53,56,81,60,2,2,13,2,89,5,Yes,0,0.0
1440,Male,68,61,79,8.27,45,83,67,5,3,20,2,90,0,No,1,10.08
1441,Male,72,58,90,7.6,50,99,84,4,2,17,4,70,1,No,1,6.61
1442,Female,58,50,90,9.08,51,78,65,3,5,11,3,89,3,Yes,0,0.0
1443,Male,60,77,77,9.78,97,71,52,0,5,21,2,71,0,No,1,14.31
1444,Male,52,64,62,8.81,45,84,49,0,3,2,0,77,5,Yes,0,0.0
1445,Male,65,77,81,8.89,67,52,96,5,3,12,4,89,5,Yes,0,0.0
1446,Male,93,53,86,9.19,87,70,94,5,1,2,3,70,4,Yes,0,0.0
1447,Male,64,65,88,5.99,91,84,93,3,2,3,3,75,2,Yes,1,5.3
1448,Female,93,84,58,5.9,65,77,43,0,1,3,3,82,5,No,0,0.0
1449,Male,89,67,93,8.92,45,86,71,1,5,15,5,72,3,Yes,0,0.0
1450,Female,60,83,93,6.27,75,96,83,3,3,12,2,75,5,No,0,0.0
1451,Female,68,59,88,8.76,56,73,96,5,5,1,3,77,5,Yes,0,0.0
1452,Male,68,61,79,6.52,45,78,60,5,0,6,5,70,1,No,1,12.92
1453,Male,77,53,94,9.14,56,58,47,5,5,13,3,97,1,Yes,0,0.0
1454,Male,88,67,85,8.55,47,77,52,0,1,5,5,76,0,Yes,1,10.28
1455,Male,71,89,52,8.92,73,65,86,3,4,19,1,79,4,Yes,0,0.0
1456,Female,70,71,62,9.11,82,64,85,1,3,23,4,85,3,No,0,0.0
1457,Male,55,89,85,6.75,72,87,81,0,4,14,0,84,0,Yes,1,12.79
1458,Female,74,89,92,8.4,54,56,74,1,2,5,3,90,3,Yes,0,0.0
1459,Female,53,73,55,8.59,51,47,76,3,0,10,5,89,2,Yes,1,3.61
1460,Female,66,95,55,6.08,75,47,93,4,1,15,1,80,1,No,1,9.99
1461,Female,69,73,62,6.64,86,81,40,0,0,17,2,64,3,No,0,0.0
1462,Male,88,55,82,8.53,83,76,60,0,2,13,3,72,0,Yes,1,4.25
1463,Male,68,65,90,8.16,49,72,80,1,2,14,0,71,3,No,0,0.0
1464,Female,86,95,62,7.19,69,67,62,2,0,15,2,75,0,No,1,14.51
1465,Female,94,68,82,8.95,76,41,75,4,1,12,0,91,4,Yes,0,0.0
1466,Male,77,84,70,7.14,68,83,73,5,5,3,3,74,5,No,0,0.0
1467,Male,60,83,64,8.58,69,40,61,0,0,3,4,80,3,Yes,1,10.91
1468,Male,91,77,50,7.41,89,51,61,2,0,22,3,65,4,Yes,0,0.0
1469,Male,70,90,59,9.35,40,53,61,1,3,3,5,86,3,Yes,0,0.0
1470,Male,75,55,69,8.8,56,75,88,3,5,19,3,68,0,Yes,1,3.12
1471,Male,58,95,54,5.91,76,66,88,0,4,24,2,75,4,Yes,0,0.0
1472,Female,65,67,76,9.58,85,53,56,5,3,6,3,61,5,No,0,0.0
1473,Male,66,94,59,8.88,93,56,64,4,4,19,0,75,2,No,0,0.0
1474,Female,61,83,59,8.77,53,60,53,2,0,5,5,71,2,No,0,0.0
1475,Male,75,50,64,7.14,71,45,76,3,0,23,4,88,0,Yes,1,14.45
1476,Female,51,70,77,5.55,65,65,45,4,2,5,4,88,0,No,1,9.45
1477,Male,93,63,59,6.53,57,48,92,3,2,24,0,92,5,Yes,1,9.43
1478,Female,69,60,63,6.37,46,72,67,4,3,8,0,81,3,Yes,0,0.0
1479,Female,77,74,64,8.87,49,60,72,3,3,16,4,61,0,No,1,5.47
1480,Female,84,51,54,5.86,49,86,45,3,3,18,1,63,2,No,0,0.0
1481,Male,79,86,82,8.24,42,58,97,1,4,16,4,99,3,No,0,0.0
1482,Female,62,84,70,5.66,57,45,63,3,4,6,5,71,1,Yes,0,0.0
1483,Male,95,52,92,6.34,69,89,81,0,2,13,0,67,2,Yes,0,0.0
1484,Male,87,56,80,7.44,88,46,77,4,5,2,4,91,5,Yes,0,0.0
1485,Female,56,88,92,9.74,80,95,48,3,1,16,4,60,2,No,1,13.72
1486,Male,52,74,67,9.24,65,64,71,3,1,22,1,65,3,Yes,0,0.0
1487,Male,62,77,65,8.83,91,40,84,0,4,13,2,96,0,No,1,3.28
1488,Male,86,95,69,9.43,53,96,97,1,3,8,4,92,3,No,0,0.0
1489,Male,58,51,58,7.06,58,72,43,2,1,15,3,96,2,Yes,0,0.0
1490,Female,50,74,57,8.47,82,42,73,5,0,5,2,87,4,Yes,0,0.0
1491,Female,83,69,95,8.28,95,80,57,4,1,8,2,80,4,Yes,1,13.82
1492,Female,89,73,87,8.16,74,76,65,0,1,23,3,67,1,No,1,9.78
1493,Male,92,68,76,7.71,88,93,84,2,1,20,3,92,4,No,0,0.0
1494,Male,67,86,72,5.8,61,53,93,5,2,22,1,79,5,Yes,0,0.0
1495,Female,77,84,90,9.24,46,60,78,2,3,17,4,82,4,No,0,0.0
1496,Female,93,81,63,7.8,98,91,50,1,3,20,1,68,1,No,1,3.44
1497,Female,84,81,69,8.6,63,56,40,0,1,20,4,90,4,Yes,0,0.0
1498,Female,92,50,67,6.52,89,44,49,4,1,20,4,88,0,No,0,0.0
1499,Male,94,89,50,7.51,84,46,93,2,0,6,4,67,2,No,1,14.87
1500,Female,84,84,55,9.21,76,60,65,1,4,12,0,92,5,No,0,0.0
1501,Male,87,84,87,6.09,71,90,77,5,2,18,3,91,0,Yes,1,10.46
1502,Female,74,90,69,8.21,68,61,66,0,2,17,3,90,5,Yes,0,0.0
1503,Female,79,87,56,9.29,55,92,50,1,1,24,0,82,1,No,1,5.67
1504,Male,84,59,62,7.05,81,54,97,3,0,17,4,96,0,Yes,1,5.97
1505,Male,69,94,59,6.92,87,48,48,1,4,7,0,87,0,Yes,0,0.0
1506,Male,72,91,78,7.61,51,61,61,1,5,1,2,65,1,No,0,0.0
1507,Female,62,72,76,9.1,61,68,40,1,5,0,1,69,2,Yes,0,0.0
1508,Female,88,87,90,8.0,77,41,46,3,0,3,0,67,5,Yes,1,7.48
1509,Female,67,80,50,7.03,90,77,60,0,5,9,4,96,4,Yes,0,0.0
1510,Female,72,81,75,8.57,60,51,40,4,1,10,4,92,3,Yes,0,0.0
1511,Female,94,91,58,8.4,73,69,46,2,0,16,5,67,1,Yes,1,8.06
1512,Male,54,61,52,9.35,45,97,64,5,1,4,2,98,4,No,0,0.0
1513,Male,56,94,51,6.34,44,53,80,0,3,11,4,70,2,No,0,0.0
1514,Male,56,95,91,9.59,99,63,62,0,1,4,5,60,2,Yes,1,3.01
1515,Male,66,90,86,9.16,44,59,66,4,3,13,2,77,2,Yes,1,13.49
1516,Male,79,88,73,5.85,81,64,85,3,3,0,3,93,5,Yes,0,0.0
1517,Male,87,56,95,5.57,97,94,66,2,4,18,0,93,3,Yes,0,0.0
1518,Male,50,76,60,9.48,54,75,74,5,5,0,4,94,1,Yes,1,9.36
1519,Male,58,55,86,8.86,44,73,59,0,2,3,1,63,1,No,1,8.8
1520,Male,84,80,64,5.61,64,43,86,4,3,15,3,94,4,No,0,0.0
1521,Male,87,70,57,7.81,97,92,43,1,2,12,4,73,1,Yes,1,4.31
1522,Male,65,95,85,7.13,57,78,90,0,3,6,3,85,5,No,0,0.0
1523,Female,70,76,51,9.19,64,91,56,2,5,10,1,62,0,Yes,1,3.69
1524,Female,50,62,64,7.17,80,71,84,5,2,6,1,76,1,Yes,0,0.0
1525,Male,51,75,77,7.49,68,94,81,0,3,14,1,85,4,Yes,0,0.0
1526,Female,62,69,83,8.74,79,75,57,5,4,9,1,60,3,Yes,1,6.77
1527,Female,61,89,78,6.02,96,55,83,0,3,13,3,60,5,No,0,0.0
1528,Female,66,77,73,8.85,56,74,54,0,1,23,3,96,3,No,0,0.0
1529,Male,76,68,92,9.7,92,60,96,3,3,2,3,84,2,Yes,1,14.08
1530,Male,70,88,59,8.22,48,49,61,5,3,18,4,63,1,Yes,1,13.01
1531,Male,65,54,59,8.21,47,62,90,1,4,5,0,74,0,No,1,14.78
1532,Male,65,84,76,7.11,67,51,75,0,4,21,4,74,0,Yes,0,0.0
1533,Female,92,51,86,7.84,78,75,94,5,0,22,2,83,4,Yes,0,0.0
1534,Male,56,63,50,5.67,91,83,95,0,3,12,5,60,2,No,1,10.73
1535,Male,75,78,61,7.69,86,89,43,4,4,4,3,86,0,No,1,11.41
1536,Male,69,59,63,9.02,86,41,71,3,2,2,2,91,3,No,0,0.0
1537,Male,57,84,61,8.99,68,65,99,5,3,5,0,73,2,Yes,1,3.16
1538,Female,65,78,63,6.64,80,71,66,1,5,20,0,85,1,No,0,0.0
1539,Male,60,77,51,7.18,53,96,60,4,0,2,3,74,0,Yes,1,8.99
1540,Male,67,82,69,9.22,54,81,96,3,3,7,4,85,5,No,0,0.0
1541,Male,57,53,71,6.21,74,40,80,5,0,9,2,63,2,Yes,0,0.0
1542,Female,95,71,55,8.57,69,75,45,2,1,6,4,84,3,Yes,0,0.0
1543,Male,61,89,94,7.28,71,80,43,4,0,11,1,82,1,Yes,0,0.0
1544,Male,73,78,84,8.68,64,56,80,5,4,2,0,65,5,No,0,0.0
1545,Male,93,61,81,7.31,59,74,76,3,3,24,4,70,5,Yes,0,0.0
1546,Female,60,62,57,6.56,50,63,76,3,2,19,1,79,2,Yes,0,0.0
1547,Female,66,77,77,9.68,89,73,61,3,3,17,4,86,3,Yes,1,12.17
1548,Male,80,65,67,7.33,78,42,67,0,1,8,0,99,0,Yes,1,10.34
1549,Male,84,58,90,7.71,97,95,88,5,0,24,3,70,3,Yes,0,0.0
1550,Female,85,61,88,8.37,77,61,89,5,5,22,1,61,3,Yes,0,0.0
1551,Male,94,66,61,9.31,46,43,76,1,3,23,5,69,2,No,1,5.55
1552,Female,88,67,52,9.31,49,65,61,3,4,10,5,87,5,Yes,0,0.0
1553,Female,71,93,66,8.97,54,55,79,1,4,23,3,80,0,Yes,1,13.29
1554,Female,90,56,61,9.5,68,62,47,3,4,18,2,62,5,Yes,0,0.0
1555,Female,59,89,74,7.76,65,42,60,2,5,15,4,93,4,Yes,0,0.0
1556,Female,93,57,93,7.41,63,43,88,1,1,19,1,63,0,No,0,0.0
1557,Female,70,82,75,6.42,57,92,77,1,3,11,3,79,5,Yes,0,0.0
1558,Female,63,78,68,9.65,56,85,47,2,4,18,1,83,0,Yes,1,4.35
1559,Male,88,83,74,6.37,44,42,78,1,2,10,0,61,4,No,0,0.0
1560,Male,84,83,80,8.77,95,63,75,1,1,11,4,81,3,No,1,5.94
1561,Female,92,87,62,9.31,77,87,81,2,0,15,5,63,1,Yes,1,12.54
1562,Male,77,73,77,7.81,51,97,62,4,1,9,5,74,4,Yes,0,0.0
1563,Female,74,73,56,9.44,59,51,84,1,3,9,1,80,3,No,0,0.0
1564,Female,86,84,76,7.16,88,58,76,1,5,12,3,75,3,No,0,0.0
1565,Male,90,59,72,7.46,79,74,59,0,2,18,3,75,5,No,0,0.0
1566,Female,58,66,67,7.65,87,52,62,1,5,0,0,68,2,Yes,0,0.0
1567,Female,91,81,66,5.58,82,51,77,3,4,20,2,71,1,Yes,0,0.0
1568,Female,69,68,55,9.54,46,90,44,5,3,14,3,93,1,No,0,0.0
1569,Male,50,64,63,6.34,71,78,66,2,3,17,1,96,0,No,1,3.34
1570,Female,79,78,87,8.03,69,76,91,2,3,8,5,85,1,No,1,8.28
1571,Male,86,64,89,8.75,43,74,54,1,3,10,4,76,1,Yes,1,7.31
1572,Female,95,65,75,7.08,68,64,72,1,5,7,1,93,1,Yes,0,0.0
1573,Female,60,89,52,7.42,68,59,89,1,0,18,4,70,0,No,1,8.46
1574,Male,86,52,94,7.43,95,47,54,5,5,8,4,78,1,Yes,0,0.0
1575,Male,80,62,67,7.76,41,49,85,0,5,2,1,71,0,Yes,0,0.0
1576,Female,80,72,92,9.47,58,76,67,2,5,22,0,86,1,No,0,0.0
1577,Male,89,59,58,7.99,55,80,81,4,3,5,2,79,2,Yes,1,12.51
1578,Male,66,66,91,9.44,99,74,72,4,2,13,4,62,5,No,0,0.0
1579,Female,90,52,52,9.42,88,93,92,5,4,9,4,89,5,No,0,0.0
1580,Female,72,85,54,8.21,67,49,53,4,2,12,3,94,2,No,0,0.0
1581,Female,75,89,89,7.43,60,57,56,5,2,3,2,80,1,No,0,0.0
1582,Male,69,57,71,9.11,73,59,79,4,4,20,4,73,5,Yes,0,0.0
1583,Female,83,50,91,8.08,96,96,59,5,0,23,3,92,4,Yes,0,0.0
1584,Female,57,63,54,6.82,88,57,98,5,3,22,4,91,4,Yes,0,0.0
1585,Male,62,83,61,8.51,70,74,43,3,0,11,1,67,0,No,1,14.35
1586,Male,86,93,58,6.14,89,82,44,3,3,0,0,85,0,Yes,0,0.0
1587,Female,82,55,57,6.1,73,69,99,4,2,14,3,96,3,No,0,0.0
1588,Female,73,82,63,6.98,56,70,61,0,0,7,2,98,3,Yes,0,0.0
1589,Male,90,66,95,8.75,49,70,55,2,0,3,4,77,5,Yes,0,0.0
1590,Female,76,53,52,8.72,71,68,55,1,3,10,4,61,4,No,0,0.0
1591,Female,78,66,58,8.89,84,74,92,4,2,23,4,70,1,No,1,14.61
1592,Female,56,90,59,9.66,87,74,43,1,5,19,5,81,0,No,1,6.32
1593,Female,78,62,60,9.69,82,81,81,1,5,7,3,85,2,No,1,5.48
1594,Male,72,68,84,7.8,68,73,83,5,4,16,1,73,3,Yes,0,0.0
1595,Female,74,52,93,6.25,99,48,72,2,0,11,5,98,2,Yes,0,0.0
1596,Male,89,88,56,5.62,82,99,51,3,5,15,5,99,4,No,1,9.81
1597,Male,59,67,94,8.96,79,43,95,2,4,8,1,65,0,Yes,1,5.11
1598,Male,93,84,87,9.53,97,83,96,1,5,7,2,98,0,Yes,1,5.63
1599,Male,93,81,90,6.38,94,93,60,1,4,1,3,69,4,No,0,0.0
1600,Female,78,70,91,6.53,49,94,92,0,4,23,4,71,4,Yes,0,0.0
1601,Male,71,93,58,9.61,96,92,95,4,2,22,4,80,4,Yes,1,3.94
1602,Male,93,92,69,6.28,43,87,99,0,1,5,4,79,4,No,0,0.0
1603,Female,63,58,59,7.5,91,66,92,0,2,8,4,88,2,Yes,0,0.0
1604,Female,69,72,66,6.79,61,41,98,3,0,21,3,68,0,Yes,1,5.86
1605,Male,83,63,51,8.36,52,60,57,0,2,3,3,68,5,Yes,1,4.88
1606,Female,78,64,69,9.52,50,74,53,1,2,22,3,99,5,Yes,0,0.0
1607,Male,74,51,95,5.77,41,46,47,3,5,0,3,75,0,No,0,0.0
1608,Male,86,72,65,9.08,66,59,50,0,1,10,3,60,2,Yes,0,0.0
1609,Female,69,92,74,9.75,49,95,91,1,0,10,3,96,0,No,1,8.03
1610,Female,70,73,83,6.71,64,94,87,0,5,1,0,91,2,Yes,1,10.61
1611,Male,76,72,65,7.41,92,78,48,1,4,15,3,71,1,No,0,0.0
1612,Female,88,71,72,5.58,84,91,92,1,4,0,2,67,0,No,1,12.13
1613,Female,65,65,51,7.74,55,87,96,0,0,8,3,69,1,Yes,1,11.27
1614,Male,64,83,65,9.61,82,70,90,4,3,4,3,82,0,No,1,14.99
1615,Male,84,72,88,8.46,63,78,88,0,2,16,4,68,1,Yes,1,6.39
1616,Male,82,87,92,8.08,63,66,75,4,2,9,2,60,1,No,1,10.08
1617,Female,93,71,69,8.72,75,56,62,3,2,21,1,68,0,No,1,10.38
1618,Male,91,94,61,9.39,56,77,85,2,0,3,2,95,2,No,1,3.22
1619,Female,60,65,50,7.41,47,75,87,1,2,8,3,61,3,No,0,0.0
1620,Female,94,53,76,5.87,49,58,77,2,4,6,5,80,3,No,1,10.59
1621,Male,78,50,79,5.58,55,93,52,3,1,24,2,68,4,Yes,0,0.0
1622,Female,71,58,59,6.24,75,88,84,4,3,0,1,96,5,No,1,4.38
1623,Male,66,66,73,8.33,74,93,76,1,2,15,5,78,4,No,1,14.08
1624,Female,54,70,69,7.46,88,66,61,3,5,16,1,87,5,No,0,0.0
1625,Female,73,71,52,9.74,64,47,60,5,4,24,1,68,0,Yes,1,5.34
1626,Male,66,67,89,8.65,93,41,57,1,2,24,3,72,5,No,0,0.0
1627,Male,73,86,74,7.39,70,92,43,5,1,20,4,62,1,No,1,7.33
1628,Male,52,60,73,8.46,44,70,80,4,1,18,4,82,1,Yes,0,0.0
1629,Female,50,86,89,6.14,76,97,83,4,5,0,2,78,2,No,1,13.22
1630,Female,62,73,64,8.06,55,55,90,1,3,21,1,97,2,No,1,10.35
1631,Male,53,66,52,9.06,62,70,91,2,3,22,2,73,0,Yes,0,0.0
1632,Female,72,87,61,8.75,79,84,49,5,0,2,1,95,2,No,1,9.44
1633,Male,70,69,72,7.86,58,52,77,4,4,16,1,61,0,No,1,7.25
1634,Male,83,66,73,9.6,85,55,64,3,4,14,1,78,5,No,0,0.0
1635,Female,59,70,89,6.48,93,41,79,0,1,1,3,76,1,Yes,0,0.0
1636,Female,85,91,62,8.64,96,85,48,5,0,18,4,85,4,No,0,0.0
1637,Male,68,63,65,5.67,81,82,50,5,2,12,2,62,1,Yes,0,0.0
1638,Female,87,80,61,8.26,46,99,44,2,3,0,2,64,4,Yes,0,0.0
1639,Female,61,51,62,6.55,82,49,80,1,2,14,4,81,4,No,0,0.0
1640,Male,94,66,62,7.9,68,61,63,3,3,16,4,78,1,No,1,3.47
1641,Female,54,80,78,7.98,79,57,61,0,5,15,0,99,1,No,0,0.0
1642,Female,74,84,67,7.43,74,61,57,2,3,17,0,79,0,No,0,0.0
1643,Female,66,67,83,9.23,70,88,56,4,5,4,0,79,1,No,1,8.21
1644,Female,77,85,92,6.43,53,52,92,5,0,9,1,93,3,Yes,0,0.0
1645,Male,71,77,54,8.5,66,43,44,2,1,9,0,97,4,Yes,0,0.0
1646,Female,58,72,52,8.92,56,73,89,4,0,19,5,90,2,No,1,9.28
1647,Female,65,82,84,5.91,88,74,46,2,0,19,0,76,1,No,0,0.0
1648,Female,55,55,92,6.58,76,71,62,0,2,7,4,86,2,No,0,0.0
1649,Male,85,57,88,7.51,58,75,80,3,0,6,3,79,0,Yes,1,5.14
1650,Male,80,87,54,9.5,76,83,72,1,4,19,4,70,1,No,0,0.0
1651,Female,72,55,67,6.54,45,49,64,3,4,8,5,67,2,No,0,0.0
1652,Male,81,63,54,8.96,60,85,77,3,1,14,5,77,2,Yes,1,8.42
1653,Male,59,57,60,7.72,94,55,55,5,4,22,1,83,2,No,0,0.0
1654,Male,62,81,93,5.7,44,48,81,4,4,19,3,79,0,No,1,4.91
1655,Female,67,75,59,8.77,47,52,61,1,0,22,0,63,2,Yes,0,0.0
1656,Female,59,53,59,9.78,92,84,48,2,2,9,0,66,0,Yes,1,4.15
1657,Female,69,65,90,9.23,43,68,79,3,3,6,0,64,0,No,1,11.81
1658,Male,73,56,51,5.96,93,94,79,5,1,6,4,99,0,Yes,0,0.0
1659,Female,82,94,53,5.91,86,73,88,0,5,14,3,60,2,Yes,1,11.12
1660,Male,83,75,52,5.88,87,45,95,1,2,20,0,72,3,No,1,5.61
1661,Male,89,84,60,6.74,51,64,55,3,1,4,0,70,0,No,0,0.0
1662,Female,72,91,77,8.83,76,56,42,1,1,0,4,89,0,Yes,1,12.98
1663,Female,91,71,55,5.55,56,85,46,2,4,22,3,79,1,No,0,0.0
1664,Female,95,86,81,9.03,92,47,67,2,2,20,5,83,4,Yes,0,0.0
1665,Female,94,73,52,6.5,89,97,85,4,0,20,5,72,3,No,0,0.0
1666,Female,75,75,56,9.13,65,44,56,4,4,21,1,62,1,No,0,0.0
1667,Female,95,63,73,6.35,77,80,76,2,2,22,3,62,1,No,1,13.77
1668,Female,70,78,64,5.61,94,72,83,3,4,12,3,87,2,No,1,14.16
1669,Male,77,94,72,7.44,76,67,69,0,3,7,5,89,4,Yes,0,0.0
1670,Female,79,51,87,5.66,59,69,70,0,3,10,3,97,0,Yes,0,0.0
1671,Female,71,56,94,9.19,88,60,65,0,5,2,3,81,0,No,1,12.68
1672,Male,70,68,50,6.94,71,75,49,2,3,19,2,97,2,Yes,0,0.0
1673,Male,72,71,55,9.39,86,88,49,3,0,21,4,77,4,Yes,0,0.0
1674,Male,64,86,62,6.28,57,74,89,1,5,11,3,66,3,Yes,0,0.0
1675,Male,69,93,50,8.04,87,85,84,4,1,4,4,82,2,No,1,13.12
1676,Male,51,69,83,5.81,64,49,70,2,1,5,2,62,1,No,0,0.0
1677,Male,91,76,57,8.83,92,46,85,4,3,8,4,64,2,Yes,1,5.76
1678,Male,88,61,93,7.9,59,81,64,1,5,22,3,76,2,Yes,1,9.15
1679,Male,78,89,69,9.04,74,96,72,3,1,2,3,72,1,Yes,1,11.93
1680,Male,53,95,61,5.79,93,93,73,4,1,2,4,84,3,Yes,1,11.93
1681,Female,74,85,87,8.03,77,98,90,2,3,12,0,61,3,No,0,0.0
1682,Male,76,66,89,8.68,66,80,82,1,4,8,5,94,4,No,1,9.91
1683,Male,69,80,60,9.19,53,55,68,5,1,10,1,80,3,No,0,0.0
1684,Male,75,87,79,8.26,96,49,80,3,3,0,2,78,1,No,1,7.24
1685,Male,52,54,64,7.0,83,80,61,3,1,16,5,95,4,Yes,0,0.0
1686,Male,82,70,58,7.93,59,59,71,2,3,13,0,77,1,Yes,0,0.0
1687,Male,73,50,73,8.53,75,69,45,2,0,22,3,89,5,Yes,0,0.0
1688,Male,81,69,77,7.9,68,71,59,3,4,13,3,64,4,No,0,0.0
1689,Female,70,54,52,9.69,97,77,46,3,3,23,0,68,1,No,1,3.54
1690,Male,75,88,94,6.52,96,74,52,2,4,23,5,66,3,Yes,0,0.0
1691,Female,72,90,71,7.6,53,69,87,2,3,3,4,98,0,Yes,0,0.0
1692,Male,86,60,50,9.7,40,58,70,5,1,15,5,75,0,Yes,1,11.65
1693,Female,95,79,93,9.2,86,48,63,0,5,17,3,66,4,No,0,0.0
1694,Male,88,62,90,9.7,55,41,82,2,4,1,4,78,0,Yes,1,10.23
1695,Male,74,54,73,7.78,60,64,76,4,1,7,0,66,3,No,0,0.0
1696,Female,68,72,53,9.56,55,45,66,0,3,10,4,87,1,Yes,1,14.53
1697,Female,51,55,82,6.32,85,84,48,2,3,1,5,94,5,No,0,0.0
1698,Female,76,76,71,7.14,62,72,79,0,5,0,0,72,2,Yes,0,0.0
1699,Female,50,80,65,9.49,87,89,68,2,4,2,1,66,3,No,0,0.0
1700,Female,59,76,82,8.6,50,68,51,5,0,20,2,67,1,Yes,1,9.72
1701,Male,73,54,55,5.65,58,68,96,2,0,6,0,75,2,No,1,8.04
1702,Female,67,62,73,8.21,96,45,74,4,1,11,2,65,2,No,1,13.59
1703,Female,64,79,57,7.66,75,57,62,4,4,12,3,93,0,Yes,1,4.89
1704,Female,67,65,69,8.91,85,95,87,2,4,11,3,88,5,Yes,0,0.0
1705,Female,73,90,83,9.67,93,98,99,5,5,5,3,65,0,No,1,9.63
1706,Female,88,51,82,7.23,55,98,74,0,1,13,5,81,5,Yes,0,0.0
1707,Male,60,72,91,9.27,70,68,57,2,5,16,3,76,1,No,1,8.12
1708,Male,72,71,82,5.78,98,65,75,2,4,21,0,67,1,No,0,0.0
1709,Male,61,81,79,6.72,52,51,77,5,1,14,4,65,4,Yes,0,0.0
1710,Female,51,80,87,6.33,81,52,65,3,3,17,0,71,1,Yes,0,0.0
1711,Male,83,85,64,8.95,64,93,53,4,1,20,1,93,3,No,0,0.0
1712,Male,58,68,67,8.15,46,85,59,5,0,10,2,60,1,Yes,1,8.97
1713,Female,66,66,54,8.03,80,70,89,3,2,7,2,95,3,No,0,0.0
1714,Male,50,64,57,8.77,72,44,69,1,3,5,0,86,0,No,0,0.0
1715,Female,78,78,66,6.15,73,62,58,4,4,17,5,90,3,No,0,0.0
1716,Male,82,69,80,5.5,63,68,93,4,4,18,4,99,4,Yes,0,0.0
1717,Male,64,70,65,5.91,46,42,49,5,3,17,3,76,0,Yes,0,0.0
1718,Female,90,63,54,6.18,81,60,59,3,2,23,0,92,5,Yes,0,0.0
1719,Female,85,87,91,6.79,47,97,96,2,1,0,3,92,1,Yes,0,0.0
1720,Female,79,55,86,6.48,93,69,57,3,5,6,2,85,5,No,0,0.0
1721,Female,84,79,84,7.46,57,83,52,4,1,6,2,95,0,Yes,1,10.37
1722,Female,52,56,53,6.39,66,75,66,5,5,7,4,65,0,Yes,1,12.07
1723,Female,57,60,63,8.29,82,71,66,4,2,15,5,97,4,No,0,0.0
1724,Male,69,57,52,7.11,52,97,55,4,5,17,1,79,5,Yes,0,0.0
1725,Female,95,67,57,6.68,96,82,45,3,0,3,3,91,1,No,0,0.0
1726,Male,68,81,88,8.55,57,90,44,5,0,4,1,81,2,Yes,0,0.0
1727,Male,52,83,71,9.79,80,51,41,5,0,23,0,69,4,No,0,0.0
1728,Male,76,62,74,9.01,63,45,76,0,4,19,5,92,3,No,0,0.0
1729,Female,84,81,85,7.67,67,86,59,5,5,22,3,64,4,No,0,0.0
1730,Female,85,69,92,7.0,66,81,87,1,0,19,1,95,1,No,1,14.37
1731,Female,55,59,76,7.68,63,98,59,1,0,23,4,63,5,Yes,0,0.0
1732,Male,81,85,52,6.7,40,79,95,3,3,14,2,83,0,No,1,5.57
1733,Male,61,92,58,8.32,85,62,51,3,5,10,4,88,0,No,1,5.15
1734,Female,72,86,79,6.86,53,46,83,4,0,24,4,74,2,Yes,1,7.76
1735,Female,54,69,90,7.43,81,63,56,2,3,21,0,79,4,Yes,0,0.0
1736,Male,75,54,92,7.95,40,46,66,0,2,21,1,90,1,No,0,0.0
1737,Male,84,63,67,8.48,44,63,63,3,1,15,3,67,0,Yes,1,3.17
1738,Male,62,50,75,9.38,57,84,77,0,3,19,1,72,1,Yes,1,5.06
1739,Female,73,86,77,6.94,46,53,79,2,0,15,1,89,2,Yes,0,0.0
1740,Female,76,58,87,6.64,72,57,84,2,5,15,5,60,5,Yes,0,0.0
1741,Male,94,83,82,6.93,45,72,44,2,0,15,1,82,4,No,0,0.0
1742,Male,79,84,84,9.39,53,42,61,4,3,4,4,86,4,No,0,0.0
1743,Male,68,80,81,5.8,44,86,73,4,2,12,1,79,5,No,0,0.0
1744,Male,65,65,88,7.01,64,95,96,0,5,10,2,63,2,Yes,1,13.27
1745,Female,57,92,66,9.75,40,69,60,4,1,15,5,99,4,Yes,0,0.0
1746,Male,63,74,84,5.86,49,48,56,5,1,3,2,76,5,No,0,0.0
1747,Male,66,70,59,6.55,50,80,88,1,3,12,1,81,2,No,1,6.59
1748,Female,71,89,91,5.81,64,95,81,4,4,18,1,82,2,No,1,6.59
1749,Male,63,77,61,9.37,55,97,97,2,3,1,5,75,0,No,1,8.19
1750,Male,67,75,60,6.48,67,90,54,5,4,4,5,88,1,No,1,11.91
1751,Male,54,87,90,7.15,69,53,79,1,5,7,2,92,4,No,0,0.0
1752,Male,52,79,59,7.84,62,41,81,1,1,20,0,96,0,Yes,0,0.0
1753,Female,63,91,77,5.66,72,55,54,0,1,1,5,87,1,No,0,0.0
1754,Male,93,58,52,6.06,86,60,64,4,4,16,1,65,1,Yes,0,0.0
1755,Female,53,70,94,6.4,63,91,76,4,5,21,4,92,4,No,0,0.0
1756,Male,90,95,68,9.66,80,43,71,2,3,19,4,72,1,No,1,10.31
1757,Female,94,59,67,6.27,86,81,75,0,0,5,2,91,0,No,1,13.72
1758,Female,59,56,64,5.65,40,57,81,0,3,5,2,70,2,Yes,0,0.0
1759,Female,91,83,55,6.91,98,83,76,1,1,7,3,82,0,No,1,12.38
1760,Male,85,91,71,8.85,78,57,56,5,1,12,3,71,5,Yes,0,0.0
1761,Male,93,80,68,7.09,42,59,96,4,4,24,4,71,2,No,1,13.76
1762,Female,92,77,94,6.54,91,50,52,5,3,1,4,98,3,No,0,0.0
1763,Female,65,92,91,6.44,54,50,46,2,2,19,5,81,3,No,0,0.0
1764,Male,76,83,83,7.01,94,72,93,4,0,12,2,76,2,No,1,13.71
1765,Female,92,53,71,6.71,46,80,49,1,2,0,0,96,2,Yes,0,0.0
1766,Female,75,57,67,7.75,46,70,78,0,5,1,2,94,4,No,0,0.0
1767,Male,69,53,69,7.71,69,63,62,0,0,14,4,67,0,No,1,11.2
1768,Female,51,94,73,6.26,40,73,73,0,3,4,3,88,5,No,0,0.0
1769,Male,83,59,76,9.69,78,90,40,3,0,23,3,76,5,No,0,0.0
1770,Male,71,91,76,5.62,63,97,43,4,2,13,4,84,2,No,1,13.04
1771,Female,70,87,73,6.66,54,45,49,3,4,9,5,87,4,Yes,0,0.0
1772,Male,81,69,72,9.2,47,77,50,4,2,13,5,82,0,Yes,1,11.38
1773,Male,58,58,56,9.58,90,48,99,5,1,15,4,80,5,No,0,0.0
1774,Female,67,93,74,7.77,57,89,90,4,2,24,2,82,0,Yes,1,8.46
1775,Male,83,66,65,6.21,41,72,64,2,0,16,4,65,1,No,1,14.07
1776,Male,76,82,56,8.97,71,68,77,3,1,19,5,98,0,No,1,6.66
1777,Female,67,77,53,5.95,89,82,47,0,5,20,2,70,5,No,0,0.0
1778,Male,72,59,79,5.99,96,88,59,3,2,18,3,68,2,Yes,1,10.54
1779,Female,78,94,72,8.85,62,86,64,5,2,14,5,74,5,Yes,0,0.0
1780,Female,94,64,91,6.2,61,86,64,1,0,3,4,83,0,No,1,5.41
1781,Female,73,85,89,5.6,44,51,44,1,2,4,5,69,1,Yes,0,0.0
1782,Male,59,55,90,8.87,69,67,60,2,1,8,1,91,3,Yes,0,0.0
1783,Female,75,71,62,5.53,57,73,47,3,3,3,5,89,5,Yes,0,0.0
1784,Female,65,69,87,7.32,62,77,70,3,2,10,3,86,2,Yes,1,9.43
1785,Female,50,70,90,6.23,58,72,44,4,3,8,5,63,2,No,0,0.0
1786,Female,58,64,56,7.69,45,86,41,1,0,5,4,96,0,Yes,1,7.87
1787,Male,66,91,57,6.97,73,89,42,5,5,19,5,92,3,Yes,0,0.0
1788,Male,74,56,62,8.45,66,64,79,0,0,13,3,90,0,No,1,7.45
1789,Male,79,65,65,9.1,65,70,84,4,5,6,0,87,5,Yes,0,0.0
1790,Female,54,59,51,5.86,68,66,63,2,4,18,4,98,3,Yes,0,0.0
1791,Male,69,73,58,8.08,86,61,56,5,3,19,2,67,1,No,0,0.0
1792,Female,58,86,57,9.34,66,73,74,3,4,9,0,92,4,No,1,13.71
1793,Female,87,70,69,5.72,61,77,66,3,1,1,4,81,5,No,0,0.0
1794,Male,95,65,52,7.9,82,80,92,2,5,22,0,96,4,Yes,1,3.78
1795,Female,53,88,69,8.31,75,51,64,1,2,22,1,75,4,No,0,0.0
1796,Female,91,51,78,5.79,52,57,67,1,5,17,3,81,2,No,0,0.0
1797,Male,89,76,69,5.74,90,62,61,4,4,24,1,64,2,No,0,0.0
1798,Female,81,70,95,8.41,86,75,61,1,5,23,1,82,4,Yes,0,0.0
1799,Male,59,58,52,6.05,65,41,46,2,3,22,4,61,0,No,1,12.99
1800,Female,73,62,75,7.73,91,88,80,4,0,20,4,60,1,Yes,1,6.81
1801,Female,79,79,77,8.3,61,63,89,5,3,7,3,74,5,Yes,1,12.96
1802,Female,67,83,65,9.51,96,41,97,4,4,10,2,84,0,Yes,0,0.0
1803,Female,57,75,86,8.38,54,98,71,0,5,10,3,74,4,Yes,0,0.0
1804,Male,79,72,75,7.24,82,93,96,4,5,24,3,97,5,No,0,0.0
1805,Female,69,86,89,7.75,49,73,87,5,4,10,4,96,2,Yes,1,8.84
1806,Female,79,67,57,9.04,82,78,56,0,4,3,4,94,2,Yes,1,4.91
1807,Female,54,63,80,7.99,59,43,91,0,5,13,2,69,0,No,1,7.49
1808,Male,92,86,67,8.12,65,58,65,4,0,2,4,96,2,No,1,14.38
1809,Female,59,73,94,9.66,54,66,78,3,0,16,0,60,1,No,1,4.56
1810,Female,59,57,87,9.4,54,91,83,5,4,2,2,95,4,Yes,1,7.3
1811,Male,59,53,60,7.57,60,78,45,5,0,12,4,98,5,No,0,0.0
1812,Female,83,75,61,7.17,41,69,48,5,5,24,2,73,4,Yes,0,0.0
1813,Female,63,92,58,5.83,77,62,93,5,0,9,0,91,2,Yes,1,14.18
1814,Female,58,53,60,6.42,53,94,82,2,0,6,0,92,3,No,1,14.18
1815,Male,91,95,58,8.76,61,55,66,5,4,18,5,62,2,No,1,11.63
1816,Female,68,57,52,9.05,96,97,60,2,3,7,4,97,4,No,0,0.0
1817,Male,72,81,69,8.19,41,92,80,2,4,17,5,91,0,No,1,7.87
1818,Female,78,81,69,7.53,54,56,62,5,1,17,2,97,1,Yes,1,4.09
1819,Male,67,94,73,6.45,90,53,44,0,2,13,4,85,4,No,0,0.0
1820,Male,51,82,69,5.77,89,70,86,3,2,4,2,70,5,Yes,0,0.0
1821,Male,81,81,88,5.97,83,40,87,5,2,1,4,61,3,No,0,0.0
1822,Male,92,91,59,8.33,67,62,49,0,3,17,2,73,2,Yes,0,0.0
1823,Male,52,89,68,8.87,64,96,50,1,4,7,5,82,4,No,0,0.0
1824,Female,62,51,79,6.95,80,52,80,4,1,20,1,72,2,No,0,0.0
1825,Male,77,51,78,8.77,56,54,71,2,3,14,5,87,2,Yes,1,9.54
1826,Male,53,95,77,9.3,44,64,94,2,5,13,5,81,2,Yes,1,3.87
1827,Male,52,64,87,6.83,40,46,66,3,0,12,1,63,3,No,0,0.0
1828,Male,72,91,70,8.81,54,84,58,4,1,0,0,78,0,No,1,14.6
1829,Male,81,69,91,7.2,53,43,41,0,3,6,4,70,0,No,0,0.0
1830,Male,74,71,82,8.87,73,59,78,4,5,22,2,71,2,No,1,10.71
1831,Female,55,67,78,7.93,58,75,70,1,3,17,1,99,5,Yes,0,0.0
1832,Male,77,76,89,6.94,76,57,54,3,5,2,4,87,4,Yes,0,0.0
1833,Male,93,56,59,6.29,74,87,88,5,2,24,5,85,3,Yes,0,0.0
1834,Male,62,63,78,9.69,49,48,56,0,0,6,5,87,4,Yes,0,0.0
1835,Female,74,75,84,7.13,95,92,95,5,1,23,3,65,0,Yes,0,0.0
1836,Male,50,73,89,7.1,67,53,65,2,1,22,4,96,3,No,0,0.0
1837,Male,65,86,58,5.79,97,94,63,5,0,0,4,82,3,No,0,0.0
1838,Female,61,85,53,6.34,81,49,40,3,1,16,3,93,3,Yes,0,0.0
1839,Female,69,82,83,5.6,98,46,42,2,0,24,3,75,0,No,0,0.0
1840,Female,73,92,91,6.56,95,87,68,3,4,22,1,87,0,No,1,5.49
1841,Female,75,59,59,6.21,45,79,42,1,2,6,5,92,4,No,0,0.0
1842,Male,93,66,63,5.93,84,67,48,0,2,19,2,66,0,No,0,0.0
1843,Female,55,82,61,6.86,49,85,44,1,4,8,2,62,4,Yes,0,0.0
1844,Female,87,70,88,8.0,62,41,45,2,2,18,4,75,2,Yes,0,0.0
1845,Male,91,89,55,6.93,65,60,63,5,3,19,4,78,4,Yes,0,0.0
1846,Female,66,86,93,8.31,89,93,96,5,5,15,4,99,2,No,1,9.04
1847,Female,76,52,52,8.44,92,95,48,0,5,17,5,84,1,Yes,1,11.33
1848,Female,67,60,60,7.52,45,52,79,5,1,23,3,88,4,Yes,1,14.89
1849,Male,53,65,74,8.45,63,80,59,2,4,5,1,84,0,Yes,1,5.16
1850,Female,57,53,56,9.67,57,71,99,2,3,13,4,86,1,No,1,13.85
1851,Male,63,56,81,8.81,77,95,50,0,0,3,4,70,2,No,1,5.65
1852,Male,63,68,73,8.81,72,43,66,0,2,6,1,90,4,Yes,0,0.0
1853,Male,79,77,71,7.55,64,93,44,1,1,15,1,72,5,Yes,1,14.43
1854,Male,91,87,85,7.59,87,43,71,3,0,15,0,69,1,Yes,0,0.0
1855,Female,50,93,58,7.25,50,73,66,1,4,0,3,60,2,No,1,10.78
1856,Female,66,61,66,6.17,86,58,97,4,2,10,2,78,5,No,0,0.0
1857,Female,63,64,94,5.7,51,49,48,5,5,0,0,80,2,Yes,0,0.0
1858,Male,87,57,86,9.63,90,61,69,5,1,14,1,87,5,No,0,0.0
1859,Male,67,63,55,7.62,73,62,73,3,4,1,1,82,3,Yes,1,6.42
1860,Female,70,84,75,9.42,44,52,55,1,2,8,2,67,0,Yes,1,3.25
1861,Female,83,87,74,7.51,70,96,40,5,3,3,3,63,0,Yes,0,0.0
1862,Male,76,71,76,8.39,55,53,97,5,4,6,5,98,3,Yes,0,0.0
1863,Male,66,81,81,6.59,45,77,50,1,0,14,5,69,2,Yes,0,0.0
1864,Male,91,91,70,6.98,94,77,93,5,1,16,1,66,1,Yes,1,7.65
1865,Male,69,81,61,9.45,64,73,73,4,4,8,0,85,1,No,1,12.7
1866,Male,86,94,93,9.15,77,65,40,4,1,4,4,60,3,Yes,0,0.0
1867,Male,87,75,56,8.7,48,42,97,2,1,0,4,78,0,Yes,1,13.55
1868,Male,73,54,74,7.71,78,88,58,1,4,9,2,63,2,No,1,13.72
1869,Male,70,78,73,6.58,90,99,82,3,3,3,0,75,0,Yes,1,5.19
1870,Female,58,94,87,9.68,68,94,42,4,2,18,1,95,4,No,0,0.0
1871,Male,75,66,70,8.41,50,61,52,5,0,10,1,76,1,No,1,7.03
1872,Male,59,92,83,7.59,80,73,79,0,5,7,5,94,0,Yes,1,3.46
1873,Male,82,81,75,7.58,94,99,88,2,0,3,3,87,3,Yes,0,0.0
1874,Female,55,54,95,7.03,80,48,51,4,2,24,3,77,0,No,0,0.0
1875,Male,85,65,58,5.65,86,96,69,1,1,14,0,95,5,No,0,0.0
1876,Male,54,60,57,5.5,84,54,62,2,4,5,5,88,1,Yes,0,0.0
1877,Female,62,63,79,7.96,47,52,50,5,3,6,3,97,2,Yes,0,0.0
1878,Male,73,75,84,9.32,56,44,53,4,5,14,3,84,1,No,1,10.1
1879,Male,75,62,71,5.55,82,51,60,2,1,12,5,66,5,Yes,0,0.0
1880,Female,72,88,52,7.71,57,65,64,5,2,13,0,97,5,Yes,1,11.01
1881,Female,95,76,65,7.21,66,97,65,0,5,19,3,84,2,Yes,1,7.22
1882,Female,50,50,63,9.36,62,48,42,4,4,20,5,70,5,No,0,0.0
1883,Male,73,58,72,7.24,57,83,95,1,3,6,5,75,2,Yes,1,8.04
1884,Male,78,83,52,9.05,74,55,42,1,3,0,1,94,0,No,0,0.0
1885,Female,90,87,73,9.19,95,96,80,2,1,5,4,67,5,No,0,0.0
1886,Male,83,59,81,5.68,72,98,63,2,5,10,1,81,2,Yes,1,4.24
1887,Female,77,62,77,6.58,97,73,81,5,2,8,0,65,3,No,0,0.0
1888,Male,79,84,76,8.47,97,53,71,2,4,16,4,94,1,Yes,1,7.74
1889,Female,53,95,70,6.94,72,74,61,1,5,9,0,68,1,Yes,0,0.0
1890,Male,85,86,69,6.82,70,96,81,0,3,6,1,94,3,Yes,0,0.0
1891,Male,60,95,90,6.04,51,45,81,1,0,1,4,61,4,Yes,0,0.0
1892,Male,59,81,94,8.47,98,73,95,1,3,20,1,92,0,Yes,1,7.88
1893,Male,51,80,95,6.62,95,58,75,2,2,12,0,72,4,No,0,0.0
1894,Female,72,72,61,9.46,93,60,61,5,2,8,5,95,0,Yes,1,11.74
1895,Female,69,70,76,5.54,63,77,52,5,5,10,4,85,3,No,0,0.0
1896,Male,62,65,79,6.05,49,46,55,2,4,7,1,62,2,No,0,0.0
1897,Male,58,77,57,6.02,84,52,41,3,1,16,5,92,5,Yes,0,0.0
1898,Male,58,76,83,8.73,82,42,97,2,0,22,2,98,5,No,0,0.0
1899,Female,94,59,74,8.02,81,94,97,3,0,13,2,80,0,Yes,0,0.0
1900,Male,70,62,92,9.13,57,63,55,0,0,10,2,92,5,Yes,1,11.91
1901,Female,82,85,90,6.17,53,89,52,4,1,5,0,85,2,Yes,0,0.0
1902,Female,59,85,95,5.55,92,40,73,5,2,21,2,75,3,Yes,0,0.0
1903,Female,70,57,54,6.09,65,95,58,0,3,1,1,85,4,No,0,0.0
1904,Female,63,82,91,9.63,93,89,94,0,1,24,3,70,5,Yes,0,0.0
1905,Male,57,62,68,5.55,81,79,41,3,5,5,2,79,1,Yes,0,0.0
1906,Female,56,79,84,6.07,58,82,48,2,1,10,2,98,1,Yes,0,0.0
1907,Male,52,57,67,8.99,76,57,86,1,2,4,0,70,0,Yes,1,5.13
1908,Male,91,54,75,9.4,47,83,61,0,4,4,2,98,0,No,1,4.82
1909,Male,72,83,63,6.64,40,55,40,5,4,6,0,75,0,Yes,0,0.0
1910,Male,91,84,58,8.49,72,50,51,3,1,9,5,85,0,No,1,14.36
1911,Female,61,90,90,6.73,90,89,93,0,0,15,3,85,0,No,1,5.95
1912,Female,54,72,83,8.43,45,74,73,0,1,21,5,91,3,Yes,0,0.0
1913,Male,64,81,88,8.51,80,58,51,5,5,16,5,61,1,No,1,11.93
1914,Female,93,67,91,7.69,80,55,66,3,4,15,0,95,2,Yes,0,0.0
1915,Female,92,77,75,9.48,89,68,66,0,1,2,5,69,3,Yes,0,0.0
1916,Female,60,95,56,6.74,50,64,65,0,2,12,1,98,4,No,0,0.0
1917,Male,63,91,78,5.92,98,77,82,3,4,21,3,68,1,Yes,1,7.98
1918,Male,93,80,52,8.75,88,78,84,2,5,24,2,89,2,Yes,1,9.11
1919,Female,57,65,84,6.12,85,83,78,3,4,13,0,75,4,No,0,0.0
1920,Female,81,57,89,5.77,93,40,78,5,5,19,5,88,2,No,0,0.0
1921,Female,63,55,58,5.87,90,60,45,3,2,17,4,69,4,No,0,0.0
1922,Female,91,61,50,6.56,89,50,52,0,4,10,5,64,3,No,0,0.0
1923,Male,52,50,65,5.66,66,94,94,0,4,6,2,73,4,No,0,0.0
1924,Female,54,73,50,6.64,75,68,40,5,4,9,4,64,1,No,1,11.37
1925,Female,63,56,69,6.71,68,82,48,0,3,15,4,68,5,No,1,8.49
1926,Male,61,76,85,8.23,98,77,78,5,4,22,2,84,0,No,0,0.0
1927,Male,88,85,79,8.7,82,40,51,3,5,24,3,99,4,No,0,0.0
1928,Male,75,52,66,7.3,97,81,46,3,0,15,1,83,5,No,0,0.0
1929,Female,51,69,88,9.23,53,93,79,0,2,3,2,66,2,Yes,1,5.02
1930,Male,51,90,87,5.7,89,77,81,0,4,22,4,98,1,No,1,12.33
1931,Male,75,82,80,6.3,70,59,93,3,2,0,4,99,0,Yes,1,13.83
1932,Female,66,88,94,6.84,52,94,73,2,0,3,1,72,0,No,1,6.79
1933,Male,73,89,74,6.61,77,40,62,2,5,3,1,80,0,No,0,0.0
1934,Female,81,94,69,6.98,41,53,54,1,3,19,4,81,5,Yes,0,0.0
1935,Male,88,77,64,6.4,80,86,93,3,4,20,0,81,2,Yes,1,3.32
1936,Female,61,76,81,7.78,59,98,56,1,2,19,0,67,1,Yes,0,0.0
1937,Male,84,88,73,9.21,52,96,89,0,0,14,0,74,4,No,0,0.0
1938,Female,89,53,78,7.52,71,67,96,1,4,22,1,95,3,No,0,0.0
1939,Female,91,62,69,6.19,96,86,95,2,4,0,0,87,0,Yes,1,11.76
1940,Male,51,90,55,9.47,78,54,84,0,3,14,0,72,1,Yes,1,6.11
1941,Female,72,81,95,8.62,43,54,79,5,0,18,1,61,5,Yes,0,0.0
1942,Male,56,52,76,6.1,70,41,73,3,3,18,2,70,5,Yes,0,0.0
1943,Female,65,62,50,9.52,93,84,49,5,2,9,1,94,2,Yes,1,14.35
1944,Male,82,59,86,8.16,56,97,65,3,4,13,4,64,0,Yes,1,4.28
1945,Male,91,63,60,8.26,70,46,84,0,4,11,5,84,2,No,1,14.05
1946,Male,52,66,93,6.47,53,55,77,1,3,8,3,89,5,No,0,0.0
1947,Female,62,72,67,8.38,79,75,84,4,2,16,2,91,0,Yes,1,13.01
1948,Female,84,83,84,8.62,53,74,97,0,5,6,0,65,1,Yes,1,5.27
1949,Male,54,81,90,8.33,63,67,87,5,2,17,2,88,0,Yes,0,0.0
1950,Male,73,66,68,5.74,68,53,49,1,0,7,5,94,5,No,0,0.0
1951,Male,84,74,62,5.74,49,40,42,5,0,24,5,64,5,No,1,14.12
1952,Female,81,93,84,8.65,98,84,59,3,2,12,3,71,5,Yes,0,0.0
1953,Male,61,70,50,7.63,87,58,70,0,3,13,4,62,0,No,1,4.58
1954,Female,80,52,63,8.1,79,40,77,3,1,5,3,78,2,No,0,0.0
1955,Female,85,63,95,7.35,57,76,95,3,1,7,5,63,0,Yes,1,10.1
1956,Female,66,65,68,7.74,85,51,47,4,2,21,4,86,1,No,1,13.99
1957,Male,85,67,91,8.87,63,57,65,1,3,15,0,89,5,Yes,0,0.0
1958,Female,61,77,69,9.64,47,55,41,0,5,0,2,62,5,No,0,0.0
1959,Female,66,59,58,7.6,41,95,77,0,1,11,5,73,0,No,1,12.98
1960,Male,85,79,62,7.65,78,46,40,2,4,11,1,87,4,Yes,0,0.0
1961,Female,52,87,80,9.08,73,50,59,2,3,2,3,80,1,Yes,0,0.0
1962,Male,83,59,61,5.62,81,74,61,3,4,0,1,93,2,No,1,13.91
1963,Male,59,71,84,8.16,62,58,42,2,1,20,0,85,3,No,0,0.0
1964,Female,62,52,87,9.55,85,72,99,5,2,23,4,68,1,No,1,10.89
1965,Female,66,85,52,8.67,55,49,92,4,3,6,1,67,5,No,0,0.0
1966,Male,82,75,58,6.64,68,83,43,4,3,12,0,96,1,No,0,0.0
1967,Female,58,77,79,6.37,97,94,84,5,5,23,0,80,2,No,0,0.0
1968,Female,58,75,74,7.44,59,59,92,3,4,24,0,86,0,No,1,13.58
1969,Male,89,82,69,7.12,46,57,96,4,1,21,3,87,0,No,1,14.84
1970,Female,63,93,61,5.94,43,77,45,1,5,17,5,87,3,Yes,0,0.0
1971,Female,89,82,55,5.66,47,69,84,5,0,2,2,64,5,Yes,0,0.0
1972,Male,77,55,53,6.03,67,64,97,4,5,9,4,64,0,Yes,1,5.07
1973,Female,79,90,55,8.55,42,81,80,4,2,5,5,69,5,Yes,0,0.0
1974,Female,52,58,65,5.78,50,84,58,4,2,14,2,68,5,Yes,0,0.0
1975,Male,80,70,79,7.1,79,55,53,0,4,5,2,89,3,Yes,1,11.3
1976,Male,90,64,74,8.46,57,70,90,4,3,22,2,75,5,No,0,0.0
1977,Female,69,69,61,9.49,81,72,97,3,3,15,1,71,5,No,0,0.0
1978,Male,73,80,57,6.77,75,88,60,4,1,13,0,77,4,No,0,0.0
1979,Female,80,91,89,6.23,73,66,94,0,1,24,4,71,5,Yes,0,0.0
1980,Female,77,54,86,8.43,46,62,57,4,1,24,2,65,2,No,1,11.52
1981,Male,67,72,71,6.42,81,67,48,1,4,6,3,74,0,Yes,0,0.0
1982,Female,86,70,60,6.76,65,85,79,0,1,6,1,75,2,No,1,3.76
1983,Male,87,80,63,5.86,64,59,44,4,5,24,4,70,5,Yes,0,0.0
1984,Female,69,87,74,7.02,83,77,48,4,0,11,1,71,0,No,1,7.43
1985,Male,66,73,75,6.99,40,47,86,1,3,21,3,80,2,No,1,6.05
1986,Male,78,91,93,8.11,76,63,65,4,3,7,4,67,0,Yes,1,8.41
1987,Female,71,55,56,8.24,59,75,99,1,2,7,1,91,4,No,0,0.0
1988,Female,88,80,61,7.65,92,59,77,5,4,14,3,73,4,Yes,0,0.0
1989,Male,51,78,91,8.75,96,58,64,2,2,2,5,87,2,No,1,8.31
1990,Female,94,61,83,6.14,50,61,86,0,4,18,2,75,4,No,0,0.0
1991,Female,95,67,57,7.87,77,45,67,2,4,20,5,90,5,No,0,0.0
1992,Female,73,54,86,6.59,82,58,75,1,4,1,4,93,1,Yes,1,8.02
1993,Male,88,73,85,8.74,70,66,98,1,3,16,0,66,1,Yes,1,8.12
1994,Male,57,92,53,8.71,66,78,95,3,5,10,4,81,5,Yes,0,0.0
1995,Male,82,76,92,8.82,48,77,90,4,3,22,0,87,0,Yes,1,6.43
1996,Male,63,84,72,9.43,78,41,86,2,4,13,2,70,3,Yes,0,0.0
1997,Female,73,51,50,6.43,88,64,85,5,2,6,3,71,1,No,1,9.03
1998,Female,95,72,62,6.61,80,62,75,4,3,23,1,64,1,Yes,1,12.98
1999,Male,62,82,61,6.36,87,82,88,2,2,11,2,94,5,Yes,0,0.0
2000,Female,52,89,86,8.14,54,49,98,0,1,9,2,98,4,No,0,0.0
2001,Male,62,82,94,7.55,73,41,65,2,0,2,2,63,0,Yes,0,0.0
2002,Male,61,83,84,8.48,56,74,47,1,4,3,1,76,2,Yes,0,0.0
2003,Female,86,80,55,7.7,40,44,65,5,1,1,3,93,0,No,1,12.89
2004,Male,84,90,73,7.17,92,79,66,3,0,3,0,69,2,No,1,7.35
2005,Male,53,78,57,6.56,53,85,56,5,0,7,3,81,3,No,0,0.0
2006,Male,75,68,94,9.27,99,52,60,4,5,16,2,91,5,No,1,5.46
2007,Female,88,55,67,8.89,46,41,90,4,5,6,2,89,0,No,1,8.77
2008,Male,92,70,77,9.15,95,57,71,2,2,4,2,75,3,Yes,1,11.51
2009,Female,78,75,63,5.8,68,93,83,4,0,0,3,91,1,Yes,1,13.71
2010,Female,51,72,72,8.17,54,83,53,5,4,1,2,70,1,Yes,0,0.0
2011,Female,64,65,65,7.69,89,82,88,5,0,9,2,61,2,No,1,3.4
2012,Male,57,79,51,6.0,80,41,49,2,1,4,5,73,5,No,0,0.0
2013,Male,85,87,73,9.52,99,84,57,3,0,8,0,61,5,Yes,0,0.0
2014,Female,90,84,82,8.87,95,54,68,2,5,16,2,76,5,No,0,0.0
2015,Female,87,52,69,5.61,82,53,92,3,1,7,1,97,3,No,0,0.0
2016,Female,51,94,93,7.22,46,77,96,3,1,18,3,98,1,Yes,1,11.6
2017,Male,72,54,93,9.48,51,40,57,0,3,1,3,83,5,No,0,0.0
2018,Male,65,59,79,8.16,60,56,61,3,4,18,5,60,4,No,0,0.0
2019,Male,78,76,69,6.31,99,42,76,5,0,14,4,92,0,No,1,3.05
2020,Female,88,90,60,7.95,91,57,91,1,2,22,3,79,1,No,0,0.0
2021,Female,75,50,72,6.87,54,89,47,0,5,6,5,62,0,Yes,1,12.49
2022,Female,91,63,94,9.62,41,79,90,3,0,0,3,91,5,No,0,0.0
2023,Male,58,72,90,8.4,60,63,93,3,4,6,2,87,4,Yes,0,0.0
2024,Male,71,88,92,9.59,98,40,48,5,0,0,0,84,4,Yes,0,0.0
2025,Male,74,55,57,8.18,81,50,57,0,3,10,4,80,1,No,0,0.0
2026,Male,91,82,93,6.4,44,99,66,5,5,11,5,78,4,No,1,12.59
2027,Male,61,53,56,8.05,52,40,99,1,0,18,0,67,2,No,1,12.74
2028,Female,82,87,54,6.12,58,71,58,3,1,21,3,86,2,No,0,0.0
2029,Male,71,73,55,7.2,75,43,95,5,0,9,2,80,5,No,0,0.0
2030,Female,94,59,90,7.26,82,66,82,5,1,23,5,78,3,No,0,0.0
2031,Female,82,53,78,7.36,68,55,58,2,5,24,2,69,4,No,0,0.0
2032,Female,57,69,66,7.09,88,96,70,5,4,11,5,61,1,Yes,0,0.0
2033,Female,71,57,95,9.38,97,64,53,1,4,19,4,73,4,No,0,0.0
2034,Female,54,69,89,7.85,70,82,54,5,1,1,5,69,0,Yes,0,0.0
2035,Female,53,68,62,6.13,42,59,59,5,3,24,4,82,2,Yes,0,0.0
2036,Female,63,72,86,5.53,90,95,60,5,3,16,1,82,2,No,1,14.99
2037,Female,69,77,74,8.9,92,77,97,5,1,19,3,77,2,No,1,3.33
2038,Female,88,64,87,6.96,83,49,91,1,2,1,3,97,0,No,1,7.67
2039,Male,83,60,56,7.65,86,93,51,1,3,6,5,69,0,No,1,7.19
2040,Female,69,94,72,8.79,87,50,61,5,2,2,4,95,0,Yes,1,8.85
2041,Male,73,67,56,6.42,86,62,82,0,2,20,3,78,3,Yes,0,0.0
2042,Male,65,84,59,6.7,83,61,79,4,1,12,5,65,2,No,1,3.11
2043,Male,85,84,54,5.62,86,45,89,5,3,23,4,93,0,Yes,1,8.37
2044,Male,76,60,84,8.78,73,92,73,0,3,14,0,92,5,No,0,0.0
2045,Male,56,82,83,8.67,70,82,58,5,2,13,2,71,3,No,0,0.0
2046,Male,88,58,78,7.67,94,63,64,0,2,1,0,71,4,No,0,0.0
2047,Male,81,84,58,8.02,78,40,52,5,2,20,2,76,5,No,0,0.0
2048,Male,73,92,52,8.45,57,70,89,4,0,15,0,97,2,Yes,1,12.3
2049,Male,68,73,76,7.98,55,92,66,1,3,3,4,71,2,No,1,9.39
2050,Male,86,66,87,6.73,40,88,87,3,5,11,5,60,2,Yes,1,9.29
2051,Male,68,83,64,5.55,42,85,40,2,1,3,1,65,5,Yes,0,0.0
2052,Male,84,72,81,7.22,75,55,94,3,1,16,3,96,3,No,0,0.0
2053,Female,86,64,62,8.48,96,60,63,5,5,11,3,67,4,Yes,0,0.0
2054,Female,63,51,91,7.04,52,85,51,3,3,7,0,64,5,Yes,0,0.0
2055,Male,61,59,74,6.4,72,56,48,4,5,14,2,68,4,Yes,0,0.0
2056,Male,55,77,85,5.75,59,87,57,0,5,7,2,80,4,No,0,0.0
2057,Male,89,53,83,6.84,94,86,79,2,0,18,4,92,2,No,1,7.42
2058,Female,82,64,87,7.06,84,90,72,3,5,22,0,97,1,Yes,1,7.82
2059,Female,85,72,80,8.64,62,84,69,1,0,1,1,75,3,No,0,0.0
2060,Male,71,82,65,9.39,83,56,55,2,4,14,3,72,1,No,1,7.09
2061,Female,72,57,72,9.5,85,61,52,5,3,1,4,81,2,Yes,1,3.06
2062,Male,87,63,61,6.53,63,45,46,3,1,9,0,77,5,Yes,0,0.0
2063,Female,80,73,77,9.68,87,51,94,2,4,17,2,84,2,Yes,1,6.81
2064,Female,91,61,75,9.13,99,67,92,0,0,14,5,83,5,Yes,0,0.0
2065,Male,76,53,95,8.61,57,97,71,3,2,14,3,83,3,Yes,0,0.0
2066,Female,82,82,88,8.73,58,60,42,4,4,15,0,78,0,No,0,0.0
2067,Female,57,64,53,6.19,85,75,74,2,1,18,2,93,2,Yes,1,6.51
2068,Female,58,89,81,7.07,60,94,73,3,3,12,1,71,1,No,1,3.37
2069,Female,72,61,54,8.74,56,88,78,1,0,2,3,66,0,No,0,0.0
2070,Male,81,85,81,6.21,74,43,72,2,1,2,2,68,3,Yes,0,0.0
2071,Female,59,68,86,5.85,97,95,81,1,2,13,4,66,4,No,0,0.0
2072,Male,77,79,75,9.33,68,93,72,3,5,21,0,75,5,Yes,1,9.01
2073,Female,69,90,92,9.36,51,66,66,4,3,24,1,73,2,No,1,11.15
2074,Male,79,54,87,7.17,92,64,57,3,5,15,1,91,4,No,1,13.68
2075,Female,51,94,65,6.66,50,96,56,2,3,15,4,68,4,Yes,1,11.74
2076,Female,67,78,65,5.88,58,99,63,1,1,8,5,88,0,No,1,5.1
2077,Female,90,80,54,7.71,86,61,84,2,5,19,2,61,3,No,0,0.0
2078,Male,71,93,93,5.92,69,74,80,5,4,13,5,69,2,Yes,1,10.54
2079,Male,68,69,80,9.25,96,49,58,4,1,15,3,69,3,No,0,0.0
2080,Male,59,84,69,5.99,83,65,43,5,0,22,0,62,3,Yes,0,0.0
2081,Male,56,62,72,8.48,65,83,72,2,3,2,4,88,0,Yes,1,12.78
2082,Male,59,66,70,7.39,67,73,46,0,4,12,4,98,5,Yes,0,0.0
2083,Female,54,55,54,5.68,96,51,45,2,5,18,5,64,5,Yes,1,8.68
2084,Female,52,60,85,7.85,77,49,91,1,1,15,4,81,1,No,1,5.23
2085,Male,79,52,82,8.45,78,41,51,0,0,3,1,92,3,Yes,0,0.0
2086,Female,59,66,62,7.76,93,85,41,1,4,5,2,82,5,No,0,0.0
2087,Female,81,71,71,8.2,97,69,66,3,5,4,4,92,0,Yes,1,5.97
2088,Male,56,92,63,5.83,82,54,51,0,0,23,1,83,2,Yes,0,0.0
2089,Female,88,76,72,6.4,90,72,57,1,0,19,3,60,1,No,0,0.0
2090,Male,68,91,66,9.63,40,41,81,5,1,13,2,65,2,Yes,1,5.64
2091,Female,79,74,72,8.09,51,80,76,0,0,24,3,91,4,Yes,0,0.0
2092,Female,51,90,58,6.52,68,74,69,1,5,0,2,69,1,No,1,12.68
2093,Female,76,94,53,9.64,84,59,40,4,4,9,4,76,4,Yes,0,0.0
2094,Male,68,75,87,9.5,64,69,63,4,4,24,2,85,1,No,1,12.92
2095,Female,71,88,68,6.81,66,44,71,0,2,15,0,73,3,No,0,0.0
2096,Male,71,60,76,6.09,40,53,77,3,4,11,2,99,4,No,0,0.0
2097,Male,89,76,84,5.84,92,94,83,3,4,18,2,77,5,No,0,0.0
2098,Male,61,65,82,9.28,51,74,47,0,3,14,2,63,3,No,0,0.0
2099,Male,76,85,51,5.87,53,63,80,5,5,3,0,64,0,No,1,10.29
2100,Male,78,92,86,6.26,84,55,73,5,2,22,3,78,5,Yes,0,0.0
2101,Female,71,55,66,8.95,80,58,90,4,1,20,4,67,1,Yes,1,7.08
2102,Male,86,90,70,5.59,49,90,51,5,1,1,3,88,5,Yes,1,6.56
2103,Female,79,88,53,6.12,60,86,47,4,4,22,2,73,4,Yes,0,0.0
2104,Female,86,76,89,6.01,59,77,69,5,3,3,3,74,5,No,0,0.0
2105,Male,77,63,63,7.52,64,44,89,2,0,6,2,64,2,No,0,0.0
2106,Female,64,74,83,8.35,55,85,86,4,1,18,5,89,5,Yes,0,0.0
2107,Female,72,84,84,9.38,78,91,51,5,1,6,2,76,5,Yes,0,0.0
2108,Male,78,86,74,8.42,72,68,70,4,0,1,5,91,1,Yes,1,9.83
2109,Female,59,50,52,8.73,52,74,56,5,3,6,0,66,0,No,1,4.42
2110,Male,63,91,89,8.57,80,53,45,0,5,13,0,60,1,Yes,0,0.0
2111,Male,63,85,68,8.46,56,75,42,1,0,8,5,95,1,No,1,4.37
2112,Male,60,85,72,6.62,53,48,85,2,1,20,1,73,5,No,0,0.0
2113,Male,77,62,55,9.21,41,83,62,0,0,1,1,88,3,Yes,0,0.0
2114,Male,92,58,85,8.5,46,49,78,4,2,19,3,71,1,No,1,6.89
2115,Male,62,73,76,6.49,44,99,44,2,2,7,2,96,4,No,0,0.0
2116,Male,86,85,85,7.86,47,55,60,2,1,14,0,98,5,No,1,5.11
2117,Female,83,60,72,7.52,59,95,40,4,1,7,1,91,5,No,0,0.0
2118,Male,56,87,76,8.93,62,77,41,1,4,16,3,91,0,No,1,12.82
2119,Female,81,50,69,6.65,42,92,66,4,3,2,4,63,0,Yes,1,3.51
2120,Female,89,57,61,9.55,63,83,66,3,5,8,3,88,1,Yes,1,5.5
2121,Female,78,60,77,6.33,92,58,70,2,4,19,5,82,1,Yes,1,3.98
2122,Female,84,80,50,9.48,94,55,86,3,1,3,2,68,4,Yes,0,0.0
2123,Male,83,93,84,6.28,96,89,57,2,1,4,3,66,0,Yes,1,8.41
2124,Female,64,95,89,6.79,67,67,60,2,0,2,1,68,1,Yes,0,0.0
2125,Male,52,80,51,6.36,56,55,45,5,2,9,1,91,1,Yes,1,7.95
2126,Male,78,63,52,7.99,71,97,83,4,2,14,1,69,4,No,0,0.0
2127,Female,81,90,59,6.57,75,90,69,0,2,24,3,88,1,Yes,1,5.71
2128,Male,92,87,94,5.97,70,40,98,3,5,21,5,94,5,Yes,0,0.0
2129,Male,85,80,92,7.89,47,78,73,2,5,5,5,70,4,No,0,0.0
2130,Male,52,86,59,8.04,89,46,60,5,5,10,4,94,5,Yes,0,0.0
2131,Female,54,94,73,8.82,96,66,60,1,0,23,0,76,0,Yes,1,4.52
2132,Male,80,80,57,6.22,90,82,49,0,2,14,4,87,3,No,0,0.0
2133,Female,52,69,72,7.6,52,92,43,0,3,9,4,65,5,No,0,0.0
2134,Male,82,89,81,7.36,99,54,41,3,0,13,4,64,3,No,1,6.62
2135,Male,76,63,90,8.93,87,82,44,4,4,21,0,76,0,No,1,8.15
2136,Female,92,73,66,6.29,91,64,91,5,5,24,5,87,3,Yes,0,0.0
2137,Female,87,91,56,6.76,72,70,49,2,5,17,0,85,0,No,0,0.0
2138,Female,66,65,84,9.52,52,42,68,4,3,7,1,87,1,No,1,5.61
2139,Male,70,84,60,6.44,88,91,96,4,2,7,2,67,5,Yes,0,0.0
2140,Male,57,91,78,6.82,86,53,80,2,1,9,0,64,4,Yes,0,0.0
2141,Male,77,81,55,6.33,85,97,52,3,2,7,1,98,4,No,0,0.0
2142,Female,68,79,81,5.92,59,87,62,4,5,6,0,96,0,No,1,9.12
2143,Male,50,51,88,9.77,60,96,94,1,2,12,2,73,3,Yes,0,0.0
2144,Male,91,93,78,5.75,40,81,56,0,1,17,1,80,1,Yes,0,0.0
2145,Female,92,50,85,8.96,89,63,54,4,1,14,4,95,3,No,0,0.0
2146,Female,75,71,75,8.3,45,50,90,0,3,3,4,82,2,Yes,1,4.87
2147,Female,65,72,95,7.63,47,92,82,4,4,4,1,61,4,No,0,0.0
2148,Male,93,78,79,7.67,46,66,49,4,0,2,4,62,1,Yes,0,0.0
2149,Male,91,65,75,5.84,90,41,95,4,3,8,4,73,0,Yes,1,10.16
2150,Male,67,71,89,6.16,43,73,54,3,3,10,5,94,5,Yes,0,0.0
2151,Male,51,56,72,6.33,95,98,50,0,4,7,0,86,5,Yes,0,0.0
2152,Female,72,77,92,9.58,48,79,91,0,3,24,4,74,5,Yes,1,4.76
2153,Female,77,53,72,7.18,44,91,44,4,0,24,1,60,4,No,0,0.0
2154,Female,77,68,93,8.68,83,79,65,2,5,22,3,72,4,Yes,0,0.0
2155,Female,91,55,72,5.96,63,53,68,2,2,11,4,88,1,Yes,1,7.63
2156,Female,95,86,95,6.34,70,49,82,1,3,12,5,98,0,No,1,3.85
2157,Male,68,94,50,9.18,75,58,97,0,2,11,0,74,1,Yes,0,0.0
2158,Female,80,88,93,7.15,65,63,78,4,0,19,5,60,3,Yes,0,0.0
2159,Female,65,82,67,7.67,65,70,94,4,5,20,3,89,4,No,0,0.0
2160,Male,64,90,60,6.15,60,97,59,2,2,20,0,63,5,Yes,0,0.0
2161,Female,65,73,56,9.24,53,82,59,1,1,7,5,64,0,Yes,0,0.0
2162,Female,84,80,94,9.05,72,63,45,2,1,4,2,96,0,No,1,3.26
2163,Male,73,64,79,9.64,53,55,87,3,5,21,3,75,0,Yes,1,13.37
2164,Female,71,52,67,5.55,94,71,47,1,3,3,3,94,4,No,0,0.0
2165,Female,55,72,93,8.11,84,95,93,0,0,1,3,73,3,No,0,0.0
2166,Female,71,74,54,6.88,59,45,78,5,3,1,1,61,3,Yes,0,0.0
2167,Male,54,60,94,8.68,66,66,77,5,2,23,2,60,0,Yes,1,14.73
2168,Male,50,92,82,8.72,72,48,99,5,2,18,5,62,0,Yes,1,5.22
2169,Male,75,80,74,8.68,80,64,73,3,4,24,1,80,0,No,1,10.08
2170,Male,75,66,60,7.98,66,94,66,5,4,21,0,91,1,Yes,1,10.92
2171,Female,83,69,66,6.37,99,51,76,4,2,23,5,67,2,Yes,1,7.73
2172,Male,63,84,95,7.39,70,45,88,5,2,9,0,60,0,No,1,5.28
2173,Female,57,56,93,7.07,55,70,69,4,2,1,1,61,2,No,1,9.34
2174,Female,66,54,61,7.85,54,88,51,2,4,19,0,94,4,No,0,0.0
2175,Female,70,61,60,7.82,84,75,72,1,1,3,2,99,5,No,0,0.0
2176,Male,56,64,81,6.67,75,49,54,1,4,0,3,93,1,Yes,0,0.0
2177,Female,93,90,54,6.64,95,57,76,1,0,1,1,99,2,No,0,0.0
2178,Male,54,68,71,7.36,94,40,56,1,1,16,4,87,1,Yes,0,0.0
2179,Male,89,52,75,6.32,48,80,43,1,2,0,0,64,5,Yes,0,0.0
2180,Male,62,64,56,9.66,45,82,81,3,2,2,2,74,2,Yes,1,7.5
2181,Male,66,58,87,8.76,54,80,79,4,5,6,3,94,2,No,1,3.35
2182,Female,66,72,74,8.04,51,84,46,4,2,0,5,90,1,No,1,9.07
2183,Female,67,69,91,5.52,47,87,74,3,0,10,5,65,3,Yes,0,0.0
2184,Female,63,79,80,7.84,50,96,57,1,1,7,1,76,5,Yes,0,0.0
2185,Female,86,50,76,9.48,95,64,71,1,1,4,1,67,3,No,0,0.0
2186,Male,65,62,71,7.09,68,50,93,0,2,14,2,89,0,No,1,6.11
2187,Female,81,50,78,8.47,42,43,53,3,5,6,3,68,0,No,0,0.0
2188,Female,69,50,93,8.83,91,48,64,5,3,13,2,68,1,No,1,12.26
2189,Male,68,72,75,7.94,61,52,63,3,4,3,4,89,2,No,0,0.0
2190,Male,64,51,82,9.57,97,48,44,4,5,12,1,72,2,No,1,4.92
2191,Male,63,56,94,7.7,58,80,87,3,0,24,1,62,4,No,0,0.0
2192,Male,91,91,86,8.85,84,75,79,1,2,24,5,87,5,Yes,0,0.0
2193,Male,71,85,65,9.17,40,55,65,1,5,19,0,88,4,No,0,0.0
2194,Male,79,89,70,7.45,79,96,96,1,4,0,3,70,0,No,1,12.14
2195,Male,70,75,77,6.5,78,92,68,2,3,10,3,76,3,Yes,0,0.0
2196,Male,68,53,53,8.3,57,98,75,0,5,11,3,83,5,No,1,6.26
2197,Male,76,78,73,8.93,87,93,76,4,3,9,1,83,4,Yes,0,0.0
2198,Female,51,92,68,8.43,63,41,65,3,4,7,5,73,4,No,0,0.0
2199,Female,89,76,59,6.2,61,76,78,0,0,3,1,81,5,Yes,0,0.0
2200,Male,80,94,79,6.48,45,60,64,3,5,6,3,67,5,Yes,0,0.0
2201,Female,52,77,51,5.55,60,55,53,1,2,1,3,85,4,No,0,0.0
2202,Female,77,80,79,7.17,63,94,79,5,5,4,2,93,1,Yes,1,9.18
2203,Female,79,65,88,6.66,85,68,94,3,2,13,0,96,4,Yes,0,0.0
2204,Female,59,95,80,8.5,43,86,67,1,3,0,3,91,5,Yes,0,0.0
2205,Male,88,67,92,8.49,93,51,72,0,1,1,3,96,5,Yes,1,6.54
2206,Female,51,78,90,7.92,46,49,78,4,5,18,0,61,4,Yes,0,0.0
2207,Female,93,78,58,7.97,66,66,95,2,0,10,4,83,1,Yes,1,4.85
2208,Male,88,91,92,5.57,83,95,60,4,5,21,3,88,4,Yes,0,0.0
2209,Male,90,93,62,5.83,98,71,50,1,3,23,0,90,4,No,0,0.0
2210,Female,71,57,88,9.46,48,51,40,0,4,20,3,75,5,No,0,0.0
2211,Female,51,92,62,5.96,74,59,92,2,4,12,3,77,0,Yes,1,13.02
2212,Male,68,95,73,6.16,52,62,52,4,3,4,3,83,4,Yes,0,0.0
2213,Male,54,68,69,6.85,86,82,87,5,3,15,5,96,0,Yes,1,14.43
2214,Male,85,62,89,7.74,56,99,71,1,4,23,0,88,2,Yes,1,6.31
2215,Female,63,51,69,9.55,57,80,66,1,5,24,4,61,1,Yes,1,4.27
2216,Male,73,69,86,5.88,68,57,91,4,5,1,2,70,5,Yes,0,0.0
2217,Male,86,61,54,6.03,78,59,67,1,2,12,0,93,4,No,0,0.0
2218,Female,50,72,88,9.11,57,52,46,5,2,7,1,68,1,No,0,0.0
2219,Female,95,93,65,7.88,48,51,40,1,1,9,2,62,4,Yes,0,0.0
2220,Male,75,60,72,5.86,65,79,94,3,1,8,1,81,0,Yes,1,13.28
2221,Female,57,94,68,6.1,88,50,84,0,0,1,1,70,0,No,0,0.0
2222,Female,74,66,89,5.63,50,70,61,1,4,6,5,93,4,Yes,0,0.0
2223,Female,60,55,93,5.66,64,65,51,5,5,20,3,84,1,No,0,0.0
2224,Female,62,69,83,7.98,78,79,96,5,0,9,0,83,2,No,0,0.0
2225,Male,50,94,89,6.07,79,68,41,0,3,11,5,82,3,Yes,0,0.0
2226,Male,85,74,79,9.22,49,43,89,3,4,23,2,98,3,No,0,0.0
2227,Female,62,71,86,7.17,47,70,82,1,3,6,4,70,0,No,0,0.0
2228,Male,55,62,95,6.31,69,84,86,0,1,4,2,65,0,Yes,1,9.24
2229,Male,62,61,68,8.26,62,43,80,5,5,7,4,73,2,No,1,5.55
2230,Female,66,91,71,7.43,47,99,59,3,1,13,5,78,3,Yes,0,0.0
2231,Male,59,70,77,7.84,57,70,65,3,2,5,5,84,2,Yes,1,5.7
2232,Female,75,93,78,8.42,93,78,88,3,0,9,3,98,1,Yes,1,5.68
2233,Female,57,86,52,6.83,44,77,61,2,0,10,5,73,1,Yes,1,3.48
2234,Male,82,73,66,8.86,90,55,72,5,1,20,3,90,5,Yes,1,13.54
2235,Female,88,84,66,7.1,62,42,65,4,4,12,4,85,1,No,1,3.21
2236,Male,89,86,57,9.24,41,85,96,4,5,1,2,69,1,No,0,0.0
2237,Male,85,65,52,6.25,97,69,48,4,5,23,4,93,3,No,0,0.0
2238,Male,54,62,95,8.2,98,43,70,1,0,2,1,88,3,No,0,0.0
2239,Female,90,58,50,8.65,56,55,40,0,1,9,2,73,0,Yes,0,0.0
2240,Female,50,85,60,5.69,80,72,70,5,0,24,0,91,4,No,1,3.58
2241,Male,61,74,68,8.96,60,84,55,1,0,16,0,62,0,No,1,11.74
2242,Male,89,63,78,8.55,47,88,93,4,2,20,2,67,3,Yes,0,0.0
2243,Female,62,54,81,6.3,91,84,46,2,0,19,3,65,3,No,0,0.0
2244,Female,72,85,86,6.54,49,50,72,1,2,9,1,85,5,Yes,0,0.0
2245,Female,57,81,88,9.53,64,54,84,1,3,3,2,72,1,Yes,1,6.46
2246,Male,84,63,81,8.56,68,95,61,2,4,18,4,79,3,No,0,0.0
2247,Male,53,72,90,7.85,43,88,82,4,4,17,1,67,1,Yes,0,0.0
2248,Female,66,53,76,8.29,62,98,87,0,2,24,0,71,2,No,1,6.82
2249,Male,75,55,73,8.69,73,77,94,4,0,0,3,61,2,Yes,1,5.7
2250,Male,83,83,80,7.14,96,79,72,4,0,12,4,68,1,Yes,0,0.0
2251,Female,53,75,56,6.16,61,79,85,3,2,7,0,75,0,Yes,1,13.26
2252,Female,65,93,92,9.58,41,75,95,2,5,4,3,64,0,No,1,3.56
2253,Female,52,57,79,8.27,56,90,97,2,5,16,0,79,2,Yes,1,4.53
2254,Male,79,58,87,8.55,53,45,96,2,4,18,3,94,4,No,0,0.0
2255,Male,52,81,92,7.1,90,49,91,2,1,8,2,64,4,No,0,0.0
2256,Female,81,67,61,6.68,59,76,98,4,2,14,0,72,3,Yes,0,0.0
2257,Male,60,63,71,9.64,58,58,70,2,2,15,2,81,4,No,0,0.0
2258,Male,58,62,82,8.36,65,83,62,3,0,24,0,70,2,No,1,11.5
2259,Female,90,55,64,6.03,60,92,95,3,4,19,0,97,3,No,0,0.0
2260,Female,93,86,86,8.63,65,80,86,2,1,3,5,94,4,No,0,0.0
2261,Female,55,63,84,6.56,88,76,42,0,5,2,1,96,2,No,0,0.0
2262,Male,79,91,67,6.91,41,45,53,4,1,11,4,67,0,Yes,0,0.0
2263,Female,69,77,77,7.86,82,87,48,1,2,5,4,84,3,Yes,0,0.0
2264,Female,68,54,63,7.81,42,69,79,1,2,0,0,77,2,Yes,1,8.59
2265,Female,86,75,54,6.85,70,70,43,5,2,8,4,64,5,Yes,1,7.97
2266,Male,93,51,70,7.29,66,59,85,2,4,6,5,76,1,No,1,8.37
2267,Female,58,92,86,6.73,41,93,55,0,2,7,2,88,4,No,0,0.0
2268,Male,94,78,63,6.04,41,42,50,2,1,2,0,77,2,Yes,0,0.0
2269,Male,70,56,83,8.44,68,81,77,3,5,15,1,81,3,No,0,0.0
2270,Male,83,71,74,5.55,58,83,98,4,1,23,1,79,3,No,0,0.0
2271,Male,69,58,77,6.37,82,64,56,3,1,16,5,90,1,Yes,0,0.0
2272,Male,72,92,61,6.8,49,70,91,3,3,19,0,86,4,No,0,0.0
2273,Female,93,73,78,9.04,95,45,66,2,0,9,0,96,1,Yes,0,0.0
2274,Male,60,76,95,8.31,57,93,99,5,5,22,2,96,4,Yes,0,0.0
2275,Male,91,56,64,8.84,93,88,52,1,2,23,0,99,1,Yes,1,3.12
2276,Male,83,60,81,6.87,96,88,85,4,2,17,3,77,2,No,1,7.34
2277,Female,69,75,87,5.64,54,56,69,3,2,9,5,82,3,Yes,1,14.49
2278,Female,85,75,58,7.39,54,58,51,4,5,1,3,62,5,Yes,0,0.0
2279,Male,59,58,91,6.96,62,80,77,5,4,15,4,85,2,Yes,1,8.48
2280,Female,68,71,65,8.18,43,78,51,3,2,21,2,73,0,No,1,12.55
2281,Male,65,95,94,8.35,78,64,99,1,0,12,0,63,1,No,1,13.15
2282,Male,53,67,88,8.52,45,57,94,3,1,16,2,92,4,No,0,0.0
2283,Female,50,82,62,6.67,97,44,86,1,2,11,1,64,3,No,0,0.0
2284,Male,65,89,83,7.96,60,95,90,4,2,13,0,99,5,No,0,0.0
2285,Male,74,71,87,7.46,69,91,90,1,3,19,5,83,2,Yes,1,6.93
2286,Male,86,65,58,7.24,86,76,84,2,0,10,2,66,4,Yes,0,0.0
2287,Male,84,59,64,6.78,46,61,61,4,4,8,4,67,2,No,1,14.39
2288,Male,95,84,87,8.87,74,44,71,1,2,5,2,74,0,No,0,0.0
2289,Male,55,88,75,7.99,41,85,51,2,1,16,1,61,5,Yes,0,0.0
2290,Male,65,73,75,7.01,62,96,47,5,2,19,5,87,1,No,1,12.3
2291,Female,64,78,78,6.89,65,86,64,0,4,9,5,63,4,No,0,0.0
2292,Male,57,63,93,5.56,68,80,90,5,2,10,3,70,3,Yes,0,0.0
2293,Female,83,94,51,7.64,82,47,57,3,0,19,5,98,4,No,0,0.0
2294,Male,70,87,89,9.37,85,60,53,3,5,1,3,64,3,Yes,0,0.0
2295,Female,85,73,67,7.41,94,87,74,4,0,7,3,88,2,No,0,0.0
2296,Male,84,91,62,9.16,45,84,51,0,2,10,4,88,1,Yes,1,14.91
2297,Male,81,81,75,8.48,64,51,79,3,1,19,4,88,3,Yes,0,0.0
2298,Female,79,78,90,6.32,51,93,56,3,1,24,2,91,0,No,1,14.16
2299,Male,57,92,88,5.57,63,81,49,3,2,9,4,74,5,Yes,0,0.0
2300,Male,72,92,80,8.65,76,81,94,5,4,24,2,74,3,Yes,0,0.0
2301,Female,79,82,92,7.58,63,41,74,4,1,23,5,90,1,Yes,1,8.12
2302,Male,88,58,55,9.05,99,88,71,0,2,17,3,75,2,Yes,1,5.13
2303,Male,74,84,86,6.84,65,69,45,2,5,11,4,94,0,Yes,0,0.0
2304,Male,59,69,80,9.54,98,52,76,5,3,18,2,69,0,No,1,8.63
2305,Female,73,75,88,7.63,73,63,89,2,4,7,5,71,4,Yes,0,0.0
2306,Female,50,86,94,8.74,56,86,70,3,0,5,4,93,4,Yes,0,0.0
2307,Female,55,83,51,9.54,68,53,89,4,1,15,1,75,5,Yes,0,0.0
2308,Female,83,53,70,9.06,90,68,77,4,1,17,4,78,1,No,1,5.5
2309,Male,50,77,87,7.7,89,86,67,1,2,7,2,93,4,No,1,5.57
2310,Female,54,85,61,7.66,69,51,90,3,5,5,0,79,3,Yes,0,0.0
2311,Female,65,86,59,8.03,49,78,69,2,1,15,4,94,5,No,0,0.0
2312,Female,80,70,59,7.19,98,77,50,0,2,24,2,83,5,No,0,0.0
2313,Female,70,52,66,7.49,55,89,46,0,3,15,3,79,0,No,0,0.0
2314,Female,73,56,70,6.34,66,58,45,3,5,3,0,80,4,No,0,0.0
2315,Female,52,86,71,9.49,73,61,77,4,1,19,4,81,3,No,0,0.0
2316,Male,70,54,59,7.41,96,65,49,0,0,2,2,80,4,No,0,0.0
2317,Female,59,95,84,7.11,94,48,52,5,5,19,4,62,2,Yes,0,0.0
2318,Female,85,50,74,9.23,98,69,59,3,0,19,0,65,0,No,1,14.2
2319,Female,72,78,50,8.94,48,77,92,1,1,13,5,89,5,Yes,0,0.0
2320,Male,75,50,72,6.73,69,40,55,2,4,4,3,81,1,No,0,0.0
2321,Male,81,85,73,7.69,89,78,55,1,0,2,1,86,3,No,0,0.0
2322,Female,77,55,66,8.71,55,44,77,2,5,11,3,62,5,No,0,0.0
2323,Female,63,63,72,9.69,40,97,69,2,3,22,3,85,5,No,1,13.6
2324,Female,53,57,90,6.39,88,44,48,5,4,1,1,95,1,No,0,0.0
2325,Female,80,72,53,8.52,95,90,40,5,0,21,3,66,5,Yes,0,0.0
2326,Female,52,75,61,9.67,72,81,64,0,2,8,2,96,1,No,1,6.1
2327,Female,54,71,56,9.36,83,55,63,5,0,19,5,99,2,Yes,1,7.87
2328,Female,83,91,81,9.21,41,85,82,2,4,8,4,81,5,No,0,0.0
2329,Female,89,81,70,9.38,93,49,72,1,4,9,1,61,1,No,0,0.0
2330,Male,66,65,68,7.63,73,47,51,4,5,22,5,65,0,Yes,1,13.03
2331,Male,86,60,73,6.94,52,56,43,0,5,18,4,97,3,Yes,0,0.0
2332,Female,60,56,87,9.1,62,40,90,0,0,10,0,72,4,No,0,0.0
2333,Male,91,75,56,6.66,89,88,85,4,5,3,3,94,1,No,1,9.79
2334,Female,72,67,85,9.45,95,67,80,2,0,12,5,60,2,No,1,13.41
2335,Female,62,70,75,8.37,76,60,99,5,1,18,2,85,1,No,1,5.27
2336,Male,70,76,87,9.32,55,83,72,0,3,21,1,95,5,No,1,11.0
2337,Male,53,55,85,9.09,43,90,98,1,1,23,1,88,0,Yes,1,9.15
2338,Male,81,76,84,9.12,79,66,69,5,0,12,2,76,5,Yes,0,0.0
2339,Male,60,64,55,7.83,79,68,67,2,0,18,2,95,2,Yes,1,5.34
2340,Male,62,56,87,8.53,62,78,67,2,2,8,5,94,1,No,1,5.23
2341,Female,84,64,54,8.95,94,51,59,4,5,5,1,78,2,Yes,0,0.0
2342,Female,67,88,76,7.22,78,76,69,4,5,6,4,89,3,No,1,4.07
2343,Female,78,60,51,5.51,89,93,64,5,1,7,1,91,0,Yes,1,11.28
2344,Female,61,86,59,8.69,78,50,61,1,3,9,4,95,4,Yes,0,0.0
2345,Male,58,59,58,9.46,88,67,85,2,0,23,1,68,3,No,0,0.0
2346,Male,72,71,50,8.92,46,58,50,0,3,6,5,83,1,Yes,1,9.18
2347,Female,61,62,62,5.62,59,83,95,4,2,0,1,75,3,No,0,0.0
2348,Male,85,58,57,8.64,50,53,60,3,3,1,5,96,2,Yes,1,7.77
2349,Male,56,81,76,7.56,80,91,83,0,4,0,0,72,1,No,1,9.2
2350,Female,80,68,90,7.49,57,59,82,2,1,24,2,86,1,Yes,1,13.35
2351,Male,76,66,52,6.33,80,75,48,0,0,9,5,86,2,No,0,0.0
2352,Male,51,78,71,9.03,84,98,49,3,1,11,4,97,0,Yes,1,11.89
2353,Female,70,51,90,8.32,92,73,61,5,5,17,5,80,1,Yes,1,10.0
2354,Male,69,87,61,9.57,64,48,62,2,0,12,4,97,3,Yes,0,0.0
2355,Female,92,52,85,6.82,49,52,71,4,3,18,4,92,0,Yes,1,14.99
2356,Male,80,71,57,5.82,80,51,85,4,0,16,3,95,0,No,1,6.83
2357,Male,82,57,57,9.1,64,50,91,1,4,9,5,75,5,Yes,0,0.0
2358,Male,93,79,81,6.03,82,86,81,2,5,10,4,90,2,No,1,12.51
2359,Male,79,70,61,9.42,43,71,44,2,3,9,5,87,3,No,1,8.37
2360,Male,74,70,51,7.69,77,87,72,5,1,12,2,94,4,No,0,0.0
2361,Female,74,77,92,9.38,46,47,45,4,4,17,2,93,1,No,0,0.0
2362,Female,83,85,61,6.01,67,75,48,1,3,1,3,74,0,Yes,0,0.0
2363,Female,83,53,86,7.88,42,58,94,1,3,23,0,77,3,Yes,0,0.0
2364,Male,59,51,56,7.69,96,40,40,0,4,13,0,82,3,No,0,0.0
2365,Male,70,79,68,6.89,83,50,81,0,1,23,1,67,1,No,0,0.0
2366,Female,76,89,89,6.27,43,42,42,5,3,22,1,61,2,Yes,0,0.0
2367,Female,52,76,66,6.87,42,52,98,1,5,8,4,85,3,No,0,0.0
2368,Female,87,92,53,7.32,42,51,41,5,3,3,5,62,5,Yes,0,0.0
2369,Female,52,75,64,7.78,63,57,59,4,2,0,1,84,2,No,0,0.0
2370,Male,81,65,71,5.93,63,72,89,4,2,0,3,97,0,No,1,7.32
2371,Female,63,69,79,5.74,72,76,88,0,4,19,5,77,4,No,0,0.0
2372,Female,83,71,79,6.7,80,48,90,2,5,12,2,90,4,No,1,4.5
2373,Male,52,67,73,7.11,85,40,41,2,5,22,3,65,3,No,0,0.0
2374,Female,89,61,70,7.22,87,53,86,4,0,3,4,63,5,No,0,0.0
2375,Male,69,53,88,9.53,64,95,79,3,3,0,4,67,4,No,0,0.0
2376,Male,83,67,63,6.73,78,48,86,1,4,3,5,97,3,Yes,0,0.0
2377,Male,84,51,55,9.13,53,68,98,5,3,19,1,76,1,No,1,6.47
2378,Male,55,67,64,5.96,54,92,74,3,5,11,0,78,2,Yes,1,9.1
2379,Female,56,69,52,8.9,77,41,48,2,4,3,2,80,4,Yes,0,0.0
2380,Female,53,89,89,6.87,67,88,89,1,0,23,4,96,3,Yes,0,0.0
2381,Male,86,63,60,8.29,42,88,49,2,0,1,0,95,3,No,0,0.0
2382,Female,71,70,93,6.91,62,65,47,2,1,4,3,89,5,No,0,0.0
2383,Female,50,92,67,6.65,42,98,86,4,0,11,4,88,0,No,1,3.63
2384,Male,94,75,76,7.65,99,45,56,0,1,5,1,72,0,Yes,0,0.0
2385,Female,55,57,60,9.5,46,46,53,4,1,10,0,71,5,Yes,0,0.0
2386,Female,76,85,56,7.11,48,45,85,3,0,3,2,63,3,Yes,0,0.0
2387,Female,80,89,52,9.47,94,82,41,5,1,18,2,85,3,Yes,0,0.0
2388,Male,81,70,71,9.08,67,75,43,0,5,24,3,93,5,No,0,0.0
2389,Male,94,84,70,8.29,61,83,44,4,0,13,4,67,5,Yes,1,4.2
2390,Female,53,85,61,8.63,48,49,94,3,1,9,0,82,2,Yes,0,0.0
2391,Female,69,69,60,6.71,59,77,55,4,2,4,2,98,2,No,0,0.0
2392,Male,88,50,72,9.24,42,57,83,3,0,11,0,69,5,No,0,0.0
2393,Female,77,76,67,6.01,40,67,94,1,5,14,1,70,4,Yes,0,0.0
2394,Male,92,62,74,7.75,64,66,47,4,4,16,0,97,4,No,1,9.15
2395,Male,77,79,63,8.46,92,79,53,3,5,7,1,72,1,No,1,6.43
2396,Male,81,63,51,6.44,64,95,55,2,0,0,0,88,0,Yes,1,13.82
2397,Female,68,75,72,9.49,96,59,68,5,3,7,1,88,2,No,1,5.19
2398,Female,75,78,94,6.39,51,98,45,2,5,22,0,84,5,No,1,8.47
2399,Female,70,67,73,6.57,99,50,87,1,1,21,3,85,0,Yes,1,14.86
2400,Female,78,90,76,9.51,41,57,69,2,5,18,5,61,4,No,0,0.0
2401,Female,57,63,84,9.14,89,86,75,0,4,20,3,69,5,No,0,0.0
2402,Female,73,80,84,6.36,77,95,52,2,4,2,1,80,5,No,0,0.0
2403,Female,69,65,58,7.76,80,73,63,2,5,0,4,71,0,No,1,9.76
2404,Male,87,83,67,8.79,76,82,58,0,3,3,4,73,3,No,1,3.26
2405,Male,77,55,88,6.24,82,53,58,5,3,2,5,97,2,Yes,0,0.0
2406,Female,74,76,90,7.49,84,91,51,1,3,8,1,84,1,Yes,1,6.73
2407,Male,59,62,88,8.64,74,97,57,3,4,13,2,97,5,No,0,0.0
2408,Female,57,84,66,6.42,60,99,71,5,4,12,1,79,3,Yes,0,0.0
2409,Female,87,55,51,9.2,57,63,46,1,1,6,0,66,5,No,0,0.0
2410,Female,83,95,77,9.72,68,53,53,3,3,21,5,73,4,No,0,0.0
2411,Female,71,95,95,8.81,43,58,84,1,4,17,3,97,5,No,0,0.0
2412,Male,81,77,87,6.42,47,69,46,5,2,2,4,68,5,Yes,0,0.0
2413,Female,78,58,89,7.47,64,41,81,3,3,13,5,70,4,Yes,0,0.0
2414,Male,70,80,84,9.21,99,90,40,3,0,5,3,70,3,No,0,0.0
2415,Female,89,86,80,9.51,55,98,72,1,0,13,5,68,5,Yes,1,7.35
2416,Female,68,63,58,6.85,86,61,57,2,0,22,2,61,1,Yes,0,0.0
2417,Male,85,63,68,7.76,74,98,72,2,0,21,0,91,2,Yes,0,0.0
2418,Male,82,73,70,6.25,59,81,93,4,1,24,1,98,1,Yes,1,12.38
2419,Male,80,64,68,7.93,96,74,82,1,1,8,3,79,2,Yes,1,7.66
2420,Female,90,50,69,6.83,46,41,42,5,5,22,1,86,5,Yes,1,5.44
2421,Male,63,68,88,7.77,44,98,72,5,4,12,2,84,5,No,0,0.0
2422,Male,61,86,85,6.69,57,47,73,1,3,14,3,75,5,No,0,0.0
2423,Male,73,82,65,9.31,63,68,73,3,1,13,5,67,5,Yes,1,13.07
2424,Male,92,58,90,6.37,75,67,88,4,1,14,3,82,1,No,1,12.39
2425,Female,55,79,95,7.05,57,63,65,1,1,17,5,72,5,No,0,0.0
2426,Male,84,53,79,8.24,71,57,99,5,4,12,2,95,4,Yes,0,0.0
2427,Male,54,85,72,9.73,76,97,83,0,0,14,2,65,2,Yes,1,8.96
2428,Female,76,68,81,9.43,90,62,71,3,1,19,1,99,0,Yes,1,10.7
2429,Male,59,62,55,8.94,83,67,63,0,2,14,4,99,3,No,0,0.0
2430,Male,85,86,66,5.88,94,89,99,4,1,8,0,79,4,No,0,0.0
2431,Male,58,57,83,6.25,43,59,66,3,0,16,4,98,4,No,0,0.0
2432,Male,74,55,87,6.29,97,68,69,0,1,8,4,65,4,No,0,0.0
2433,Male,92,89,57,8.89,74,42,74,1,3,8,4,76,4,No,0,0.0
2434,Female,71,91,51,6.39,42,77,75,2,4,6,2,67,1,No,1,14.74
2435,Male,83,59,60,9.39,40,88,99,2,1,9,5,78,5,Yes,0,0.0
2436,Female,60,58,93,8.33,92,64,86,3,5,11,5,76,3,No,1,12.4
2437,Female,94,57,76,7.4,98,90,65,2,2,15,5,88,4,No,0,0.0
2438,Female,88,65,70,8.98,94,92,45,0,4,18,5,86,5,No,0,0.0
2439,Male,95,94,85,8.32,50,95,63,1,2,14,3,95,1,No,1,14.15
2440,Female,86,90,80,9.76,62,44,73,0,5,5,4,76,5,No,0,0.0
2441,Male,74,62,65,9.61,74,76,53,5,3,11,1,80,4,Yes,0,0.0
2442,Female,50,94,66,8.32,62,91,51,5,1,12,4,92,1,Yes,1,6.67
2443,Male,68,53,76,5.54,45,63,54,4,3,7,5,64,1,No,0,0.0
2444,Female,95,72,62,5.52,77,84,43,4,1,2,3,82,4,Yes,0,0.0
2445,Female,70,76,81,8.08,42,74,62,2,0,7,0,84,0,Yes,1,4.68
2446,Female,52,52,92,9.17,88,82,94,5,3,9,4,87,1,Yes,1,13.47
2447,Male,78,80,78,9.22,52,99,77,3,1,10,2,78,5,No,0,0.0
2448,Female,93,54,93,8.94,86,53,55,4,0,1,5,71,4,Yes,0,0.0
2449,Female,53,50,76,8.25,57,96,82,3,4,21,0,99,0,No,0,0.0
2450,Male,50,74,83,7.49,98,59,97,1,5,17,5,97,2,No,1,6.46
2451,Male,79,69,76,7.81,40,41,64,0,1,15,2,92,5,Yes,0,0.0
2452,Male,93,65,52,6.32,71,82,70,2,5,19,4,62,3,No,0,0.0
2453,Female,95,52,66,8.82,95,95,86,5,0,22,2,98,4,No,0,0.0
2454,Male,52,92,51,7.35,44,93,46,4,2,19,3,93,3,Yes,0,0.0
2455,Female,55,84,57,6.11,43,85,66,1,3,23,5,81,5,Yes,0,0.0
2456,Male,66,84,71,6.21,52,56,70,0,0,13,2,72,5,No,0,0.0
2457,Female,53,53,75,6.66,97,68,97,4,0,5,5,99,0,Yes,1,8.69
2458,Female,83,68,64,7.1,51,71,87,4,0,19,0,81,4,Yes,0,0.0
2459,Male,82,85,87,7.82,72,62,99,0,0,19,2,82,1,No,1,14.98
2460,Female,50,72,86,8.26,53,68,92,2,3,0,1,79,0,No,1,11.22
2461,Female,50,65,59,9.58,55,84,47,2,5,21,3,92,4,Yes,0,0.0
2462,Female,92,65,83,9.55,98,82,86,2,2,23,4,83,4,No,0,0.0
2463,Male,63,75,77,9.27,87,74,46,5,1,12,0,67,2,No,1,13.83
2464,Female,55,75,58,8.3,53,47,63,0,1,5,2,65,2,No,0,0.0
2465,Male,59,66,91,9.42,81,58,40,0,3,7,3,73,2,No,0,0.0
2466,Female,95,63,63,8.29,76,56,72,5,4,3,5,71,4,No,0,0.0
2467,Male,67,64,61,5.5,74,60,82,3,1,3,4,83,5,No,0,0.0
2468,Male,79,50,58,9.71,68,46,92,2,0,16,3,97,3,No,1,13.91
2469,Male,91,92,78,7.39,98,72,51,5,4,4,2,82,0,Yes,1,6.73
2470,Female,73,90,63,8.73,50,98,59,4,3,14,0,63,3,Yes,0,0.0
2471,Female,52,58,78,7.34,46,84,82,3,0,2,0,92,5,No,0,0.0
2472,Male,89,84,57,6.86,93,87,53,2,4,23,3,89,0,No,1,13.32
2473,Male,91,55,52,5.66,65,49,55,5,2,15,2,98,3,Yes,0,0.0
2474,Male,56,82,80,8.37,41,44,78,5,5,18,0,77,2,No,1,11.76
2475,Female,73,52,61,7.14,72,75,49,2,4,7,2,80,2,Yes,0,0.0
2476,Female,73,57,82,8.31,73,77,78,0,4,7,2,70,0,Yes,1,6.99
2477,Male,69,85,85,8.99,50,65,72,0,1,15,1,84,0,Yes,1,8.21
2478,Female,52,74,94,8.65,87,63,59,2,5,6,4,86,0,Yes,1,13.84
2479,Female,70,78,70,5.94,64,91,47,2,3,8,5,71,3,Yes,0,0.0
2480,Male,68,51,52,5.58,62,91,93,3,3,17,2,93,5,No,0,0.0
2481,Female,85,68,89,8.58,74,46,63,2,3,0,4,75,1,Yes,0,0.0
2482,Female,95,74,55,6.54,93,59,62,1,4,9,4,88,0,No,0,0.0
2483,Male,57,74,72,8.13,70,43,54,5,3,2,2,66,3,No,0,0.0
2484,Female,52,92,55,6.98,97,40,58,2,0,1,4,71,2,No,0,0.0
2485,Female,58,53,52,7.15,99,87,67,4,0,2,5,74,2,No,1,3.97
2486,Male,94,90,67,6.15,61,49,61,1,1,4,0,97,4,Yes,0,0.0
2487,Female,79,52,70,7.69,61,68,88,0,5,12,5,79,1,Yes,1,13.3
2488,Male,74,60,67,7.29,80,67,73,4,1,2,3,73,5,Yes,0,0.0
2489,Female,53,88,77,7.87,74,88,82,5,5,21,3,82,0,No,1,3.7
2490,Male,84,88,95,5.54,75,91,98,4,1,14,3,96,3,No,0,0.0
2491,Male,83,81,70,5.67,52,60,75,5,3,8,4,87,4,Yes,0,0.0
2492,Female,52,68,76,9.71,65,78,99,1,5,19,4,76,3,No,0,0.0
2493,Female,86,70,64,8.16,75,57,42,2,5,7,5,70,2,No,0,0.0
2494,Female,95,67,75,6.76,41,72,51,0,0,5,3,90,3,No,0,0.0
2495,Female,58,70,81,6.92,47,47,80,4,4,16,4,62,2,No,1,5.09
2496,Male,54,59,67,8.0,77,89,69,1,5,3,0,95,3,No,0,0.0
2497,Male,75,90,69,8.66,98,90,61,3,2,18,0,94,2,No,1,8.82
2498,Female,85,52,64,8.1,84,94,91,4,5,10,3,72,0,Yes,1,14.77
2499,Male,52,51,83,9.35,43,76,60,2,5,3,0,78,1,Yes,1,11.56
2500,Female,71,85,70,6.64,60,66,96,3,4,11,0,94,5,Yes,0,0.0
2501,Female,80,58,76,6.9,93,62,41,1,3,17,0,67,1,No,1,8.52
2502,Male,71,66,81,5.8,92,80,98,3,3,23,4,95,3,Yes,0,0.0
2503,Male,86,51,94,8.35,81,91,46,3,4,12,1,71,2,Yes,1,4.86
2504,Male,87,71,56,7.44,91,88,45,1,0,8,3,88,3,No,0,0.0
2505,Female,80,52,51,8.17,51,81,48,3,2,9,3,93,3,Yes,0,0.0
2506,Male,68,71,58,8.04,46,93,88,2,0,22,1,60,3,Yes,0,0.0
2507,Female,57,54,56,6.56,76,99,80,4,3,2,0,83,4,Yes,0,0.0
2508,Male,60,80,69,6.63,77,69,88,4,1,3,2,71,1,No,1,14.21
2509,Male,55,81,82,9.73,54,43,58,2,3,2,5,89,3,Yes,0,0.0
2510,Female,57,72,60,5.75,74,61,71,4,5,2,1,62,1,Yes,0,0.0
2511,Female,69,83,64,9.14,69,94,49,1,0,7,2,84,1,Yes,1,13.49
2512,Male,56,93,56,6.58,59,56,65,3,2,7,5,70,4,No,0,0.0
2513,Female,59,61,53,9.36,78,83,60,4,0,12,3,92,5,Yes,0,0.0
2514,Female,68,80,59,5.74,91,99,76,2,1,5,1,81,1,No,1,11.21
2515,Male,55,94,95,8.96,67,59,47,0,4,9,4,60,5,Yes,0,0.0
2516,Female,89,54,93,6.65,66,53,55,0,1,1,5,96,2,Yes,0,0.0
2517,Male,89,83,68,9.6,87,84,86,3,3,22,2,79,4,Yes,0,0.0
2518,Female,84,59,76,5.5,43,85,74,5,5,5,2,82,4,No,0,0.0
2519,Male,65,77,94,7.08,97,46,50,5,3,9,1,74,2,No,1,11.9
2520,Male,77,87,81,5.69,80,50,96,4,2,20,2,72,4,Yes,0,0.0
2521,Male,82,62,68,8.46,66,61,73,0,4,21,0,97,1,No,0,0.0
2522,Female,86,82,62,9.36,81,72,92,4,1,11,5,83,5,No,1,14.8
2523,Male,82,57,70,7.95,96,42,47,3,5,0,2,61,4,No,0,0.0
2524,Male,92,94,81,9.29,86,61,65,1,0,9,5,71,0,Yes,1,13.65
2525,Male,62,51,95,7.55,86,49,98,2,4,15,3,68,5,No,0,0.0
2526,Male,57,71,64,7.13,63,55,50,1,1,6,0,83,2,Yes,0,0.0
2527,Male,51,66,83,5.53,72,49,40,0,4,1,4,72,5,Yes,0,0.0
2528,Male,54,60,75,9.46,73,48,53,5,5,16,0,72,1,No,0,0.0
2529,Female,55,60,63,8.13,71,78,70,4,4,20,0,75,1,Yes,1,3.61
2530,Male,58,68,58,6.39,59,83,96,1,2,11,1,97,2,No,1,11.03
2531,Male,87,92,66,8.28,56,81,81,2,0,8,2,66,0,No,1,5.48
2532,Male,83,76,85,7.96,58,47,83,4,3,6,0,74,2,Yes,0,0.0
2533,Male,68,55,90,5.92,65,64,87,0,1,15,1,67,0,No,0,0.0
2534,Female,69,60,75,6.57,65,77,50,5,2,0,4,80,4,Yes,0,0.0
2535,Female,95,95,81,5.78,56,65,57,2,5,23,0,89,1,Yes,0,0.0
2536,Female,59,51,65,9.07,62,63,77,3,3,10,2,86,1,No,1,13.15
2537,Male,51,71,74,8.1,82,52,82,4,1,12,4,74,4,Yes,0,0.0
2538,Female,89,87,87,9.52,49,52,65,2,5,9,3,80,1,Yes,1,10.52
2539,Male,94,63,92,7.26,75,45,86,2,3,16,2,90,3,No,0,0.0
2540,Female,52,54,56,9.15,52,61,97,4,3,7,4,77,1,Yes,1,14.36
2541,Male,61,56,76,8.47,74,46,76,1,2,19,0,61,2,No,0,0.0
2542,Male,71,73,68,9.49,79,45,73,3,3,4,5,66,5,Yes,0,0.0
2543,Female,67,58,90,7.31,59,62,67,5,1,5,1,91,1,Yes,1,13.19
2544,Female,50,66,88,8.07,48,56,96,0,2,1,4,74,5,Yes,1,10.27
2545,Male,95,78,57,7.91,98,64,46,1,3,6,4,86,0,Yes,0,0.0
2546,Female,89,79,80,6.27,63,71,94,1,5,13,4,65,5,Yes,0,0.0
2547,Female,57,65,52,5.86,57,52,92,3,0,7,0,75,3,Yes,0,0.0
2548,Male,63,58,75,6.0,81,99,61,5,2,9,5,91,3,No,0,0.0
2549,Female,59,87,88,7.82,94,76,48,3,5,1,2,86,4,Yes,0,0.0
2550,Female,71,85,67,8.88,91,40,68,4,0,19,4,71,4,No,0,0.0
2551,Male,88,94,94,9.02,54,94,58,1,3,21,5,71,1,No,1,6.1
2552,Male,85,83,53,7.33,45,52,40,5,1,16,1,75,0,Yes,0,0.0
2553,Female,72,53,59,6.77,78,49,65,0,1,11,5,62,0,No,0,0.0
2554,Female,78,59,59,9.33,80,93,96,2,5,19,5,92,5,Yes,0,0.0
2555,Female,62,75,60,7.52,57,46,59,1,1,7,0,70,2,No,0,0.0
2556,Female,67,53,92,7.72,56,79,95,4,4,22,5,93,0,No,1,8.51
2557,Male,51,90,86,7.81,77,65,58,0,0,13,0,60,1,Yes,1,5.83
2558,Female,69,58,64,6.91,71,95,73,3,3,7,4,93,3,No,0,0.0
2559,Female,87,89,66,6.48,62,60,65,3,0,9,5,71,1,Yes,1,5.09
2560,Male,74,66,78,6.07,53,51,95,4,4,6,0,97,5,No,0,0.0
2561,Male,81,67,52,6.22,49,43,52,5,5,17,3,83,1,No,0,0.0
2562,Male,86,82,60,5.86,74,72,61,1,5,20,5,84,3,No,0,0.0
2563,Female,93,93,55,8.54,91,50,64,3,2,12,5,60,1,Yes,1,14.53
2564,Male,58,77,67,9.61,50,46,68,4,5,12,0,91,4,Yes,0,0.0
2565,Male,61,65,94,8.31,97,69,66,4,0,20,2,74,0,Yes,0,0.0
2566,Female,75,51,54,6.43,99,79,56,0,3,23,3,94,1,Yes,0,0.0
2567,Male,78,57,53,7.34,86,66,86,1,0,18,4,87,2,No,1,10.26
2568,Female,93,73,75,8.6,66,55,40,4,3,2,1,60,3,Yes,0,0.0
2569,Male,82,77,59,5.84,81,75,92,0,2,20,2,76,5,Yes,0,0.0
2570,Male,85,50,71,7.84,57,68,96,0,2,5,2,78,0,No,1,4.49
2571,Female,50,68,54,6.41,96,70,66,5,4,1,5,82,4,No,0,0.0
2572,Female,95,80,65,8.35,75,91,55,0,3,12,0,77,5,Yes,0,0.0
2573,Male,57,53,55,8.46,97,42,76,5,3,4,1,66,4,Yes,0,0.0
2574,Female,55,82,95,7.05,45,95,58,2,2,21,2,72,3,No,0,0.0
2575,Female,57,62,67,9.12,82,51,40,0,3,19,5,70,1,Yes,0,0.0
2576,Male,74,51,54,6.45,92,93,88,1,5,16,3,67,5,Yes,0,0.0
2577,Female,77,83,77,5.92,91,48,45,3,0,11,1,72,4,No,0,0.0
2578,Male,68,92,57,5.51,80,41,90,3,0,5,2,67,0,No,0,0.0
2579,Female,50,86,94,5.67,68,71,93,3,1,15,0,63,5,Yes,0,0.0
2580,Female,60,84,58,5.79,66,48,79,4,5,16,2,61,2,No,0,0.0
2581,Male,78,69,73,9.59,56,55,48,5,4,19,3,79,2,No,1,7.44
2582,Female,61,82,82,8.64,59,42,83,0,1,3,1,84,2,No,0,0.0
2583,Male,88,82,64,7.51,61,58,66,1,1,24,3,75,2,Yes,0,0.0
2584,Female,72,82,58,6.33,91,41,40,1,1,13,0,72,4,No,0,0.0
2585,Female,68,70,75,8.47,96,45,41,0,0,3,5,92,5,No,1,11.87
2586,Female,92,64,83,7.0,58,69,80,2,1,6,0,66,0,No,1,3.62
2587,Female,95,89,65,5.61,49,64,56,0,1,10,4,96,5,No,0,0.0
2588,Male,79,72,85,8.52,80,44,70,3,0,6,2,60,5,Yes,0,0.0
2589,Male,62,77,86,9.4,57,87,55,0,1,17,1,84,1,Yes,1,12.46
2590,Male,53,52,85,8.9,53,71,84,4,0,4,1,71,2,No,1,9.14
2591,Male,74,62,88,7.81,93,48,69,1,3,23,0,92,1,Yes,0,0.0
2592,Female,75,50,74,7.7,97,73,66,0,3,21,5,86,1,No,1,11.8
2593,Male,75,51,94,9.7,52,70,58,0,3,4,3,96,0,No,1,12.32
2594,Female,95,76,65,9.52,83,85,89,4,2,22,1,72,5,No,0,0.0
2595,Male,76,85,92,8.16,52,46,71,1,2,15,0,79,0,No,0,0.0
2596,Male,82,71,65,8.75,91,84,68,3,2,1,2,72,2,No,1,13.07
2597,Male,58,88,51,6.82,71,99,85,5,1,12,2,71,1,Yes,1,5.86
2598,Male,87,81,57,9.12,67,44,64,3,3,18,1,90,4,Yes,0,0.0
2599,Female,88,55,63,5.71,77,87,53,0,1,24,2,84,0,Yes,0,0.0
2600,Male,83,72,63,6.42,83,85,48,5,1,14,3,94,0,No,1,7.21
2601,Male,63,88,80,5.73,71,57,99,3,4,9,1,91,4,No,0,0.0
2602,Female,71,69,90,9.63,91,47,80,3,0,0,4,82,4,No,0,0.0
2603,Female,57,68,85,6.56,68,80,69,3,4,15,4,75,2,Yes,1,3.4
2604,Male,51,61,61,7.22,80,58,72,3,4,3,1,76,5,Yes,0,0.0
2605,Male,79,93,89,6.84,83,91,67,3,3,2,5,72,5,Yes,0,0.0
2606,Male,55,82,59,7.21,67,89,95,1,5,13,5,61,4,No,0,0.0
2607,Male,78,59,78,7.01,81,52,95,1,2,6,5,82,3,No,0,0.0
2608,Male,61,86,88,7.77,70,87,83,4,5,19,1,86,1,No,1,10.36
2609,Female,78,73,72,8.71,78,78,47,4,1,5,1,84,0,No,1,9.87
2610,Female,85,63,89,7.31,50,54,55,3,0,24,0,67,4,Yes,0,0.0
2611,Female,92,70,78,5.55,62,92,43,2,3,16,0,69,5,No,0,0.0
2612,Female,75,91,79,7.46,68,99,84,0,2,22,3,92,5,Yes,0,0.0
2613,Male,82,67,67,5.73,75,57,66,0,0,14,0,79,3,Yes,0,0.0
2614,Female,84,91,56,8.0,67,93,55,1,2,24,1,73,1,No,1,6.88
2615,Female,60,95,95,6.42,43,49,75,3,4,19,4,88,0,Yes,1,13.18
2616,Female,69,69,93,6.74,44,67,50,1,5,8,0,69,2,Yes,0,0.0
2617,Male,60,71,50,5.94,75,48,64,0,3,4,5,82,4,No,0,0.0
2618,Female,80,81,72,6.91,64,52,84,2,2,23,0,64,3,Yes,1,9.37
2619,Male,72,60,80,5.57,70,41,46,3,5,19,1,93,5,No,0,0.0
2620,Female,72,94,63,8.64,84,59,82,2,0,8,3,78,5,No,0,0.0
2621,Male,55,68,95,9.52,55,78,70,5,2,14,5,88,3,Yes,0,0.0
2622,Male,77,68,95,6.32,78,51,84,5,4,17,2,90,1,No,1,5.08
2623,Male,85,62,93,5.87,65,48,56,5,3,14,4,85,3,No,0,0.0
2624,Female,51,94,70,5.98,63,66,70,0,5,19,0,76,2,No,0,0.0
2625,Female,88,71,80,8.43,81,75,46,0,2,3,0,85,0,Yes,0,0.0
2626,Female,75,51,65,7.11,81,62,59,0,1,4,0,71,3,Yes,0,0.0
2627,Female,53,73,85,9.64,81,44,71,1,5,1,0,93,2,No,0,0.0
2628,Male,92,81,88,7.08,84,78,45,5,2,22,1,92,4,No,0,0.0
2629,Male,62,50,87,5.84,81,86,85,4,3,3,3,87,3,No,0,0.0
2630,Male,56,57,78,6.84,76,58,81,1,3,10,3,94,1,No,0,0.0
2631,Male,53,83,90,9.16,91,43,45,2,5,7,5,76,3,No,0,0.0
2632,Male,88,79,68,5.54,80,95,45,2,5,17,0,73,2,Yes,0,0.0
2633,Female,58,53,91,7.57,93,85,83,4,1,19,0,82,4,No,0,0.0
2634,Female,69,85,83,6.06,55,60,73,1,1,4,0,74,5,No,0,0.0
2635,Male,89,87,90,6.47,42,72,94,0,2,9,3,70,4,Yes,0,0.0
2636,Male,59,71,78,8.7,60,88,76,0,5,23,0,82,4,No,0,0.0
2637,Female,74,63,83,5.76,48,61,86,3,1,14,5,84,1,Yes,1,6.11
2638,Male,77,76,77,6.51,74,74,87,3,0,2,1,92,2,No,1,10.46
2639,Male,66,53,74,8.86,65,91,86,3,2,4,0,87,4,No,1,8.32
2640,Male,86,80,53,5.53,87,48,62,1,2,16,5,80,0,Yes,0,0.0
2641,Male,50,83,92,6.4,57,48,53,5,4,1,5,92,5,Yes,0,0.0
2642,Male,80,89,56,7.34,51,57,65,4,5,24,3,95,1,No,1,9.29
2643,Male,78,50,81,6.47,61,50,42,2,3,13,2,88,2,No,0,0.0
2644,Female,90,75,55,9.73,59,48,82,2,0,8,5,72,2,No,1,10.28
2645,Male,80,77,86,8.64,79,65,48,4,2,21,0,70,4,Yes,0,0.0
2646,Female,67,84,58,8.33,72,44,80,5,1,17,1,86,5,No,0,0.0
2647,Male,58,90,70,9.51,69,95,58,2,0,15,3,72,2,No,0,0.0
2648,Male,67,85,79,7.18,97,97,89,2,0,14,2,89,1,Yes,1,7.78
2649,Female,65,81,50,5.81,80,61,76,3,5,12,3,74,5,No,0,0.0
2650,Female,55,55,95,5.89,48,42,53,3,1,12,1,85,0,Yes,0,0.0
2651,Male,67,85,74,9.36,94,49,85,0,0,12,5,73,0,No,1,14.73
2652,Male,89,78,80,8.25,56,89,97,3,1,15,3,66,0,Yes,1,11.51
2653,Male,58,56,53,9.63,93,43,71,2,3,19,5,78,2,No,1,11.23
2654,Male,70,93,61,9.49,76,43,69,2,2,17,3,78,4,Yes,0,0.0
2655,Female,90,57,75,9.67,86,61,91,4,1,2,2,75,4,Yes,0,0.0
2656,Female,93,91,86,7.02,98,46,76,0,2,0,1,87,3,Yes,0,0.0
2657,Male,58,80,66,9.48,42,72,77,4,4,21,0,90,1,No,1,8.52
2658,Female,54,73,52,8.54,71,46,67,3,2,23,4,65,3,Yes,0,0.0
2659,Male,56,87,63,9.53,82,86,44,2,3,10,5,69,2,No,1,14.64
2660,Female,82,92,50,7.58,89,90,65,3,5,22,4,73,2,No,1,10.92
2661,Male,81,51,95,6.26,85,64,68,5,2,4,2,87,2,Yes,0,0.0
2662,Female,83,61,73,7.21,71,88,41,1,2,15,0,95,2,No,0,0.0
2663,Female,53,54,93,8.83,58,60,89,0,0,23,4,86,2,No,1,3.53
2664,Female,67,77,68,6.88,78,73,73,1,0,21,0,72,3,Yes,0,0.0
2665,Male,81,51,65,6.35,61,55,61,4,1,1,4,93,5,Yes,0,0.0
2666,Female,87,88,90,5.88,82,42,62,4,4,24,4,62,2,Yes,0,0.0
2667,Female,54,67,62,9.07,44,62,70,1,2,22,5,63,1,No,1,4.39
2668,Male,76,53,87,6.77,87,48,66,2,2,17,3,76,5,No,0,0.0
2669,Male,85,56,61,5.65,62,99,72,5,1,0,1,65,2,No,1,12.73
2670,Male,81,76,56,6.68,47,59,49,5,5,5,4,62,1,Yes,0,0.0
2671,Female,60,85,58,9.7,71,96,67,3,1,6,0,92,2,No,1,3.48
2672,Female,59,57,79,5.59,74,80,84,5,4,24,3,71,2,No,1,12.3
2673,Male,78,53,52,9.66,79,96,90,3,3,13,4,92,4,No,0,0.0
2674,Male,87,69,81,9.56,97,47,99,2,5,3,5,62,3,Yes,0,0.0
2675,Female,51,95,65,8.38,41,45,90,5,2,22,2,62,3,No,0,0.0
2676,Female,86,70,59,5.94,91,45,48,5,2,18,5,74,5,No,0,0.0
2677,Female,82,54,58,5.8,79,42,67,2,4,15,0,64,1,Yes,0,0.0
2678,Male,89,75,62,6.61,77,75,80,3,3,0,0,82,5,Yes,0,0.0
2679,Male,52,89,73,9.38,47,66,82,0,5,18,5,99,5,Yes,0,0.0
2680,Female,53,70,90,5.99,78,90,59,5,2,2,4,62,0,No,1,11.39
2681,Male,58,55,76,5.64,52,99,92,1,0,16,4,86,3,Yes,0,0.0
2682,Male,80,74,84,7.11,48,50,86,0,2,11,2,65,2,Yes,0,0.0
2683,Female,93,74,63,7.64,57,95,41,0,0,14,1,95,1,Yes,0,0.0
2684,Male,92,52,70,6.78,71,75,64,0,2,11,3,72,3,Yes,0,0.0
2685,Female,70,78,68,6.01,81,75,93,3,4,20,2,66,4,Yes,0,0.0
2686,Male,71,61,51,5.85,48,62,65,0,3,12,1,60,2,Yes,0,0.0
2687,Male,78,75,95,6.79,43,85,67,2,2,7,0,60,1,No,1,11.6
2688,Female,53,61,72,9.34,46,59,89,0,3,4,3,62,1,No,1,4.8
2689,Female,66,91,55,8.29,73,54,90,5,1,22,2,89,3,No,0,0.0
2690,Female,88,53,68,8.19,64,45,70,4,1,10,1,72,3,Yes,0,0.0
2691,Male,55,91,66,6.09,89,46,46,5,2,17,0,70,0,No,0,0.0
2692,Female,83,53,85,8.66,73,92,47,5,3,6,4,71,5,Yes,0,0.0
2693,Female,70,67,68,9.28,93,60,58,2,1,14,4,78,0,No,1,11.35
2694,Female,92,66,80,8.28,46,60,89,5,2,5,4,64,2,No,1,7.49
2695,Male,70,85,65,8.95,94,53,70,2,0,23,3,66,4,Yes,0,0.0
2696,Female,95,66,55,6.7,82,72,90,4,3,18,0,82,1,Yes,1,14.37
2697,Female,71,92,67,6.52,95,55,84,2,2,18,5,76,4,Yes,0,0.0
2698,Female,93,58,78,8.29,92,69,70,1,1,4,5,91,3,No,0,0.0
2699,Female,78,94,83,7.64,74,93,51,1,4,5,0,94,5,Yes,0,0.0
2700,Male,76,94,62,5.71,43,43,87,5,4,8,4,63,4,No,0,0.0
2701,Male,83,87,50,7.38,64,54,70,0,0,12,2,63,3,Yes,1,3.04
2702,Female,59,91,50,7.51,71,83,75,4,3,3,0,99,1,No,0,0.0
2703,Female,68,58,61,5.93,91,49,52,1,3,2,0,93,1,No,0,0.0
2704,Male,67,54,56,5.76,99,80,81,4,4,1,4,80,0,Yes,1,14.22
2705,Female,50,95,51,7.76,51,55,55,5,1,19,2,66,1,No,0,0.0
2706,Male,60,57,57,7.31,64,66,66,4,5,20,0,65,0,Yes,1,5.08
2707,Male,89,55,67,9.27,97,90,46,3,4,11,3,71,3,Yes,0,0.0
2708,Male,79,74,63,8.55,42,77,86,4,0,22,4,65,2,No,1,11.49
2709,Male,61,57,74,6.96,66,89,48,4,5,9,1,63,0,Yes,1,10.84
2710,Male,73,62,71,8.23,72,61,88,1,1,16,4,80,4,No,0,0.0
2711,Male,75,60,57,6.94,51,62,51,2,0,12,4,95,0,No,0,0.0
2712,Female,86,51,89,9.69,70,58,54,0,1,18,5,60,2,No,1,14.92
2713,Female,64,92,68,6.67,71,91,90,5,3,14,3,85,4,No,0,0.0
2714,Male,75,60,58,7.53,73,51,71,2,4,11,3,70,0,Yes,1,11.49
2715,Female,51,53,82,8.15,51,49,87,1,4,2,1,75,5,No,0,0.0
2716,Male,80,71,73,5.94,71,88,55,1,2,19,4,83,2,Yes,0,0.0
2717,Male,78,67,80,6.02,62,70,76,1,1,9,0,92,5,Yes,0,0.0
2718,Female,67,78,88,6.01,72,43,84,3,0,4,4,93,3,No,0,0.0
2719,Female,88,77,91,8.76,76,57,64,0,2,4,3,87,5,No,0,0.0
2720,Male,94,91,89,7.38,99,47,84,1,1,21,1,69,2,No,0,0.0
2721,Male,94,75,57,9.69,61,82,73,5,4,7,4,73,3,Yes,0,0.0
2722,Male,68,94,91,9.53,58,59,91,1,5,9,5,75,1,Yes,0,0.0
2723,Female,54,82,80,8.51,41,59,93,2,0,18,5,62,3,No,1,8.66
2724,Male,65,82,78,7.63,40,95,67,2,4,8,1,69,0,Yes,1,6.56
2725,Male,91,80,92,5.79,59,86,83,1,2,14,0,60,4,No,0,0.0
2726,Male,90,79,70,7.21,87,44,59,2,0,5,0,98,1,Yes,0,0.0
2727,Male,59,81,82,9.77,88,73,90,2,1,15,4,78,3,No,0,0.0
2728,Male,84,61,68,7.17,86,87,71,5,3,18,4,69,3,No,0,0.0
2729,Male,59,80,86,7.21,95,93,69,2,3,22,2,68,1,No,1,9.01
2730,Male,91,73,72,6.31,45,88,77,3,2,5,0,90,5,Yes,0,0.0
2731,Male,75,65,77,5.86,99,74,79,5,0,17,5,93,3,No,0,0.0
2732,Female,61,87,63,5.97,58,86,41,1,2,24,4,83,3,Yes,0,0.0
2733,Female,77,83,50,5.78,56,99,49,3,0,18,0,83,2,Yes,0,0.0
2734,Female,95,83,85,6.18,74,97,40,0,4,8,4,62,4,Yes,0,0.0
2735,Female,80,53,82,9.65,62,76,58,3,4,18,3,81,4,Yes,0,0.0
2736,Female,54,75,73,7.54,63,48,46,2,0,1,0,83,0,Yes,0,0.0
2737,Male,52,80,61,8.63,93,52,48,1,3,6,4,70,4,Yes,0,0.0
2738,Male,87,53,81,6.96,43,40,57,3,1,6,0,89,4,Yes,0,0.0
2739,Male,94,64,91,9.69,51,82,60,1,0,12,5,83,5,No,0,0.0
2740,Female,70,53,68,7.51,97,51,58,5,3,16,5,77,5,No,1,13.72
2741,Male,78,57,59,7.44,97,43,58,2,2,0,1,87,1,No,0,0.0
2742,Male,72,78,59,9.58,45,98,68,1,5,17,3,61,2,Yes,1,8.47
2743,Female,62,75,81,8.17,50,55,83,3,2,17,1,65,3,No,0,0.0
2744,Male,89,51,94,7.91,49,88,57,2,2,24,1,75,1,No,1,7.18
2745,Female,54,95,79,7.49,82,83,99,3,0,0,3,72,3,No,0,0.0
2746,Male,67,93,64,8.75,90,48,87,1,4,3,1,79,3,Yes,1,12.56
2747,Female,68,58,81,7.43,45,62,76,4,4,4,4,62,2,No,0,0.0
2748,Male,64,68,60,6.69,46,46,98,2,1,16,3,88,4,No,0,0.0
2749,Male,95,65,59,8.62,46,92,53,3,2,1,0,73,0,No,1,5.52
2750,Male,91,71,73,8.98,57,52,63,1,3,18,5,81,4,No,0,0.0
2751,Male,60,56,82,8.01,42,83,42,0,1,15,5,71,5,Yes,0,0.0
2752,Female,84,53,63,8.98,88,81,86,4,3,12,1,71,0,No,1,8.55
2753,Male,87,80,85,8.56,57,44,82,3,4,15,0,65,3,No,0,0.0
2754,Male,66,51,78,6.61,91,63,63,0,3,4,4,86,0,No,1,13.16
2755,Female,87,87,83,6.71,82,83,84,5,0,22,0,71,3,No,0,0.0
2756,Male,94,52,51,7.2,64,64,63,3,1,11,0,95,4,Yes,0,0.0
2757,Male,67,73,58,5.89,94,49,50,5,5,4,1,97,0,No,0,0.0
2758,Female,72,92,61,6.27,89,88,89,2,5,10,3,70,3,No,0,0.0
2759,Male,93,61,60,6.35,85,57,84,1,0,18,3,79,1,No,0,0.0
2760,Male,51,75,90,6.52,43,65,52,0,2,6,4,99,5,No,0,0.0
2761,Female,63,51,91,5.65,45,51,97,1,2,23,5,85,2,Yes,1,12.44
2762,Male,69,60,70,9.03,44,78,52,2,3,2,1,67,5,Yes,0,0.0
2763,Male,67,81,71,8.58,44,68,79,3,1,7,1,85,5,Yes,0,0.0
2764,Male,87,61,55,8.45,53,62,61,5,4,14,1,82,3,Yes,0,0.0
2765,Male,95,78,90,7.01,49,73,64,4,5,16,5,68,4,No,1,7.1
2766,Female,68,90,77,8.06,82,57,41,3,1,15,1,87,5,No,0,0.0
2767,Female,90,55,54,7.69,47,58,45,3,0,4,2,80,4,No,0,0.0
2768,Female,92,69,64,6.84,87,56,57,1,3,2,4,81,2,Yes,0,0.0
2769,Female,71,78,80,6.02,76,67,42,4,3,16,1,89,5,No,0,0.0
2770,Female,67,53,90,7.73,46,42,54,1,5,6,3,69,0,No,0,0.0
2771,Male,93,78,71,6.23,99,46,70,1,1,12,5,88,1,Yes,0,0.0
2772,Male,79,87,95,8.2,66,90,98,4,1,5,4,91,2,No,1,14.99
2773,Female,52,95,92,9.21,52,55,62,1,1,12,3,71,0,Yes,1,13.99
2774,Male,68,78,77,5.74,62,70,90,1,5,22,0,76,1,No,0,0.0
2775,Male,62,94,65,5.74,97,68,56,2,5,6,1,76,0,No,0,0.0
2776,Female,71,85,79,8.02,87,87,76,4,1,24,4,62,5,No,0,0.0
2777,Female,69,64,53,6.43,88,86,68,1,1,14,5,89,1,No,1,3.36
2778,Male,54,62,68,7.54,62,67,80,3,4,3,1,92,2,No,1,3.52
2779,Female,56,65,74,5.64,63,94,51,3,1,8,5,64,2,Yes,1,3.27
2780,Female,69,65,51,8.13,78,82,91,3,2,8,1,60,5,No,0,0.0
2781,Female,57,80,55,6.33,47,92,85,4,4,12,5,77,1,No,1,4.02
2782,Female,72,55,92,7.37,94,74,53,3,5,14,4,74,4,No,0,0.0
2783,Female,68,67,78,9.68,65,70,95,3,3,2,2,67,4,Yes,0,0.0
2784,Female,89,85,89,8.32,82,40,59,4,0,23,0,81,0,Yes,0,0.0
2785,Female,83,66,88,7.38,91,50,51,2,1,23,1,89,0,Yes,0,0.0
2786,Female,93,56,67,6.04,88,67,52,5,1,3,4,99,3,No,0,0.0
2787,Female,85,88,52,7.15,45,86,93,4,0,13,0,92,3,Yes,0,0.0
2788,Male,67,50,78,6.46,53,43,94,3,4,5,0,93,5,Yes,0,0.0
2789,Female,94,61,86,8.45,89,70,88,3,4,22,1,69,5,Yes,0,0.0
2790,Female,55,62,52,5.97,83,45,42,4,3,4,0,70,4,Yes,0,0.0
2791,Female,78,65,70,8.63,69,52,77,2,4,15,5,67,3,No,0,0.0
2792,Female,53,58,64,7.76,98,56,40,5,2,13,5,94,2,Yes,0,0.0
2793,Female,77,95,51,8.62,48,91,76,0,1,0,5,77,0,Yes,1,9.8
2794,Male,87,76,90,6.62,57,47,88,2,1,5,0,79,0,Yes,0,0.0
2795,Female,75,80,64,9.45,96,70,90,5,2,14,3,68,3,Yes,0,0.0
2796,Female,67,53,90,7.32,84,70,57,1,4,0,3,89,2,Yes,0,0.0
2797,Male,81,73,74,5.83,64,54,88,3,1,3,0,64,2,No,0,0.0
2798,Female,71,50,60,9.41,85,40,89,2,2,16,1,76,1,No,1,8.79
2799,Male,91,65,57,8.21,44,64,73,0,4,10,2,61,4,Yes,1,9.71
2800,Male,82,55,89,8.34,61,75,49,1,5,6,0,70,1,Yes,0,0.0
2801,Female,69,85,74,8.95,76,72,58,4,5,14,3,66,3,Yes,0,0.0
2802,Female,91,57,59,8.79,59,78,48,1,5,20,2,79,2,Yes,0,0.0
2803,Female,75,66,72,8.01,87,88,40,2,4,4,5,80,1,No,1,14.34
2804,Male,84,81,95,9.0,78,72,47,1,3,23,1,85,5,No,0,0.0
2805,Male,73,58,68,8.97,94,68,78,0,0,0,1,81,3,No,0,0.0
2806,Female,59,85,80,6.36,71,65,65,1,2,21,1,96,4,No,0,0.0
2807,Female,61,87,80,8.45,42,41,98,4,0,5,5,86,5,No,0,0.0
2808,Male,84,87,84,9.78,75,80,70,2,4,23,3,78,3,No,0,0.0
2809,Female,91,51,64,8.64,86,88,49,3,0,6,0,93,1,Yes,0,0.0
2810,Male,81,90,91,5.53,62,77,82,2,0,6,5,98,3,No,0,0.0
2811,Female,65,59,81,8.95,50,48,91,2,3,15,4,71,1,No,1,3.58
2812,Male,69,65,57,5.85,42,66,46,3,3,5,4,90,0,Yes,0,0.0
2813,Male,65,80,72,5.56,65,50,81,3,5,7,3,78,3,Yes,0,0.0
2814,Male,58,66,70,9.16,50,77,47,5,2,14,5,88,4,No,0,0.0
2815,Female,82,52,53,7.76,71,99,45,3,5,23,0,86,4,No,0,0.0
2816,Male,50,51,79,6.35,59,62,57,2,5,17,2,93,3,No,0,0.0
2817,Female,86,84,71,6.39,56,42,66,0,3,23,3,63,2,No,0,0.0
2818,Female,57,55,74,9.13,87,62,76,0,2,20,5,95,3,No,1,9.21
2819,Female,79,69,76,8.19,45,47,94,1,1,9,2,74,5,No,0,0.0
2820,Female,57,77,74,9.79,85,65,64,1,3,17,4,99,4,No,0,0.0
2821,Male,60,74,90,6.13,88,95,47,3,3,7,0,66,4,No,0,0.0
2822,Male,90,81,78,8.39,49,60,63,0,4,23,4,62,4,No,1,12.64
2823,Male,89,79,74,6.81,65,58,49,1,3,11,5,85,0,No,0,0.0
2824,Male,87,80,92,7.65,96,58,52,4,4,16,0,98,4,Yes,0,0.0
2825,Male,82,84,64,5.61,87,87,96,2,3,6,2,89,4,No,0,0.0
2826,Female,57,68,95,7.29,91,95,83,1,4,6,0,65,0,Yes,1,7.86
2827,Male,87,64,85,9.22,86,87,65,0,3,9,5,81,0,Yes,1,5.12
2828,Female,68,86,61,9.23,64,70,71,0,0,1,2,76,3,No,0,0.0
2829,Male,87,74,72,6.94,71,91,44,5,4,1,4,91,5,Yes,0,0.0
2830,Male,69,90,77,8.66,49,92,85,0,1,1,2,74,1,Yes,1,13.82
2831,Male,60,94,81,5.66,87,78,88,2,5,6,0,86,4,No,0,0.0
2832,Female,83,50,75,7.99,75,67,64,0,5,4,1,96,1,Yes,0,0.0
2833,Female,52,75,63,6.0,44,60,56,1,4,12,4,78,5,Yes,0,0.0
2834,Female,89,55,71,6.74,69,68,54,4,3,11,4,79,1,No,1,14.19
2835,Female,66,67,58,8.92,83,99,78,1,2,2,0,65,5,Yes,0,0.0
2836,Male,92,72,83,5.65,84,62,60,0,3,11,5,61,4,No,1,6.72
2837,Male,51,61,74,9.62,51,45,85,1,3,15,2,96,5,Yes,1,12.38
2838,Male,51,90,81,6.6,57,49,92,3,3,0,3,96,1,No,1,5.06
2839,Male,88,67,93,6.64,74,64,86,4,2,7,5,98,5,No,0,0.0
2840,Female,92,77,90,8.47,49,56,92,2,2,17,5,96,5,No,1,7.08
2841,Female,89,59,84,8.19,59,51,83,5,4,6,1,86,3,No,0,0.0
2842,Male,64,87,94,7.47,74,89,74,2,0,18,0,87,3,Yes,0,0.0
2843,Male,58,73,74,6.95,79,98,63,1,1,14,0,62,4,No,0,0.0
2844,Male,52,57,88,8.57,83,58,42,2,1,3,4,71,3,No,0,0.0
2845,Female,92,72,50,8.49,72,48,71,1,0,23,0,76,2,Yes,0,0.0
2846,Male,78,75,69,7.86,70,97,86,0,5,2,0,76,4,Yes,1,14.63
2847,Male,62,56,92,8.61,96,67,61,5,3,8,1,95,1,No,1,10.1
2848,Male,81,85,58,7.62,76,59,59,1,0,20,2,62,0,No,0,0.0
2849,Female,77,77,82,5.7,88,75,64,3,0,12,5,70,4,No,0,0.0
2850,Male,62,89,79,6.11,43,41,72,1,5,11,2,80,4,No,0,0.0
2851,Female,74,66,53,7.0,42,61,55,1,0,22,3,96,3,Yes,0,0.0
2852,Male,78,62,65,7.08,50,76,51,5,4,9,5,62,4,No,0,0.0
2853,Male,65,51,68,6.43,47,94,56,1,1,15,4,70,0,Yes,1,13.36
2854,Female,72,70,55,6.12,69,49,80,1,5,1,2,86,5,No,0,0.0
2855,Female,52,73,83,9.33,84,97,50,5,1,10,2,92,3,No,0,0.0
2856,Male,63,89,51,6.07,91,48,87,0,4,1,3,98,5,No,0,0.0
2857,Male,58,88,83,8.05,98,96,85,5,4,14,4,87,3,No,0,0.0
2858,Female,83,59,51,8.49,87,65,95,0,0,9,3,70,2,Yes,1,10.6
2859,Female,79,77,79,6.87,92,71,76,3,2,3,3,61,4,No,0,0.0
2860,Male,72,86,51,7.88,84,50,69,2,0,8,0,84,3,No,0,0.0
2861,Female,51,82,56,9.78,46,81,83,5,3,5,5,99,5,Yes,0,0.0
2862,Male,95,62,54,7.6,88,71,58,1,4,15,1,65,0,Yes,0,0.0
2863,Male,92,57,65,7.65,67,53,94,1,4,18,5,92,4,No,0,0.0
2864,Male,95,83,95,7.94,99,55,91,1,1,18,2,60,4,Yes,0,0.0
2865,Female,55,61,85,7.63,87,48,97,3,1,8,5,96,5,No,0,0.0
2866,Female,77,84,63,8.32,66,95,98,5,5,13,3,74,3,No,0,0.0
2867,Female,67,91,88,8.96,68,54,49,3,4,9,4,76,4,No,0,0.0
2868,Male,65,85,55,5.91,83,80,50,2,2,17,5,67,0,Yes,1,12.19
2869,Female,79,63,70,6.74,77,86,58,0,0,6,2,66,0,Yes,1,10.52
2870,Male,80,84,91,8.4,77,91,41,3,5,3,4,93,4,Yes,0,0.0
2871,Male,83,92,85,9.33,58,57,57,5,1,14,4,78,5,Yes,0,0.0
2872,Female,83,50,77,5.69,72,96,47,0,0,21,2,72,3,No,0,0.0
2873,Female,67,64,77,6.32,87,69,85,4,5,2,0,94,1,Yes,1,7.76
2874,Female,72,81,54,5.79,99,43,57,0,5,21,3,65,1,Yes,0,0.0
2875,Male,83,56,75,6.42,57,52,50,2,3,23,3,78,3,Yes,0,0.0
2876,Male,50,93,51,8.72,80,57,96,5,4,19,4,84,5,No,0,0.0
2877,Female,53,73,74,7.07,98,87,64,4,2,5,3,96,1,No,1,12.59
2878,Female,56,63,50,7.65,71,94,81,4,4,3,2,94,3,Yes,1,6.65
2879,Male,81,67,72,9.01,41,65,60,4,2,4,0,94,0,No,1,5.69
2880,Female,85,90,57,8.19,65,95,89,5,2,5,2,71,5,Yes,0,0.0
2881,Male,55,77,75,6.1,72,73,82,1,1,5,4,73,0,No,1,12.4
2882,Male,59,61,93,7.03,82,83,74,2,4,5,5,66,2,No,0,0.0
2883,Female,66,72,85,7.17,46,70,82,2,4,16,5,82,3,No,0,0.0
2884,Male,78,68,94,5.6,47,60,76,5,4,6,4,75,2,Yes,1,9.52
2885,Male,94,70,82,6.89,63,74,58,0,3,24,5,75,3,No,0,0.0
2886,Female,55,92,86,9.76,83,90,73,2,5,2,0,89,5,Yes,0,0.0
2887,Male,92,57,58,8.85,76,59,94,1,4,18,3,93,4,No,0,0.0
2888,Male,84,92,53,6.72,57,65,97,4,5,4,1,63,3,No,1,10.96
2889,Female,83,74,66,7.48,50,65,81,2,0,11,0,87,0,Yes,1,3.94
2890,Male,68,91,91,7.05,77,59,59,5,3,4,5,67,2,Yes,1,3.72
2891,Female,65,92,90,9.59,79,86,76,2,2,19,3,87,3,No,0,0.0
2892,Female,93,87,68,8.15,83,40,89,0,1,1,5,82,0,No,1,4.4
2893,Male,66,83,78,8.79,86,55,60,4,5,0,1,69,1,Yes,1,12.05
2894,Male,75,52,51,6.86,84,68,93,0,2,6,1,76,1,Yes,0,0.0
2895,Male,65,58,64,6.04,50,85,80,1,4,4,4,79,4,Yes,0,0.0
2896,Female,85,86,80,6.28,52,48,66,1,1,1,0,89,0,No,1,10.68
2897,Male,94,68,93,6.92,43,60,46,0,3,7,1,97,5,No,0,0.0
2898,Female,95,77,56,9.31,80,77,64,3,0,6,5,93,3,Yes,0,0.0
2899,Male,62,56,62,9.25,83,41,72,1,3,23,5,62,3,Yes,0,0.0
2900,Male,56,95,73,5.92,87,95,80,0,5,17,1,88,5,No,0,0.0
2901,Female,92,80,53,5.74,99,85,48,4,2,1,1,63,4,Yes,1,14.31
2902,Male,90,68,95,7.78,41,44,85,5,0,15,2,82,0,No,1,13.55
2903,Male,90,94,70,9.05,61,46,70,1,4,5,1,65,2,No,0,0.0
2904,Female,62,85,73,9.76,50,44,92,5,2,21,2,76,2,Yes,1,10.46
2905,Female,87,79,83,6.6,77,48,88,2,2,12,0,85,3,No,0,0.0
2906,Female,75,57,53,9.48,99,94,99,1,5,4,4,75,3,Yes,0,0.0
2907,Female,69,79,60,9.33,70,67,86,5,4,15,1,69,0,No,0,0.0
2908,Male,78,93,63,7.04,40,71,89,3,2,13,1,99,1,Yes,1,5.71
2909,Female,80,50,52,8.07,67,78,51,2,4,4,5,80,1,Yes,1,14.03
2910,Male,66,82,62,6.68,97,76,52,1,0,12,3,77,5,Yes,0,0.0
2911,Male,61,63,53,6.49,85,58,99,1,4,8,4,72,2,Yes,1,5.07
2912,Male,78,87,72,9.27,56,97,77,3,0,20,0,93,3,Yes,0,0.0
2913,Male,58,67,88,7.2,54,88,97,1,1,5,5,62,5,Yes,0,0.0
2914,Female,52,51,68,8.41,43,48,97,2,0,20,3,61,4,No,0,0.0
2915,Male,89,60,75,6.83,66,71,43,2,3,5,4,78,5,No,0,0.0
2916,Female,87,94,65,8.76,44,44,60,1,1,15,3,75,2,Yes,0,0.0
2917,Female,90,67,67,9.01,96,74,84,5,1,5,1,61,4,Yes,0,0.0
2918,Female,64,91,61,8.46,52,68,48,4,1,9,1,83,3,No,0,0.0
2919,Male,67,50,75,5.86,72,62,73,3,0,0,3,88,2,Yes,0,0.0
2920,Male,50,55,80,5.79,83,53,84,4,3,1,1,66,3,Yes,0,0.0
2921,Female,55,55,94,8.92,99,53,82,5,1,19,3,73,4,No,0,0.0
2922,Male,82,58,60,6.32,48,95,41,4,0,2,4,93,5,No,1,12.55
2923,Female,53,79,88,9.02,70,60,46,2,5,1,5,62,5,No,0,0.0
2924,Male,52,69,50,7.9,79,80,96,5,0,6,3,75,5,Yes,0,0.0
2925,Female,86,87,50,9.53,46,47,80,2,5,15,2,79,1,No,1,10.95
2926,Male,86,55,63,8.86,81,91,99,5,5,9,3,63,3,No,0,0.0
2927,Female,57,91,75,8.84,79,54,42,2,4,6,2,65,2,Yes,1,8.02
2928,Female,89,88,91,9.56,75,69,64,2,4,21,4,92,4,No,0,0.0
2929,Male,50,77,80,5.95,99,98,90,5,3,13,3,90,5,Yes,0,0.0
2930,Male,51,58,74,7.74,59,69,64,1,2,9,4,67,5,Yes,0,0.0
2931,Female,89,50,59,6.77,49,50,86,3,5,12,5,61,2,Yes,1,6.04
2932,Male,51,74,61,8.08,53,60,81,0,0,13,1,97,2,No,0,0.0
2933,Male,55,61,59,8.26,69,78,71,1,1,2,5,99,5,Yes,0,0.0
2934,Female,89,90,58,9.5,62,46,48,1,0,10,3,91,4,No,0,0.0
2935,Male,94,53,74,8.37,60,69,49,5,0,0,2,60,4,No,0,0.0
2936,Male,51,93,91,8.42,71,45,77,2,3,0,2,98,5,Yes,0,0.0
2937,Female,89,71,54,8.94,59,77,95,1,4,22,4,80,1,Yes,1,11.29
2938,Female,67,95,65,8.2,49,71,91,4,3,24,1,70,1,No,1,6.89
2939,Male,52,62,64,7.82,47,80,84,0,3,14,5,79,3,Yes,0,0.0
2940,Male,90,76,81,6.3,96,96,40,2,5,20,1,89,2,Yes,0,0.0
2941,Female,82,80,57,7.37,40,41,55,2,3,20,1,79,4,No,0,0.0
2942,Female,78,80,63,6.41,45,96,70,1,1,13,5,92,0,No,1,5.98
2943,Male,64,79,94,8.4,62,51,46,5,3,15,2,89,2,No,0,0.0
2944,Female,50,80,75,9.33,63,92,77,0,4,13,5,63,1,No,1,8.71
2945,Male,82,83,95,8.27,43,58,50,0,4,15,5,64,2,Yes,0,0.0
2946,Female,56,68,81,8.66,72,66,43,5,3,0,3,92,2,Yes,1,10.81
2947,Female,58,73,63,5.67,75,95,73,1,0,4,3,92,0,Yes,1,6.98
2948,Female,59,86,80,6.34,83,69,99,5,0,9,2,79,1,Yes,1,14.12
2949,Female,64,68,79,6.03,48,41,92,3,4,5,1,96,4,No,0,0.0
2950,Male,71,74,72,9.16,97,46,83,3,3,16,5,93,2,Yes,1,9.52
2951,Male,91,61,77,6.5,51,65,99,4,3,8,4,90,4,Yes,0,0.0
2952,Male,82,60,56,6.07,93,72,48,2,2,5,5,97,4,No,0,0.0
2953,Female,78,88,74,8.53,65,97,49,4,3,1,1,81,4,No,0,0.0
2954,Male,66,56,50,7.56,44,75,45,5,3,15,4,90,4,No,0,0.0
2955,Female,69,91,73,8.71,70,96,78,3,0,5,2,88,4,No,0,0.0
2956,Female,81,78,73,6.59,57,45,49,3,4,8,0,85,5,Yes,0,0.0
2957,Male,54,88,81,5.51,99,43,93,4,3,0,4,86,0,No,0,0.0
2958,Female,80,63,73,7.82,86,60,74,1,3,17,1,61,4,Yes,0,0.0
2959,Female,73,93,88,9.0,99,57,46,1,4,12,4,60,5,No,0,0.0
2960,Female,87,55,62,6.73,82,71,91,4,5,9,3,68,1,Yes,1,9.55
2961,Female,93,75,79,6.52,46,82,46,0,1,0,2,98,3,Yes,0,0.0
2962,Male,75,85,87,6.17,52,94,40,1,3,15,0,82,4,No,0,0.0
2963,Female,53,85,77,9.67,54,65,91,0,4,6,0,76,1,No,1,4.88
2964,Male,92,69,70,8.6,60,95,77,5,1,24,0,87,3,No,0,0.0
2965,Male,72,66,70,8.97,61,47,71,2,5,19,5,66,4,Yes,0,0.0
2966,Male,93,73,71,5.87,64,56,79,2,1,12,1,84,3,Yes,0,0.0
2967,Female,84,86,86,8.89,84,67,88,3,3,8,1,97,4,Yes,0,0.0
2968,Female,76,80,62,9.6,63,98,57,4,4,15,3,72,3,Yes,0,0.0
2969,Female,57,51,54,9.79,64,52,69,1,4,7,2,84,2,No,1,8.11
2970,Male,68,83,55,8.59,43,58,82,3,4,20,3,89,4,Yes,1,9.22
2971,Male,84,92,62,7.68,96,74,77,1,4,0,3,93,3,No,0,0.0
2972,Male,79,65,95,7.63,68,49,93,4,2,18,2,73,2,No,0,0.0
2973,Male,75,68,81,9.27,53,43,78,4,3,11,1,76,4,No,0,0.0
2974,Male,76,70,62,7.78,88,72,83,3,5,5,1,68,1,Yes,0,0.0
2975,Male,80,80,85,7.45,99,59,79,0,5,5,1,70,4,No,0,0.0
2976,Male,59,63,73,8.17,73,51,60,0,2,3,2,93,4,No,0,0.0
2977,Female,86,61,82,5.72,78,57,77,4,1,1,3,68,3,No,0,0.0
2978,Female,87,66,68,9.02,82,70,99,2,2,19,3,64,5,No,0,0.0
2979,Male,73,64,55,7.99,82,94,85,1,1,18,2,74,3,No,0,0.0
2980,Female,92,94,90,7.76,48,78,40,5,2,11,4,89,0,No,1,5.29
2981,Female,65,68,55,5.82,97,79,43,3,5,22,1,71,0,Yes,0,0.0
2982,Female,51,54,86,9.15,95,84,64,2,1,6,0,81,2,Yes,1,10.58
2983,Male,64,84,80,5.65,41,77,70,2,3,16,1,71,3,No,0,0.0
2984,Female,85,60,89,7.91,73,42,90,0,5,15,5,81,0,Yes,1,3.59
2985,Male,55,60,54,7.54,58,77,58,2,1,17,5,76,5,Yes,0,0.0
2986,Male,77,72,67,9.22,77,97,98,1,5,19,1,60,3,No,0,0.0
2987,Male,84,93,82,6.35,87,45,96,1,5,4,2,79,2,No,0,0.0
2988,Female,70,55,63,8.29,76,63,64,4,0,20,0,76,0,Yes,1,11.46
2989,Female,58,65,90,5.77,61,89,41,5,1,1,0,66,5,No,0,0.0
2990,Female,58,71,60,8.48,64,96,56,2,4,4,5,89,4,Yes,0,0.0
2991,Male,79,61,79,9.69,65,87,70,1,4,4,3,96,0,Yes,1,3.2
2992,Male,81,74,69,8.53,64,47,51,3,1,23,1,67,1,Yes,0,0.0
2993,Male,54,61,78,9.09,49,44,72,2,3,4,1,69,0,No,1,6.67
2994,Female,79,73,75,7.92,95,96,47,1,2,13,3,70,0,No,0,0.0
2995,Male,62,91,93,5.74,42,96,83,4,5,4,2,67,0,No,1,9.0
2996,Female,80,84,74,8.15,88,83,81,5,4,23,5,87,5,No,0,0.0
2997,Male,66,52,56,6.26,77,42,75,2,3,14,0,62,0,Yes,0,0.0
2998,Male,83,60,69,7.41,57,54,61,5,3,20,4,68,0,Yes,1,13.49
2999,Male,76,80,63,5.99,61,46,57,5,3,6,2,89,2,Yes,0,0.0
3000,Female,55,67,76,5.96,83,82,45,1,2,19,0,78,0,No,0,0.0
3001,Male,85,51,79,5.67,87,68,89,2,0,9,3,73,3,No,0,0.0
3002,Female,71,95,73,9.59,91,91,62,2,1,22,5,87,4,Yes,0,0.0
3003,Female,78,58,70,8.02,61,82,63,1,3,16,2,61,3,No,0,0.0
3004,Female,51,77,61,9.43,91,62,70,4,4,7,3,96,0,Yes,1,10.84
3005,Female,67,55,58,5.97,82,50,52,0,2,14,2,67,2,Yes,0,0.0
3006,Male,57,94,52,8.07,82,71,98,0,5,11,1,82,3,Yes,0,0.0
3007,Female,68,53,90,7.69,78,67,92,1,5,5,4,93,2,Yes,1,12.15
3008,Male,60,51,67,7.7,70,73,46,4,2,21,4,93,2,Yes,1,6.55
3009,Male,78,77,56,6.5,87,67,93,3,1,19,4,81,1,No,1,9.48
3010,Male,86,56,76,9.2,91,86,72,0,0,11,2,99,0,No,1,8.84
3011,Female,52,65,87,9.77,61,55,42,0,4,22,3,71,4,No,0,0.0
3012,Female,60,53,58,9.7,82,47,86,2,5,9,2,93,5,Yes,0,0.0
3013,Female,65,51,60,8.13,84,52,45,0,3,23,4,98,3,Yes,0,0.0
3014,Female,84,71,67,9.54,50,92,47,0,0,23,4,70,5,Yes,0,0.0
3015,Female,60,69,81,7.25,81,89,97,5,4,7,1,95,5,Yes,0,0.0
3016,Male,59,53,50,7.19,78,72,66,5,4,23,5,76,3,Yes,1,4.14
3017,Male,59,86,93,6.75,52,76,89,1,3,3,4,88,4,Yes,0,0.0
3018,Male,53,76,68,9.51,69,59,47,0,3,1,2,65,2,No,0,0.0
3019,Male,87,52,95,6.17,46,83,65,1,2,2,1,95,4,No,0,0.0
3020,Female,51,91,70,9.41,43,51,86,1,1,18,3,94,1,No,1,13.32
3021,Female,50,54,67,8.71,81,62,42,4,4,17,5,91,5,No,0,0.0
3022,Female,87,69,93,7.97,69,65,52,3,4,6,0,99,2,No,0,0.0
3023,Male,62,74,79,7.5,53,92,77,3,1,18,0,64,2,Yes,1,3.4
3024,Male,67,95,51,8.73,47,83,43,2,1,5,4,63,3,Yes,0,0.0
3025,Female,86,85,86,7.15,43,88,50,1,1,5,2,74,0,No,1,10.96
3026,Male,88,88,77,6.91,82,95,57,3,1,20,2,85,2,No,1,11.04
3027,Male,51,80,58,7.42,44,83,87,1,1,3,4,67,0,No,1,10.18
3028,Female,87,59,54,5.75,77,41,41,5,2,4,1,76,3,No,0,0.0
3029,Male,85,54,52,6.77,50,99,53,5,0,5,4,89,2,No,1,12.27
3030,Male,58,77,56,9.45,56,66,97,5,5,20,5,96,4,Yes,1,14.29
3031,Male,68,77,80,7.99,78,66,49,0,0,0,0,82,0,Yes,0,0.0
3032,Male,88,93,87,9.3,99,80,95,2,1,7,2,81,3,No,0,0.0
3033,Female,75,74,94,7.15,77,93,54,0,3,19,4,66,1,No,1,11.31
3034,Male,68,73,80,5.74,66,44,46,1,4,24,0,74,4,Yes,0,0.0
3035,Female,87,84,58,7.21,92,82,90,0,0,14,5,95,3,No,0,0.0
3036,Male,51,58,54,7.23,54,72,76,2,3,24,5,65,0,No,1,14.88
3037,Female,92,68,92,9.51,55,77,65,5,4,9,5,69,4,Yes,0,0.0
3038,Female,70,92,66,7.17,53,94,58,4,4,15,2,95,0,No,1,12.63
3039,Male,78,64,79,6.16,45,63,62,5,1,1,5,97,1,No,1,14.95
3040,Male,61,84,65,5.75,64,60,50,4,0,20,5,86,3,Yes,0,0.0
3041,Male,51,91,79,9.25,50,44,80,4,2,5,2,82,1,No,1,10.3
3042,Male,79,84,87,7.98,80,87,47,4,2,0,1,91,2,Yes,1,13.77
3043,Female,51,95,86,6.4,63,86,95,1,0,24,5,78,1,Yes,1,13.98
3044,Female,87,75,69,8.76,50,94,51,2,5,14,1,65,0,Yes,1,12.56
3045,Female,65,57,64,6.55,74,68,93,0,5,22,4,62,0,Yes,1,13.43
3046,Male,80,94,72,6.85,93,86,49,3,4,24,5,89,5,Yes,0,0.0
3047,Female,81,89,78,5.55,72,45,85,4,0,11,3,73,5,No,0,0.0
3048,Male,58,85,50,8.71,60,74,46,2,1,21,1,63,3,Yes,0,0.0
3049,Female,54,72,66,9.78,91,41,44,0,4,17,0,72,4,No,0,0.0
3050,Male,88,76,78,8.76,51,53,53,4,0,21,5,73,5,Yes,0,0.0
3051,Male,94,53,83,7.55,76,70,51,1,5,11,2,70,3,Yes,0,0.0
3052,Female,71,83,68,6.16,63,86,92,0,3,7,4,80,2,No,1,3.14
3053,Male,78,67,55,6.46,63,68,49,3,1,7,2,63,3,Yes,0,0.0
3054,Female,57,89,69,7.76,54,64,45,0,2,4,2,70,1,No,0,0.0
3055,Female,74,84,87,8.06,51,76,51,0,3,6,2,96,3,Yes,0,0.0
3056,Female,87,83,57,6.83,73,88,52,0,0,12,0,77,1,No,0,0.0
3057,Female,91,92,84,6.7,47,46,99,1,1,12,4,70,3,No,0,0.0
3058,Male,50,51,56,5.91,52,57,51,1,5,17,2,76,3,Yes,0,0.0
3059,Female,92,89,68,7.56,40,83,70,1,0,9,5,85,3,Yes,0,0.0
3060,Female,88,61,81,7.69,83,67,83,1,4,1,4,87,4,Yes,1,6.14
3061,Female,91,78,87,7.69,57,98,48,4,0,11,0,80,0,Yes,1,4.01
3062,Female,65,58,82,9.54,40,93,98,1,2,20,5,60,4,No,0,0.0
3063,Male,80,62,94,6.28,61,96,99,4,2,18,5,71,5,No,0,0.0
3064,Female,87,57,87,6.14,55,81,97,1,4,19,2,89,4,No,0,0.0
3065,Female,89,64,63,7.11,67,91,43,3,1,8,5,74,4,Yes,0,0.0
3066,Male,94,74,89,8.7,63,72,88,1,4,16,3,65,5,Yes,0,0.0
3067,Female,92,86,59,6.86,78,83,74,4,1,6,4,93,4,Yes,0,0.0
3068,Male,73,73,75,9.32,64,42,63,2,1,21,5,71,2,No,1,10.69
3069,Female,51,71,67,8.51,62,71,59,0,2,18,3,88,2,No,1,6.4
3070,Male,78,60,92,9.74,79,64,86,1,2,4,2,73,1,Yes,1,9.06
3071,Female,73,95,94,8.13,91,55,91,5,5,9,0,86,0,Yes,1,3.42
3072,Female,87,61,68,8.13,47,84,70,5,4,11,4,73,0,No,1,5.91
3073,Male,82,54,64,6.73,60,95,58,1,1,15,1,86,4,Yes,0,0.0
3074,Female,73,95,52,6.35,46,71,42,3,5,8,2,76,4,Yes,0,0.0
3075,Male,60,81,64,8.32,77,63,52,2,3,5,5,67,5,Yes,0,0.0
3076,Female,53,51,71,7.7,64,95,40,5,5,8,3,72,3,Yes,0,0.0
3077,Female,94,56,57,9.12,84,91,70,0,5,7,1,63,0,Yes,1,7.83
3078,Female,70,50,94,7.23,54,47,71,5,4,5,4,76,5,No,0,0.0
3079,Male,59,67,78,8.67,61,76,49,4,2,13,3,99,4,Yes,0,0.0
3080,Male,54,74,53,6.43,48,62,48,2,5,22,1,86,0,No,0,0.0
3081,Male,60,87,55,7.06,92,89,97,2,3,12,4,72,0,No,0,0.0
3082,Male,63,52,62,9.51,54,63,97,5,4,15,0,66,2,No,1,11.46
3083,Male,51,59,51,9.22,83,89,59,5,2,8,1,92,2,No,1,12.17
3084,Female,50,75,50,9.03,62,82,95,2,4,4,1,91,2,No,0,0.0
3085,Male,85,75,89,8.72,80,92,89,4,2,11,0,91,0,No,1,3.88
3086,Male,70,75,94,6.94,67,89,90,1,3,23,3,97,3,No,0,0.0
3087,Female,85,81,57,5.97,58,83,42,1,5,7,5,79,2,Yes,0,0.0
3088,Female,53,55,64,9.05,70,52,93,5,3,3,0,77,5,No,0,0.0
3089,Male,89,77,85,7.94,55,57,41,5,0,16,3,91,2,No,0,0.0
3090,Female,70,92,94,5.71,80,40,73,2,1,9,3,95,5,Yes,1,14.16
3091,Male,58,57,54,5.51,71,82,76,1,1,22,2,89,3,No,0,0.0
3092,Female,65,66,52,8.89,88,97,83,0,4,13,4,86,2,Yes,1,12.5
3093,Female,50,81,55,9.2,73,68,83,1,1,15,0,98,4,No,0,0.0
3094,Male,78,93,74,8.42,42,41,85,4,1,19,1,76,4,Yes,0,0.0
3095,Female,82,88,74,6.36,96,68,93,0,1,19,0,62,5,Yes,0,0.0
3096,Female,82,51,51,7.53,81,69,59,4,5,1,5,97,2,Yes,1,10.4
3097,Female,63,77,55,9.45,77,50,85,3,0,22,0,82,1,Yes,1,11.24
3098,Female,74,63,75,8.07,50,68,83,0,4,10,4,96,1,No,1,3.75
3099,Male,91,55,74,5.97,40,43,82,0,3,4,3,70,4,Yes,0,0.0
3100,Female,76,88,91,6.12,71,64,46,1,4,21,3,78,5,No,1,7.58
3101,Female,51,90,93,7.25,41,72,73,4,4,21,4,96,5,No,0,0.0
3102,Female,62,90,67,6.57,79,60,48,2,4,15,2,93,1,Yes,0,0.0
3103,Male,88,68,55,9.13,65,67,73,2,1,24,2,74,5,No,1,10.72
3104,Female,94,84,85,8.71,51,96,58,2,0,11,2,73,3,No,0,0.0
3105,Female,80,57,82,8.98,55,90,53,5,3,23,3,84,4,No,0,0.0
3106,Female,57,60,95,9.35,62,79,75,2,5,24,5,81,0,Yes,0,0.0
3107,Male,67,61,86,5.78,95,53,93,2,2,20,5,80,1,No,1,9.25
3108,Male,89,80,64,7.1,80,97,83,1,1,12,5,89,3,Yes,0,0.0
3109,Female,70,62,65,6.97,93,49,72,3,3,0,1,88,5,Yes,0,0.0
3110,Female,90,89,63,5.83,47,93,51,2,4,24,2,64,0,No,1,3.6
3111,Female,74,51,55,7.07,96,59,63,5,5,17,5,62,1,No,1,3.93
3112,Female,79,86,58,6.43,74,60,59,3,2,6,3,82,2,Yes,0,0.0
3113,Female,81,94,52,8.6,77,91,40,0,4,14,5,81,0,Yes,1,4.51
3114,Female,51,92,70,6.9,61,88,55,3,2,9,0,94,2,Yes,0,0.0
3115,Female,52,59,55,8.01,57,98,95,3,3,19,3,87,4,No,0,0.0
3116,Female,67,89,94,9.73,78,76,62,2,1,0,2,86,4,No,0,0.0
3117,Male,64,86,65,6.51,55,55,41,0,5,10,0,61,2,Yes,0,0.0
3118,Male,55,91,54,6.43,61,94,60,4,2,16,2,86,1,No,1,3.3
3119,Female,69,78,55,7.76,89,88,56,5,4,18,3,93,3,Yes,0,0.0
3120,Female,91,64,80,6.57,64,48,50,3,0,10,4,77,2,Yes,0,0.0
3121,Female,95,89,72,9.8,92,83,67,4,2,22,5,61,3,Yes,0,0.0
3122,Female,80,50,84,8.03,81,61,85,2,3,14,1,97,4,No,0,0.0
3123,Male,91,65,78,9.08,99,41,70,4,1,15,2,89,0,No,1,8.62
3124,Male,54,90,78,5.62,89,90,74,5,1,4,0,68,1,No,1,7.65
3125,Female,79,89,78,9.02,42,60,74,0,5,20,3,83,5,Yes,0,0.0
3126,Female,81,67,64,9.4,97,99,79,2,3,20,2,89,1,No,1,7.23
3127,Female,85,57,67,9.56,49,62,63,1,5,9,5,92,5,Yes,0,0.0
3128,Female,72,61,58,7.84,56,74,88,4,2,22,3,97,1,Yes,1,10.05
3129,Female,50,94,82,7.71,65,74,49,5,2,8,3,96,3,Yes,0,0.0
3130,Female,79,56,56,5.98,55,83,70,0,0,6,1,80,1,No,0,0.0
3131,Male,61,63,54,7.73,53,60,96,0,1,0,1,82,5,No,0,0.0
3132,Female,73,58,54,8.85,75,63,53,3,2,22,4,84,2,Yes,1,3.73
3133,Female,56,77,85,7.54,51,72,65,3,2,10,0,88,5,No,0,0.0
3134,Female,56,89,71,5.56,88,91,88,1,1,15,0,73,5,No,1,8.08
3135,Male,90,86,89,8.76,41,51,70,4,5,0,4,81,2,Yes,1,3.77
3136,Male,60,92,91,7.48,61,76,87,0,2,14,4,61,5,No,0,0.0
3137,Female,61,87,73,7.74,69,99,47,1,4,5,1,78,4,Yes,0,0.0
3138,Female,50,52,57,9.37,61,45,95,1,5,12,2,94,4,Yes,1,9.56
3139,Male,72,88,74,6.52,70,61,83,3,0,12,0,73,4,No,0,0.0
3140,Female,93,85,85,8.8,82,86,70,3,0,6,2,75,2,Yes,1,12.86
3141,Female,63,54,69,5.76,94,49,63,2,3,18,0,71,4,No,0,0.0
3142,Female,76,91,79,8.4,47,78,65,1,1,0,0,83,5,No,1,9.61
3143,Female,65,54,50,8.36,79,68,70,0,2,22,3,94,0,No,1,11.64
3144,Male,75,62,74,8.23,94,64,91,4,5,15,0,89,5,Yes,0,0.0
3145,Female,89,91,67,9.25,61,60,63,5,0,9,3,91,4,No,1,13.81
3146,Male,89,51,82,8.41,71,67,57,0,3,2,5,99,2,Yes,1,12.62
3147,Male,92,59,71,7.17,88,86,48,5,0,13,3,77,5,No,0,0.0
3148,Male,91,81,79,8.74,57,87,98,3,0,21,5,79,2,No,1,6.37
3149,Female,61,86,92,6.55,97,79,53,5,2,11,5,97,4,No,0,0.0
3150,Female,58,68,67,9.36,56,91,47,0,4,15,3,95,3,No,0,0.0
3151,Male,60,52,63,6.88,52,40,94,3,4,24,3,68,4,No,0,0.0
3152,Male,68,81,67,7.53,61,70,63,0,1,5,0,84,1,No,0,0.0
3153,Male,90,73,91,8.4,47,67,98,1,5,8,0,82,0,No,0,0.0
3154,Female,88,63,77,7.31,79,82,81,2,4,2,3,71,2,Yes,1,12.87
3155,Male,55,86,62,6.91,77,98,87,0,3,8,0,97,1,Yes,1,4.11
3156,Female,75,88,82,5.55,68,58,85,0,2,14,0,66,1,Yes,0,0.0
3157,Male,53,85,69,9.54,48,48,94,1,2,8,1,96,0,Yes,1,7.56
3158,Female,81,69,95,6.27,93,42,46,0,0,8,5,80,0,Yes,1,3.36
3159,Female,50,60,65,5.59,50,50,52,0,4,22,0,70,4,Yes,0,0.0
3160,Female,67,50,81,9.76,86,83,92,3,2,19,4,73,0,No,1,4.56
3161,Female,76,73,71,9.37,75,69,58,4,4,0,4,67,5,Yes,0,0.0
3162,Male,62,59,74,5.57,85,54,40,5,4,21,4,65,4,No,0,0.0
3163,Male,60,55,51,7.0,92,96,79,1,4,20,1,92,4,No,0,0.0
3164,Male,61,52,95,8.12,98,58,46,4,5,18,5,66,2,No,1,3.61
3165,Male,81,74,55,8.56,48,73,93,5,0,17,5,77,0,No,1,12.25
3166,Male,71,53,74,7.65,62,52,84,4,0,3,3,91,4,No,0,0.0
3167,Female,82,78,83,7.42,40,52,51,0,2,15,2,96,0,No,0,0.0
3168,Male,65,85,71,6.15,89,59,43,2,4,7,0,85,1,No,0,0.0
3169,Female,72,89,64,7.94,96,85,71,4,1,24,3,67,2,Yes,1,4.64
3170,Female,90,84,90,5.78,67,52,67,1,4,1,1,99,0,Yes,0,0.0
3171,Female,71,93,87,9.24,73,77,60,4,4,24,4,86,2,No,1,5.72
3172,Male,67,68,95,7.6,41,86,85,1,5,1,1,83,2,Yes,1,5.0
3173,Female,53,69,83,6.7,83,60,91,1,1,14,0,71,5,Yes,0,0.0
3174,Male,58,63,52,9.06,82,76,70,5,5,18,0,99,3,No,0,0.0
3175,Female,93,77,91,7.1,78,50,77,1,2,7,4,92,3,Yes,0,0.0
3176,Male,56,81,53,9.7,72,62,72,0,0,21,3,91,5,No,0,0.0
3177,Female,87,91,77,7.8,75,76,81,1,5,6,4,87,2,Yes,1,11.32
3178,Female,55,50,84,5.67,71,53,56,1,0,20,1,81,3,Yes,0,0.0
3179,Female,84,57,70,9.77,90,41,53,4,4,16,4,61,0,No,1,13.37
3180,Female,88,80,90,9.64,86,46,85,3,1,24,3,68,1,Yes,1,7.21
3181,Female,70,75,53,9.16,54,48,77,3,1,20,1,74,3,No,0,0.0
3182,Female,68,58,55,7.36,68,70,88,1,2,8,3,74,0,Yes,1,6.79
3183,Female,61,51,83,9.14,90,56,74,3,4,10,4,84,2,No,1,14.35
3184,Female,74,83,59,7.49,64,75,83,4,1,0,3,70,2,Yes,1,8.22
3185,Female,92,90,50,9.67,41,70,81,4,5,5,3,81,3,Yes,0,0.0
3186,Female,60,86,77,6.5,84,85,83,3,1,22,0,81,4,Yes,0,0.0
3187,Male,61,86,69,6.14,63,75,73,1,0,12,3,91,2,Yes,0,0.0
3188,Male,79,60,57,8.11,85,76,74,5,1,18,4,88,1,No,1,8.32
3189,Male,77,76,60,8.93,40,63,61,2,2,5,0,90,3,No,0,0.0
3190,Male,76,51,60,8.59,45,51,58,4,4,10,1,68,3,No,0,0.0
3191,Female,68,69,75,9.12,68,44,84,2,2,16,3,86,2,No,1,5.27
3192,Female,51,60,88,9.27,55,41,90,2,3,14,0,69,0,Yes,1,7.23
3193,Male,70,57,60,9.15,48,61,44,4,0,0,5,73,1,No,0,0.0
3194,Male,59,73,65,7.87,83,40,57,1,4,3,5,81,4,Yes,0,0.0
3195,Male,83,51,78,9.58,49,70,78,0,2,11,2,92,0,No,0,0.0
3196,Male,66,78,60,8.48,74,88,65,1,4,13,3,68,0,No,1,7.8
3197,Male,66,52,85,7.83,48,68,88,1,3,14,2,92,5,Yes,0,0.0
3198,Female,51,95,93,6.34,71,81,75,2,1,2,0,93,1,Yes,1,4.8
3199,Female,66,78,60,8.0,86,41,92,2,1,7,2,71,5,Yes,0,0.0
3200,Male,55,54,94,7.5,55,50,69,4,1,18,3,88,5,Yes,0,0.0
3201,Male,65,93,89,8.18,64,76,99,3,1,1,1,75,0,No,1,8.95
3202,Female,85,87,70,6.92,99,68,71,5,5,21,3,72,2,No,0,0.0
3203,Female,93,87,69,8.89,44,45,93,5,2,7,5,77,5,Yes,0,0.0
3204,Male,95,64,81,6.89,86,54,73,4,2,1,1,65,0,Yes,1,11.78
3205,Male,80,51,93,9.2,93,95,61,3,5,9,2,68,4,No,0,0.0
3206,Male,71,63,94,8.08,84,82,76,2,1,11,3,94,3,No,0,0.0
3207,Female,68,65,68,7.6,47,61,82,3,0,23,3,79,0,Yes,1,14.62
3208,Male,63,63,59,5.74,41,46,49,0,0,18,2,79,3,No,0,0.0
3209,Male,74,87,73,7.85,78,51,51,4,0,13,4,62,0,No,1,6.96
3210,Male,92,69,63,7.61,53,61,58,5,1,0,5,94,5,No,0,0.0
3211,Male,83,53,74,6.4,84,81,48,0,5,3,3,95,2,Yes,0,0.0
3212,Male,61,60,75,9.76,68,77,41,5,4,13,0,82,2,No,1,12.37
3213,Male,72,69,58,6.08,75,68,72,2,3,9,1,94,1,Yes,0,0.0
3214,Female,77,90,83,8.55,48,68,69,5,5,0,5,63,1,Yes,1,5.87
3215,Female,62,88,63,9.68,51,96,96,3,4,6,4,82,0,Yes,1,7.92
3216,Female,52,54,51,6.08,65,41,75,2,4,2,5,66,5,Yes,0,0.0
3217,Female,70,58,79,5.74,70,98,71,4,0,14,1,67,5,Yes,0,0.0
3218,Female,62,91,81,8.88,96,41,56,0,3,22,4,64,3,No,0,0.0
3219,Male,73,53,76,6.91,50,78,76,5,2,6,2,78,1,Yes,1,7.98
3220,Male,87,62,55,7.83,83,80,84,5,0,22,1,72,0,Yes,1,13.72
3221,Female,80,66,54,6.59,41,94,48,0,4,9,0,76,3,No,0,0.0
3222,Female,77,81,60,6.88,65,96,84,2,1,15,5,78,0,Yes,1,4.83
3223,Male,57,92,65,7.89,98,75,77,5,4,6,5,84,5,No,0,0.0
3224,Male,67,52,90,8.45,44,89,66,4,2,24,2,89,3,Yes,0,0.0
3225,Male,78,72,53,8.11,95,88,42,4,5,24,3,94,1,No,0,0.0
3226,Male,74,93,78,6.05,53,62,74,5,1,11,0,91,4,Yes,0,0.0
3227,Female,50,63,54,6.3,77,55,91,5,2,16,5,74,1,Yes,0,0.0
3228,Female,66,81,75,6.0,62,68,52,5,1,3,4,69,0,No,1,8.53
3229,Male,71,89,85,8.15,65,78,63,3,2,19,3,70,4,No,0,0.0
3230,Female,70,89,85,8.13,64,74,48,1,3,6,4,95,1,No,1,9.58
3231,Female,77,55,91,9.33,92,69,94,4,5,3,5,70,2,No,1,13.12
3232,Female,60,57,89,6.29,52,57,50,0,1,13,1,92,2,No,0,0.0
3233,Male,88,90,71,7.47,68,57,68,1,1,10,1,86,1,Yes,0,0.0
3234,Male,80,58,87,5.78,43,46,94,4,5,9,2,90,5,Yes,0,0.0
3235,Female,72,83,51,5.59,48,48,84,5,0,16,3,88,4,Yes,0,0.0
3236,Male,59,66,65,6.59,50,57,97,2,5,19,0,70,0,No,1,10.5
3237,Female,94,93,74,7.41,64,62,58,0,4,17,2,87,4,Yes,0,0.0
3238,Female,56,90,71,6.51,85,43,98,1,5,19,3,66,0,Yes,0,0.0
3239,Male,80,59,60,8.15,56,71,53,0,2,11,5,85,1,Yes,1,12.01
3240,Male,51,69,54,5.54,66,69,90,3,5,2,3,65,3,No,0,0.0
3241,Male,70,64,89,9.79,54,65,62,2,2,6,4,85,1,No,1,13.78
3242,Male,65,95,54,6.72,61,99,96,2,3,3,5,63,0,Yes,1,7.1
3243,Female,89,77,58,7.45,55,85,73,3,2,20,2,69,2,Yes,1,3.64
3244,Female,69,86,67,8.51,60,83,76,1,1,14,5,76,2,Yes,1,10.78
3245,Female,92,65,82,7.51,41,93,53,0,5,7,3,96,3,No,0,0.0
3246,Female,72,79,90,8.89,87,41,62,2,5,12,1,75,0,No,0,0.0
3247,Male,66,58,94,5.93,77,60,71,1,3,7,5,96,0,No,1,10.31
3248,Female,73,73,84,7.56,77,74,65,2,4,7,5,98,4,Yes,0,0.0
3249,Male,66,89,62,8.42,51,74,52,1,1,7,1,80,1,Yes,0,0.0
3250,Female,88,90,71,9.03,44,82,79,5,2,8,3,79,3,No,0,0.0
3251,Male,82,92,92,8.95,94,99,63,5,2,4,2,83,1,Yes,0,0.0
3252,Male,62,95,72,9.08,79,84,59,4,3,2,3,83,3,No,0,0.0
3253,Female,63,83,64,5.97,49,94,62,4,4,24,1,65,5,No,0,0.0
3254,Male,79,81,71,5.66,63,55,97,5,2,13,1,71,3,Yes,0,0.0
3255,Male,93,78,62,8.14,80,73,57,4,1,16,2,81,4,No,0,0.0
3256,Female,86,52,93,8.14,65,84,70,2,4,21,4,85,1,Yes,1,13.52
3257,Male,72,50,88,7.62,73,55,84,5,1,18,2,60,1,Yes,1,10.03
3258,Female,91,81,79,8.98,75,71,40,2,1,15,3,74,1,No,1,6.47
3259,Male,84,78,53,8.46,76,67,73,4,5,15,5,69,2,No,0,0.0
3260,Male,64,66,93,8.46,70,81,90,4,2,21,1,73,4,No,0,0.0
3261,Female,69,86,62,6.85,94,75,69,4,4,15,4,85,4,Yes,0,0.0
3262,Male,89,59,66,9.43,58,77,89,0,4,22,5,99,2,No,1,6.89
3263,Female,73,92,81,7.93,97,92,57,2,0,4,1,91,1,No,1,11.57
3264,Male,81,50,93,6.54,84,41,56,1,3,10,2,91,3,No,0,0.0
3265,Female,69,67,86,6.06,97,65,93,0,3,15,2,92,4,Yes,0,0.0
3266,Female,63,73,83,5.92,41,42,58,4,2,18,2,70,2,No,0,0.0
3267,Male,77,54,80,9.33,66,94,85,5,3,2,3,87,4,No,0,0.0
3268,Male,70,85,52,9.22,49,60,50,5,5,18,5,76,2,No,1,8.54
3269,Male,90,65,86,6.24,92,42,98,2,2,18,0,96,2,No,0,0.0
3270,Female,53,75,64,7.71,54,49,54,5,2,24,2,96,4,No,1,11.82
3271,Male,82,50,87,7.61,91,49,49,5,4,8,0,94,5,Yes,0,0.0
3272,Male,50,84,85,6.83,71,57,89,0,2,13,0,97,5,Yes,1,7.19
3273,Female,57,73,76,8.65,58,59,43,4,0,22,2,96,5,Yes,0,0.0
3274,Male,84,81,62,5.62,47,75,63,2,5,15,5,99,3,No,0,0.0
3275,Male,91,83,55,7.72,45,48,99,5,0,4,3,89,2,Yes,1,7.37
3276,Male,91,51,71,7.98,42,84,92,0,3,5,4,89,4,No,1,13.68
3277,Female,93,51,89,5.56,59,96,86,0,4,6,4,78,5,No,0,0.0
3278,Male,95,88,84,8.16,85,74,71,4,5,10,4,82,3,No,0,0.0
3279,Male,68,90,65,7.28,87,60,92,2,0,18,1,90,1,No,1,4.61
3280,Male,86,53,65,6.03,92,80,47,3,5,11,4,89,5,No,0,0.0
3281,Male,93,86,51,5.76,48,82,98,3,2,16,1,94,4,No,0,0.0
3282,Female,79,59,53,7.73,73,75,63,4,1,13,3,98,1,Yes,1,10.77
3283,Male,95,77,56,9.71,73,87,75,1,3,12,3,73,4,Yes,0,0.0
3284,Female,81,70,61,7.62,55,83,68,2,0,4,0,61,4,No,0,0.0
3285,Male,61,92,66,9.37,81,40,79,0,5,11,5,60,0,Yes,1,12.75
3286,Male,61,51,50,9.08,70,42,43,2,0,17,3,90,1,No,0,0.0
3287,Male,59,60,94,7.59,53,78,86,2,3,7,3,96,4,No,0,0.0
3288,Male,79,94,86,6.51,63,41,81,2,4,13,3,94,3,Yes,0,0.0
3289,Male,55,79,93,6.56,51,87,69,4,2,5,4,86,4,Yes,0,0.0
3290,Female,93,82,84,7.37,78,71,59,0,5,22,1,94,0,No,0,0.0
3291,Female,56,58,65,6.42,61,86,48,4,1,9,4,74,4,Yes,0,0.0
3292,Female,61,77,80,5.53,49,96,47,3,3,21,5,88,2,Yes,1,13.79
3293,Female,94,93,51,7.12,61,81,65,2,2,2,3,99,2,No,1,10.99
3294,Female,58,79,50,9.22,75,80,58,0,3,24,2,86,2,No,1,4.74
3295,Female,95,56,64,9.79,82,91,91,0,3,22,2,90,2,Yes,1,14.52
3296,Female,86,56,86,9.18,47,84,53,2,4,21,4,89,2,Yes,0,0.0
3297,Female,73,52,53,7.51,80,44,90,5,1,5,3,89,5,No,0,0.0
3298,Male,83,77,86,7.42,57,99,97,5,4,19,1,79,0,No,1,3.91
3299,Male,72,66,80,7.86,95,83,79,2,5,0,2,90,4,No,0,0.0
3300,Male,67,52,71,7.93,75,45,93,2,5,14,5,65,0,No,1,4.08
3301,Female,70,94,83,9.26,55,56,79,5,4,3,4,61,2,Yes,1,7.69
3302,Female,71,86,63,8.12,47,60,98,2,3,14,0,73,1,Yes,1,7.66
3303,Female,91,75,83,9.02,75,99,44,5,5,2,0,78,2,Yes,1,9.9
3304,Female,51,85,67,5.88,83,96,47,0,5,17,2,73,5,No,0,0.0
3305,Male,60,64,69,8.2,44,54,82,3,0,21,1,97,5,No,0,0.0
3306,Female,69,73,88,8.49,43,58,62,5,4,0,2,86,4,Yes,0,0.0
3307,Female,78,88,64,5.61,76,60,65,1,4,9,1,80,2,Yes,1,5.55
3308,Female,50,55,63,9.36,97,90,58,5,5,16,4,84,1,Yes,1,13.1
3309,Male,92,94,84,6.26,58,61,76,1,4,9,4,70,5,No,1,4.26
3310,Male,78,78,73,5.76,79,43,41,5,2,4,0,60,1,Yes,0,0.0
3311,Male,80,80,93,9.17,55,99,99,5,5,6,0,65,0,No,1,4.15
3312,Male,73,50,83,8.54,67,77,77,4,0,20,4,83,1,Yes,1,12.3
3313,Male,51,67,75,8.76,99,82,60,5,5,5,3,78,2,Yes,1,12.63
3314,Male,92,52,68,5.54,90,72,80,4,3,20,2,67,2,No,1,9.77
3315,Male,85,91,67,6.87,64,59,56,1,1,12,1,90,1,Yes,0,0.0
3316,Male,81,54,71,9.41,94,64,61,5,5,13,2,99,1,No,1,4.95
3317,Male,70,53,68,5.72,76,77,98,5,2,10,4,81,0,No,1,8.05
3318,Female,61,50,72,9.02,72,79,40,4,2,21,0,91,5,Yes,0,0.0
3319,Female,82,50,59,7.9,72,67,96,4,2,10,2,76,1,Yes,1,7.36
3320,Female,52,87,59,9.43,81,44,84,1,1,16,5,99,3,No,0,0.0
3321,Male,92,86,58,7.8,48,76,69,2,4,12,4,69,1,Yes,1,11.71
3322,Male,63,58,74,8.59,94,55,43,3,1,7,1,66,3,No,1,7.32
3323,Female,54,63,71,8.48,72,66,78,2,4,0,4,68,5,Yes,0,0.0
3324,Female,74,80,61,6.75,78,51,75,1,4,9,3,61,2,Yes,0,0.0
3325,Male,91,89,62,7.95,48,92,66,0,3,11,4,67,4,Yes,0,0.0
3326,Male,76,64,88,7.53,83,92,99,2,0,18,5,65,0,No,1,5.49
3327,Male,61,73,67,6.75,57,64,52,1,1,22,5,84,4,Yes,0,0.0
3328,Female,63,52,87,5.94,72,66,60,0,5,23,4,60,3,Yes,1,11.54
3329,Male,62,94,83,7.85,77,93,47,5,1,20,2,98,0,Yes,1,3.62
3330,Female,59,61,90,6.33,87,62,80,3,5,4,3,73,1,Yes,1,8.63
3331,Female,69,56,65,8.46,84,54,64,3,2,23,1,79,4,No,1,4.97
3332,Male,56,94,51,9.22,73,41,68,4,4,24,1,97,1,Yes,1,9.21
3333,Male,50,86,81,8.25,59,52,90,2,1,24,3,83,1,Yes,1,5.1
3334,Male,64,51,64,9.5,94,57,44,3,4,11,5,68,0,No,1,8.12
3335,Male,61,93,76,5.6,83,60,95,5,5,0,4,88,5,Yes,0,0.0
3336,Female,62,61,90,8.2,58,67,78,4,1,10,4,84,4,No,0,0.0
3337,Male,76,69,66,6.61,65,87,68,5,3,24,5,95,4,No,0,0.0
3338,Female,86,58,78,6.99,47,70,74,5,0,12,2,91,4,Yes,0,0.0
3339,Male,52,52,92,8.05,98,67,55,1,3,13,0,60,3,Yes,0,0.0
3340,Female,66,83,92,7.84,75,57,80,4,1,15,3,89,2,No,1,5.85
3341,Female,72,51,70,7.97,75,53,63,4,4,24,5,79,5,No,0,0.0
3342,Female,92,81,90,8.83,99,90,62,5,2,18,1,92,3,No,1,11.85
3343,Female,54,88,95,9.31,61,64,42,0,3,2,5,79,0,Yes,1,3.07
3344,Female,60,55,78,5.87,79,93,99,5,3,5,2,68,2,No,1,6.92
3345,Female,86,73,93,7.42,63,80,54,5,4,22,0,78,1,No,0,0.0
3346,Female,81,72,64,6.31,92,75,73,1,4,6,3,76,5,Yes,0,0.0
3347,Male,61,74,82,8.98,95,52,80,5,4,1,2,67,1,No,1,3.62
3348,Male,51,57,50,6.54,69,87,51,1,4,7,1,99,3,No,0,0.0
3349,Male,76,52,69,5.75,40,68,54,0,1,14,0,93,1,No,0,0.0
3350,Male,87,86,56,7.31,84,68,43,4,5,5,1,84,3,No,0,0.0
3351,Female,55,61,57,5.88,89,51,79,3,2,24,0,85,1,No,1,14.56
3352,Male,87,73,84,5.86,54,82,50,2,4,12,1,97,1,Yes,0,0.0
3353,Male,90,74,72,9.65,78,42,89,3,4,21,4,64,0,No,1,9.52
3354,Male,70,74,66,9.12,76,65,75,1,4,21,0,89,4,Yes,0,0.0
3355,Male,80,85,92,5.63,69,90,67,2,0,2,3,70,0,Yes,1,13.74
3356,Male,57,72,52,7.37,69,92,71,2,2,21,2,90,2,No,1,12.21
3357,Male,63,60,64,6.42,47,97,98,0,2,14,4,92,1,No,1,4.11
3358,Female,91,89,73,7.97,47,70,67,4,2,9,0,77,4,Yes,0,0.0
3359,Male,82,82,60,5.59,98,63,52,2,4,16,5,95,2,Yes,0,0.0
3360,Female,81,76,82,8.44,46,56,91,5,4,20,1,78,5,Yes,0,0.0
3361,Male,95,60,88,6.67,69,96,64,4,4,8,3,61,1,No,1,3.42
3362,Male,59,77,65,9.02,87,77,53,0,0,1,0,72,5,No,0,0.0
3363,Male,65,50,58,6.69,91,77,89,5,5,12,2,69,1,No,1,12.0
3364,Male,55,78,67,7.89,80,88,65,5,4,15,1,75,4,No,0,0.0
3365,Male,72,71,61,7.15,63,52,67,5,4,0,0,92,2,Yes,0,0.0
3366,Male,74,54,82,6.23,91,66,46,4,2,10,0,91,4,Yes,0,0.0
3367,Male,79,62,81,9.74,55,62,90,5,1,21,3,86,0,No,1,8.44
3368,Male,91,63,94,7.3,79,47,51,3,1,6,3,81,1,No,0,0.0
3369,Male,75,63,92,8.24,55,48,60,3,1,13,5,78,4,No,0,0.0
3370,Female,68,53,55,9.71,66,84,97,5,1,16,3,92,3,No,1,10.09
3371,Male,53,93,50,8.38,69,53,66,0,2,11,1,97,4,Yes,0,0.0
3372,Male,81,65,63,9.33,47,74,70,0,0,1,0,89,3,Yes,0,0.0
3373,Female,71,78,91,5.69,94,74,53,2,2,15,1,79,1,No,0,0.0
3374,Female,55,73,65,8.65,45,98,45,3,3,3,3,62,1,No,1,5.07
3375,Male,61,59,68,9.02,99,84,40,0,1,13,0,83,0,No,0,0.0
3376,Female,60,85,65,9.05,71,75,53,3,2,8,5,98,0,Yes,0,0.0
3377,Female,82,88,67,5.6,44,55,85,5,2,19,5,80,1,Yes,1,10.0
3378,Female,52,57,56,7.83,89,45,92,4,1,5,5,74,1,Yes,1,5.81
3379,Male,54,87,56,9.1,48,73,82,3,0,19,4,76,2,No,1,7.18
3380,Male,86,67,68,7.53,71,94,55,1,0,4,2,68,3,No,0,0.0
3381,Male,57,58,54,8.23,48,96,57,3,5,15,3,88,4,No,0,0.0
3382,Male,66,60,78,7.6,43,65,41,3,0,14,4,95,2,No,0,0.0
3383,Male,76,65,94,7.35,78,48,66,1,5,17,2,79,3,Yes,0,0.0
3384,Male,68,92,66,8.31,81,50,74,0,2,10,3,93,2,Yes,0,0.0
3385,Female,93,95,66,6.92,83,54,50,0,3,12,0,74,4,Yes,0,0.0
3386,Male,78,59,82,6.65,89,83,60,4,2,14,2,64,0,No,0,0.0
3387,Female,56,53,66,9.74,41,80,97,5,2,1,1,64,5,Yes,0,0.0
3388,Male,50,86,79,6.34,41,66,70,0,5,23,2,83,2,No,0,0.0
3389,Male,78,73,88,7.0,88,65,95,0,3,1,1,85,0,No,1,4.56
3390,Male,66,75,67,7.25,74,78,57,4,3,19,0,74,4,No,0,0.0
3391,Male,67,92,76,7.63,56,56,46,2,0,17,3,66,5,Yes,0,0.0
3392,Female,94,61,57,8.91,67,85,46,4,0,11,5,65,4,No,0,0.0
3393,Female,88,52,75,5.9,98,46,46,2,3,13,1,70,3,No,0,0.0
3394,Female,57,89,58,8.14,59,95,47,0,5,8,1,71,3,Yes,0,0.0
3395,Male,58,70,59,5.91,71,57,73,2,2,21,2,60,3,Yes,0,0.0
3396,Female,70,95,50,9.61,86,89,73,0,1,12,0,72,0,No,1,14.61
3397,Female,74,59,67,7.05,95,90,89,3,5,0,2,79,4,No,0,0.0
3398,Male,82,91,56,9.76,57,63,56,4,0,5,5,69,3,No,0,0.0
3399,Male,67,85,50,5.8,64,81,97,3,5,17,3,66,4,Yes,0,0.0
3400,Female,87,73,50,6.35,69,64,45,0,4,0,1,90,5,No,1,9.45
3401,Female,67,50,87,8.25,46,86,98,2,4,22,1,68,3,Yes,0,0.0
3402,Male,76,71,91,9.25,75,94,64,1,4,21,4,98,1,Yes,1,7.36
3403,Female,71,92,61,6.77,94,68,42,3,5,1,4,93,0,Yes,0,0.0
3404,Male,51,55,67,8.97,49,66,66,5,2,19,0,87,0,No,1,8.42
3405,Male,74,51,85,6.2,57,87,78,2,0,10,4,85,0,No,1,12.12
3406,Male,88,88,59,6.0,75,53,59,0,0,3,2,74,5,No,0,0.0
3407,Male,56,51,82,6.39,87,80,87,5,3,4,5,76,0,No,1,13.13
3408,Male,74,74,93,9.6,67,95,91,2,2,19,0,98,1,No,1,6.22
3409,Male,78,60,57,5.64,66,49,62,0,2,18,5,80,3,No,1,9.23
3410,Female,58,69,81,5.64,70,50,87,1,5,19,3,95,4,No,0,0.0
3411,Male,89,95,57,5.75,83,43,47,5,5,5,4,75,3,No,0,0.0
3412,Female,52,50,71,7.5,68,76,90,2,4,4,0,79,2,No,1,6.01
3413,Female,62,95,66,6.67,46,86,67,1,4,24,5,77,1,No,1,6.69
3414,Male,55,53,77,8.46,49,79,99,1,0,18,1,88,5,No,0,0.0
3415,Male,94,87,81,8.66,71,58,79,0,5,16,5,84,5,No,0,0.0
3416,Female,93,57,55,7.75,99,46,79,3,0,14,5,61,5,No,0,0.0
3417,Male,54,62,81,6.9,51,63,59,2,4,17,5,87,3,No,0,0.0
3418,Female,87,68,54,6.28,51,49,87,2,1,10,2,74,3,No,0,0.0
3419,Male,65,91,50,7.54,61,45,93,4,5,6,2,79,2,No,1,12.34
3420,Male,70,78,85,9.26,97,54,60,5,2,1,1,98,4,No,0,0.0
3421,Male,69,92,93,8.64,82,58,93,5,0,0,1,80,0,Yes,1,6.19
3422,Female,92,71,79,5.79,89,71,67,3,3,22,3,67,4,No,0,0.0
3423,Female,53,78,50,8.11,66,84,62,5,5,13,3,73,0,Yes,1,13.74
3424,Male,82,50,65,6.66,53,93,78,3,3,12,5,91,4,Yes,0,0.0
3425,Female,66,73,53,5.5,72,70,70,0,5,6,0,75,2,Yes,0,0.0
3426,Male,88,53,71,7.44,48,52,86,3,4,18,1,62,3,Yes,0,0.0
3427,Female,69,83,61,9.27,45,92,48,1,2,17,2,99,4,Yes,0,0.0
3428,Male,87,80,66,9.39,83,73,89,3,1,23,3,85,5,No,1,9.03
3429,Female,70,56,75,8.63,98,94,45,0,4,7,3,63,5,No,0,0.0
3430,Male,95,64,85,5.94,68,98,85,3,0,15,4,62,5,No,0,0.0
3431,Female,58,95,85,7.47,45,65,62,3,1,20,2,94,1,Yes,1,12.26
3432,Female,69,68,52,5.53,79,62,75,0,0,24,2,64,4,Yes,0,0.0
3433,Female,79,92,80,5.99,67,70,73,3,2,18,1,63,5,Yes,0,0.0
3434,Female,52,67,51,8.28,96,61,98,0,2,23,0,64,5,No,0,0.0
3435,Female,69,60,83,7.71,67,86,73,1,1,7,5,87,1,Yes,1,4.39
3436,Female,93,57,54,6.66,73,92,69,2,1,8,2,65,3,Yes,0,0.0
3437,Female,89,71,85,5.69,78,64,74,0,1,6,5,76,4,No,0,0.0
3438,Male,54,76,53,9.12,78,46,57,2,4,12,0,82,5,Yes,0,0.0
3439,Female,91,57,72,6.09,58,50,78,4,2,11,3,61,2,No,1,11.25
3440,Male,80,63,81,8.26,75,55,84,2,4,17,3,73,0,Yes,1,6.32
3441,Male,87,65,91,7.55,90,51,53,5,3,22,2,66,0,No,0,0.0
3442,Female,70,89,80,6.7,90,56,56,1,4,2,5,61,5,No,0,0.0
3443,Female,75,79,55,6.47,52,87,50,2,2,19,0,66,3,Yes,1,13.86
3444,Male,71,88,52,9.76,69,54,81,4,2,20,4,92,5,No,0,0.0
3445,Female,86,79,70,9.36,70,47,56,5,2,19,4,85,4,Yes,0,0.0
3446,Male,53,69,95,8.92,64,44,83,0,4,19,5,91,3,No,0,0.0
3447,Male,91,89,76,5.79,51,70,91,2,0,1,5,79,0,No,0,0.0
3448,Female,69,58,63,8.04,69,99,70,2,0,9,4,65,3,No,0,0.0
3449,Female,93,76,78,7.22,84,40,43,3,1,16,2,89,2,Yes,0,0.0
3450,Female,95,88,84,8.63,89,71,51,5,5,7,1,63,2,Yes,1,9.3
3451,Female,82,80,60,6.4,74,78,83,2,5,3,5,69,2,No,1,10.25
3452,Male,55,87,91,6.12,47,71,86,2,0,1,3,60,3,Yes,0,0.0
3453,Female,54,90,87,7.86,73,71,72,2,0,12,1,63,3,Yes,0,0.0
3454,Female,78,92,79,5.95,71,74,83,2,2,6,3,69,3,Yes,0,0.0
3455,Male,55,82,59,5.79,96,70,59,0,3,7,3,91,4,No,1,4.32
3456,Male,59,55,92,6.67,57,96,55,3,4,24,5,78,3,Yes,0,0.0
3457,Female,52,64,64,5.78,50,82,61,2,1,3,3,62,0,No,1,6.02
3458,Female,59,73,85,9.06,61,89,80,4,3,20,2,85,5,No,0,0.0
3459,Female,70,64,67,9.76,67,95,54,1,4,22,0,89,3,No,0,0.0
3460,Male,63,53,88,7.34,64,54,41,4,1,23,1,62,1,No,0,0.0
3461,Female,92,52,68,8.71,81,84,42,0,1,7,2,84,3,Yes,1,3.83
3462,Male,66,92,57,5.56,51,88,87,0,4,13,5,98,5,No,0,0.0
3463,Male,94,69,65,9.15,64,68,78,4,4,5,4,84,1,No,1,5.62
3464,Female,72,84,76,6.15,81,44,43,1,4,0,2,68,0,Yes,1,12.78
3465,Male,79,94,58,8.18,53,57,56,5,0,4,1,92,5,Yes,0,0.0
3466,Female,53,89,50,8.05,75,72,58,5,0,1,5,88,3,No,0,0.0
3467,Female,91,84,73,8.48,79,52,55,1,2,19,4,74,4,No,0,0.0
3468,Female,66,70,51,8.06,70,82,93,3,5,9,0,85,1,No,1,9.56
3469,Male,82,60,62,7.34,81,51,75,4,4,23,3,93,3,No,0,0.0
3470,Female,56,79,86,6.12,57,47,67,1,5,10,5,87,1,No,0,0.0
3471,Female,63,81,83,8.82,87,76,62,4,2,17,5,73,5,Yes,0,0.0
3472,Female,57,70,84,5.88,47,89,65,5,5,19,3,91,1,Yes,1,5.23
3473,Male,87,60,63,8.59,45,46,81,1,5,4,4,78,4,No,0,0.0
3474,Female,73,50,87,9.12,78,51,92,5,4,19,1,74,3,Yes,0,0.0
3475,Male,67,90,85,8.95,83,50,61,2,4,20,5,86,2,Yes,1,7.99
3476,Male,91,90,92,9.54,50,97,58,3,5,6,5,85,3,No,0,0.0
3477,Female,52,68,82,7.65,94,96,78,1,1,3,1,96,3,No,0,0.0
3478,Male,84,95,60,7.41,64,97,40,1,2,6,0,61,2,No,0,0.0
3479,Male,79,94,86,7.86,78,76,64,2,4,20,1,60,1,Yes,1,6.03
3480,Female,64,84,69,5.54,66,84,62,4,2,6,4,62,3,Yes,0,0.0
3481,Male,62,62,64,9.05,93,83,74,1,2,22,4,80,1,Yes,1,7.37
3482,Male,93,61,93,8.68,70,81,88,4,5,24,3,61,4,Yes,0,0.0
3483,Female,88,83,86,8.05,91,97,67,2,4,8,4,98,1,Yes,0,0.0
3484,Male,63,78,57,9.05,83,75,84,3,5,2,1,75,3,Yes,0,0.0
3485,Female,82,88,76,7.69,72,70,67,3,2,14,5,88,2,Yes,0,0.0
3486,Male,82,56,51,6.46,64,98,44,2,0,14,3,83,1,Yes,1,5.98
3487,Male,51,83,79,8.57,49,94,45,3,0,13,1,91,2,No,1,12.83
3488,Female,73,74,68,8.77,63,98,42,3,2,0,4,80,1,Yes,1,13.56
3489,Male,59,83,60,9.43,82,77,93,0,1,24,3,80,1,No,1,13.22
3490,Male,55,58,52,8.56,87,56,70,1,5,24,5,70,5,No,0,0.0
3491,Female,50,87,65,7.26,87,95,46,4,2,15,5,92,2,Yes,1,7.31
3492,Male,94,51,50,8.88,60,79,78,1,2,10,0,74,2,Yes,1,8.08
3493,Male,71,87,63,9.36,84,61,93,2,2,3,0,94,1,No,1,12.45
3494,Male,82,88,75,8.27,57,70,69,4,2,17,4,74,4,No,0,0.0
3495,Male,86,63,79,7.12,41,86,54,0,2,4,2,94,4,Yes,0,0.0
3496,Female,62,91,93,5.73,76,45,48,5,2,9,1,74,0,No,0,0.0
3497,Male,68,50,90,6.11,78,50,54,4,0,21,1,85,3,No,1,7.72
3498,Male,50,52,50,6.56,48,79,67,1,5,8,4,83,0,No,1,11.46
3499,Male,80,74,94,9.58,49,93,89,1,2,11,4,72,1,Yes,0,0.0
3500,Male,59,87,59,7.37,65,76,44,3,3,3,0,62,3,No,0,0.0
3501,Female,83,59,86,7.0,79,72,61,3,2,3,0,92,5,Yes,0,0.0
3502,Male,64,88,82,6.51,95,80,76,1,3,8,5,63,1,No,1,11.89
3503,Female,89,62,52,6.95,62,81,52,4,3,21,0,78,3,Yes,0,0.0
3504,Female,59,72,68,7.06,60,95,52,0,2,24,5,64,3,Yes,0,0.0
3505,Female,80,74,63,6.7,61,68,75,5,2,15,2,99,0,No,1,10.3
3506,Male,80,89,59,8.38,51,88,85,2,4,15,5,81,4,Yes,0,0.0
3507,Female,81,86,58,6.84,88,52,43,4,5,20,1,99,1,Yes,0,0.0
3508,Male,71,58,58,7.34,59,86,86,2,1,2,0,90,0,Yes,1,10.29
3509,Male,84,55,64,6.08,80,87,66,4,2,11,1,89,2,No,1,9.23
3510,Male,89,55,72,8.85,49,79,96,3,5,13,5,62,4,Yes,0,0.0
3511,Male,94,79,51,7.76,77,43,57,0,3,16,1,66,0,Yes,0,0.0
3512,Female,92,79,78,6.56,96,80,52,2,0,15,4,82,0,No,1,7.99
3513,Male,56,56,88,9.3,51,46,66,5,3,13,5,91,2,No,0,0.0
3514,Male,73,72,59,8.8,72,76,58,4,2,4,1,97,5,Yes,0,0.0
3515,Female,50,52,65,7.02,82,74,84,1,0,21,0,68,5,No,0,0.0
3516,Male,54,88,85,9.41,83,74,76,2,3,19,4,76,0,Yes,1,3.7
3517,Male,66,88,64,7.41,87,58,49,4,5,23,4,66,5,Yes,0,0.0
3518,Male,83,70,76,9.04,89,82,93,4,5,2,5,74,4,Yes,0,0.0
3519,Female,68,50,58,6.76,95,62,77,2,5,20,4,99,4,Yes,0,0.0
3520,Female,85,74,73,9.53,86,50,93,4,0,22,3,63,3,No,0,0.0
3521,Male,87,70,83,8.87,80,65,56,2,2,24,1,73,3,Yes,0,0.0
3522,Male,87,89,52,7.95,67,66,53,0,1,8,3,73,2,Yes,0,0.0
3523,Male,55,60,61,8.98,74,64,71,3,3,10,3,96,2,No,1,8.92
3524,Male,76,84,62,8.53,86,96,43,1,5,23,0,76,3,No,0,0.0
3525,Male,83,69,56,8.31,90,73,75,3,0,2,3,80,5,No,0,0.0
3526,Female,95,77,69,5.6,97,49,74,1,1,8,4,85,2,Yes,0,0.0
3527,Female,52,71,60,6.27,80,58,78,4,0,21,2,72,3,No,1,4.06
3528,Male,87,93,71,9.35,85,76,71,3,1,23,3,78,3,No,0,0.0
3529,Female,93,54,87,5.76,60,64,87,5,3,2,1,70,0,Yes,0,0.0
3530,Female,54,92,52,6.84,63,43,81,1,2,0,4,60,1,Yes,0,0.0
3531,Female,80,51,70,9.19,83,86,63,1,3,23,4,85,5,Yes,0,0.0
3532,Female,58,63,84,6.62,45,96,52,2,5,22,4,81,5,Yes,0,0.0
3533,Female,86,56,68,8.12,85,54,93,4,1,9,4,96,2,No,1,13.64
3534,Male,69,74,68,7.28,78,73,59,2,5,0,4,60,1,No,1,6.88
3535,Male,61,82,60,6.2,76,69,41,1,5,11,5,90,2,Yes,0,0.0
3536,Female,63,72,88,7.44,47,98,43,1,4,6,2,95,0,Yes,1,7.11
3537,Female,86,92,94,5.91,99,97,53,5,1,3,0,87,3,Yes,0,0.0
3538,Female,67,71,83,9.14,76,72,51,0,2,24,5,78,5,No,0,0.0
3539,Male,76,79,67,8.79,80,84,80,5,5,24,1,94,0,No,1,12.58
3540,Male,95,63,79,6.54,86,63,42,1,5,2,4,84,1,Yes,0,0.0
3541,Female,59,90,54,9.76,68,59,55,3,0,10,0,62,2,No,0,0.0
3542,Female,62,77,62,6.04,85,85,70,3,2,13,1,87,0,Yes,1,3.81
3543,Male,74,91,86,8.77,54,44,44,1,0,3,0,92,0,No,0,0.0
3544,Female,66,76,52,7.0,40,59,45,1,1,21,0,63,3,No,0,0.0
3545,Female,51,57,71,8.37,67,55,53,1,3,17,4,85,5,No,0,0.0
3546,Male,74,94,70,8.46,54,90,43,5,2,6,0,94,1,Yes,1,13.39
3547,Female,94,78,62,6.29,80,67,80,1,1,13,0,61,1,Yes,0,0.0
3548,Male,68,79,87,5.52,94,49,66,4,1,3,5,98,4,No,0,0.0
3549,Male,95,69,81,5.96,86,58,79,5,2,22,0,79,1,Yes,0,0.0
3550,Female,71,55,74,7.72,61,48,97,2,4,24,5,63,4,No,0,0.0
3551,Male,95,80,60,5.88,61,49,68,1,4,21,0,89,5,Yes,0,0.0
3552,Female,74,56,87,9.17,68,78,85,1,3,15,2,63,2,No,1,6.73
3553,Male,87,51,84,5.79,88,92,45,4,2,6,1,68,0,Yes,0,0.0
3554,Male,67,58,85,8.26,49,98,97,0,5,20,0,78,0,No,1,8.85
3555,Female,74,93,76,8.83,45,99,49,5,1,1,4,65,1,Yes,1,8.44
3556,Female,76,95,93,7.4,91,94,99,4,1,8,4,83,2,Yes,1,10.35
3557,Male,76,93,87,9.37,83,97,47,1,4,0,0,77,4,No,0,0.0
3558,Male,68,63,68,8.08,58,50,61,4,5,15,1,83,5,No,0,0.0
3559,Male,60,73,74,6.36,40,44,78,3,3,21,4,79,4,No,0,0.0
3560,Female,93,70,52,8.55,74,60,92,2,5,15,3,67,5,No,0,0.0
3561,Female,62,62,83,9.51,67,81,48,4,1,10,3,92,2,Yes,1,12.45
3562,Male,75,54,88,8.9,90,85,44,0,5,5,2,89,3,Yes,0,0.0
3563,Female,50,58,79,7.6,68,76,70,3,0,22,5,92,0,No,1,5.85
3564,Male,65,89,62,8.75,93,53,55,3,2,13,0,80,3,No,0,0.0
3565,Male,78,58,62,7.79,94,77,77,4,1,18,3,69,2,No,1,4.9
3566,Female,87,66,95,8.22,59,98,70,1,3,12,1,63,3,No,0,0.0
3567,Male,72,71,58,7.51,67,83,94,4,0,12,4,87,5,Yes,0,0.0
3568,Male,67,54,89,8.66,61,83,84,0,2,17,1,67,4,No,0,0.0
3569,Female,64,87,90,5.96,58,99,76,2,0,14,4,71,0,No,1,9.63
3570,Male,52,53,83,9.0,62,61,88,2,4,1,5,79,4,No,0,0.0
3571,Male,67,83,84,9.44,95,51,65,4,3,18,4,70,3,Yes,1,3.85
3572,Female,58,65,88,6.71,61,68,47,5,3,9,1,65,4,Yes,0,0.0
3573,Male,76,90,91,6.7,90,84,60,1,0,9,0,68,5,Yes,0,0.0
3574,Male,51,81,50,7.43,48,88,56,3,5,23,1,91,4,Yes,0,0.0
3575,Female,52,73,50,9.11,53,41,96,2,5,7,2,81,1,No,1,6.66
3576,Female,66,92,74,9.71,77,85,76,3,1,6,2,76,3,No,0,0.0
3577,Female,79,76,72,6.08,62,43,53,5,0,5,1,81,2,Yes,0,0.0
3578,Male,89,93,94,9.73,50,87,63,0,4,1,3,81,0,Yes,0,0.0
3579,Female,84,94,70,8.62,73,76,94,3,4,18,0,88,1,No,1,10.76
3580,Female,52,71,71,7.24,43,96,97,3,1,17,0,82,2,Yes,0,0.0
3581,Male,57,73,89,7.75,98,91,82,4,5,13,4,79,1,Yes,1,13.56
3582,Male,71,90,87,8.55,96,92,42,0,4,18,0,80,4,No,0,0.0
3583,Female,65,55,58,7.38,73,48,98,5,5,0,0,81,0,No,1,12.44
3584,Female,78,65,87,8.19,56,93,88,5,5,13,4,79,5,No,0,0.0
3585,Male,58,87,94,6.75,77,73,56,2,2,10,3,76,5,Yes,0,0.0
3586,Male,59,56,90,7.12,97,97,51,0,4,0,5,60,5,No,0,0.0
3587,Male,55,76,81,9.44,77,46,53,3,2,24,4,82,5,Yes,0,0.0
3588,Female,83,56,78,6.44,89,81,40,3,1,18,3,79,4,Yes,0,0.0
3589,Female,95,60,94,7.5,85,89,92,2,4,2,5,89,0,Yes,1,9.54
3590,Male,82,52,52,9.26,77,90,60,5,4,18,2,82,3,No,1,14.41
3591,Female,55,93,82,5.99,60,96,64,0,3,4,5,67,3,Yes,0,0.0
3592,Male,81,89,79,6.09,41,75,93,2,4,21,5,67,0,Yes,1,6.09
3593,Female,53,69,76,8.44,91,43,40,3,2,1,2,65,2,Yes,0,0.0
3594,Female,76,73,61,8.25,60,83,42,0,4,22,3,63,4,No,0,0.0
3595,Male,66,50,85,8.54,77,64,55,1,2,5,0,75,3,Yes,0,0.0
3596,Male,85,63,62,9.36,71,42,92,4,4,6,3,76,4,Yes,0,0.0
3597,Female,82,83,86,6.4,61,95,88,1,3,17,4,62,3,Yes,0,0.0
3598,Female,50,76,83,7.53,63,45,83,5,3,13,5,84,2,Yes,1,12.11
3599,Male,94,52,62,7.8,95,49,75,0,1,12,0,66,4,Yes,1,11.18
3600,Female,66,51,90,9.31,98,71,72,1,0,12,0,63,1,Yes,0,0.0
3601,Male,94,82,75,5.87,56,67,40,4,3,15,1,70,2,No,0,0.0
3602,Female,87,58,50,5.82,58,70,91,0,2,7,5,91,2,No,1,14.96
3603,Female,64,86,89,6.09,97,87,81,1,4,12,3,83,5,Yes,0,0.0
3604,Male,72,66,88,7.62,42,86,67,3,2,10,1,75,4,No,0,0.0
3605,Female,66,91,91,5.88,87,67,49,0,2,0,2,78,0,Yes,0,0.0
3606,Female,77,52,88,8.21,59,42,63,1,1,8,2,67,5,Yes,0,0.0
3607,Female,86,87,62,7.47,73,64,83,3,3,4,1,64,1,No,1,8.97
3608,Male,73,71,78,9.24,92,73,97,0,5,0,0,84,3,No,1,10.34
3609,Female,79,76,54,9.71,50,86,53,3,4,18,4,67,0,Yes,1,4.8
3610,Female,90,72,76,5.82,94,45,64,5,5,22,2,93,3,Yes,0,0.0
3611,Female,65,56,69,6.44,49,67,65,1,0,13,3,75,5,No,0,0.0
3612,Female,64,89,63,6.51,74,72,76,3,4,20,0,72,0,No,1,6.23
3613,Male,69,88,52,6.65,62,66,87,5,3,20,1,71,5,Yes,1,11.28
3614,Male,88,89,55,9.5,46,68,93,2,1,19,1,77,2,Yes,1,7.92
3615,Female,60,71,70,7.16,92,71,62,4,2,22,5,84,0,Yes,0,0.0
3616,Male,77,94,52,6.82,75,60,74,0,1,15,2,62,3,No,0,0.0
3617,Female,59,60,54,7.73,64,76,56,3,3,9,0,82,0,No,0,0.0
3618,Male,54,82,57,6.26,56,43,49,3,1,15,2,84,1,Yes,0,0.0
3619,Female,83,65,63,7.09,71,83,75,1,4,4,5,63,3,No,0,0.0
3620,Male,55,65,75,8.76,79,83,59,5,1,20,4,72,1,No,1,6.7
3621,Female,53,56,61,5.68,89,78,99,2,3,5,4,65,5,Yes,1,14.2
3622,Male,90,82,94,5.96,98,41,88,5,1,13,3,67,4,No,0,0.0
3623,Female,70,76,54,8.46,64,81,56,4,5,10,1,93,3,No,0,0.0
3624,Female,91,63,57,6.09,91,56,55,5,5,8,5,85,1,No,0,0.0
3625,Male,57,82,77,6.66,49,64,96,3,4,8,1,89,2,No,1,14.6
3626,Male,92,91,66,7.64,59,87,53,3,1,13,1,95,5,Yes,0,0.0
3627,Female,84,92,78,5.99,94,79,53,5,1,16,4,87,4,Yes,0,0.0
3628,Male,61,70,62,7.89,81,61,47,5,3,20,3,82,5,Yes,0,0.0
3629,Male,66,54,81,7.36,43,95,62,2,0,14,2,60,1,No,1,13.2
3630,Female,78,62,83,6.71,98,62,58,0,2,23,3,86,1,Yes,0,0.0
3631,Male,71,81,74,9.53,69,69,78,5,0,5,0,77,1,Yes,1,12.58
3632,Male,76,59,68,6.68,81,85,89,3,1,2,0,65,3,No,0,0.0
3633,Female,69,56,62,7.69,45,54,54,5,1,18,0,66,0,No,0,0.0
3634,Male,75,69,85,7.19,80,74,81,1,4,11,1,88,0,No,1,5.38
3635,Female,65,71,60,7.14,53,99,47,1,5,15,2,94,3,No,0,0.0
3636,Female,52,68,60,7.04,90,80,94,0,2,8,3,85,1,Yes,0,0.0
3637,Male,81,64,71,7.7,69,45,87,3,4,8,4,75,3,No,0,0.0
3638,Female,81,77,52,6.94,41,79,70,5,3,5,2,64,3,No,0,0.0
3639,Female,61,61,73,8.99,89,94,95,2,0,14,5,80,1,No,1,7.88
3640,Female,53,89,73,7.46,90,59,59,0,0,7,0,75,5,No,0,0.0
3641,Female,79,56,57,6.93,52,53,98,2,5,17,0,91,3,No,0,0.0
3642,Female,55,66,78,8.66,55,69,41,2,4,10,5,63,1,Yes,0,0.0
3643,Male,77,91,63,6.92,57,65,71,5,2,21,2,82,4,Yes,0,0.0
3644,Male,59,89,69,6.8,91,54,79,4,2,7,1,78,4,No,0,0.0
3645,Female,95,85,51,5.67,48,70,70,0,1,9,3,68,5,Yes,0,0.0
3646,Female,93,50,58,9.66,63,48,67,0,0,13,4,94,2,Yes,1,13.03
3647,Female,92,91,58,9.72,91,65,60,1,4,22,3,84,2,Yes,1,9.05
3648,Female,85,57,56,6.66,92,72,54,5,5,12,2,93,2,No,1,12.11
3649,Male,87,71,77,6.11,46,61,52,4,4,20,3,96,3,No,0,0.0
3650,Male,72,58,63,8.08,43,98,64,3,0,24,0,95,2,Yes,1,14.54
3651,Male,74,73,76,7.01,74,41,70,4,0,5,5,88,5,No,0,0.0
3652,Male,85,59,53,6.36,57,91,70,0,5,20,2,66,4,Yes,0,0.0
3653,Male,59,69,84,7.37,70,78,61,1,4,2,3,94,4,Yes,0,0.0
3654,Male,68,93,87,6.47,42,51,60,2,3,6,1,66,4,Yes,1,7.74
3655,Male,65,85,81,6.2,94,40,61,5,2,7,0,99,2,Yes,0,0.0
3656,Female,87,70,81,7.69,57,46,77,5,2,6,5,96,2,Yes,1,13.28
3657,Male,88,52,79,5.69,94,77,65,2,5,9,0,97,3,Yes,0,0.0
3658,Male,77,75,50,8.34,61,56,64,5,0,6,0,71,3,Yes,0,0.0
3659,Male,62,52,58,6.62,65,47,45,3,3,8,5,64,1,No,1,6.34
3660,Male,92,76,74,9.35,92,81,78,0,1,18,1,87,3,Yes,0,0.0
3661,Male,67,88,73,6.49,90,84,92,3,0,22,1,70,0,No,1,10.26
3662,Female,92,59,65,7.97,68,95,63,3,1,5,3,67,4,No,0,0.0
3663,Female,89,55,91,9.08,78,92,95,3,1,19,1,83,4,Yes,0,0.0
3664,Female,54,56,60,7.31,68,47,70,2,4,9,5,84,2,No,0,0.0
3665,Female,61,68,86,5.51,92,60,92,2,0,11,1,70,0,No,1,3.56
3666,Female,75,56,57,7.6,83,75,80,0,3,9,1,71,4,No,1,9.72
3667,Male,95,61,73,9.43,79,93,71,2,1,6,5,72,0,Yes,1,11.35
3668,Female,50,78,63,6.62,61,51,56,2,3,19,3,79,3,No,0,0.0
3669,Female,57,87,67,7.5,60,90,70,5,5,23,5,70,4,No,1,7.07
3670,Female,78,62,69,7.83,47,54,61,0,5,15,3,84,1,No,0,0.0
3671,Female,78,61,60,5.97,91,51,99,1,4,1,3,71,5,No,0,0.0
3672,Male,74,75,86,6.61,66,92,76,2,3,5,5,98,4,No,0,0.0
3673,Male,50,67,95,8.05,40,45,91,1,5,18,2,92,1,Yes,1,14.53
3674,Male,61,88,67,8.78,50,58,72,1,2,17,1,78,0,Yes,0,0.0
3675,Female,58,92,67,6.65,43,84,45,2,3,15,3,91,1,Yes,0,0.0
3676,Male,57,69,94,6.7,45,49,97,5,2,12,5,92,3,No,0,0.0
3677,Female,67,78,94,6.55,58,78,58,4,2,19,5,82,3,No,0,0.0
3678,Female,75,50,56,9.63,76,56,63,5,1,13,0,79,3,No,0,0.0
3679,Male,84,84,56,6.01,71,42,92,2,5,9,4,92,2,Yes,0,0.0
3680,Male,84,62,55,9.19,94,91,63,1,2,17,0,66,1,Yes,1,3.08
3681,Male,66,75,71,6.91,74,96,97,5,2,23,5,77,5,Yes,0,0.0
3682,Female,62,89,95,9.27,40,42,68,1,3,9,3,77,0,Yes,1,14.41
3683,Male,63,53,93,8.14,70,51,59,2,3,1,3,84,2,Yes,0,0.0
3684,Female,61,76,79,6.73,52,46,54,4,5,3,3,82,0,No,0,0.0
3685,Female,86,73,61,9.59,42,85,52,1,1,2,3,94,4,No,0,0.0
3686,Male,57,91,88,5.74,51,49,61,5,5,16,3,68,0,Yes,0,0.0
3687,Male,64,76,50,8.46,60,46,42,4,1,0,1,72,5,No,0,0.0
3688,Male,78,84,84,8.53,41,73,58,1,1,14,3,96,5,Yes,0,0.0
3689,Female,84,76,69,7.89,63,85,78,0,1,15,0,64,3,Yes,0,0.0
3690,Female,77,65,65,7.24,55,41,67,4,2,11,1,61,3,No,0,0.0
3691,Female,78,94,87,8.63,48,60,89,0,5,18,3,83,0,No,1,7.93
3692,Female,93,78,67,7.91,59,85,54,0,3,2,2,80,0,No,0,0.0
3693,Female,93,58,65,6.08,40,82,80,2,5,2,1,97,3,No,0,0.0
3694,Male,87,94,50,7.24,55,61,97,5,2,14,0,60,2,Yes,0,0.0
3695,Female,66,52,61,8.78,48,76,67,0,5,5,3,62,0,No,1,4.34
3696,Female,56,55,77,8.12,94,72,66,1,3,11,0,85,1,No,0,0.0
3697,Female,53,92,80,6.6,40,40,85,0,2,22,2,96,4,Yes,0,0.0
3698,Male,82,87,94,9.63,42,46,82,4,1,22,1,99,2,Yes,0,0.0
3699,Male,79,57,50,7.73,98,55,48,4,2,2,5,94,3,Yes,0,0.0
3700,Male,74,77,58,8.95,75,84,43,5,3,13,4,66,4,No,0,0.0
3701,Male,70,67,58,6.34,87,52,76,4,4,16,2,83,0,Yes,1,5.49
3702,Female,81,58,57,8.54,97,45,81,2,2,13,0,96,1,Yes,0,0.0
3703,Male,87,64,77,9.78,81,69,81,2,0,2,0,83,3,Yes,0,0.0
3704,Male,53,67,60,9.15,50,58,74,0,5,17,1,81,4,Yes,0,0.0
3705,Male,52,95,85,9.39,45,42,52,3,4,9,2,75,1,No,0,0.0
3706,Male,71,91,69,8.28,71,91,50,1,4,22,1,77,5,No,0,0.0
3707,Male,53,95,53,8.18,76,46,95,1,5,24,2,70,0,Yes,1,3.42
3708,Female,53,90,81,6.9,63,67,71,4,3,22,4,98,0,Yes,1,12.49
3709,Female,69,58,79,7.14,50,73,70,1,3,23,5,86,1,No,1,12.28
3710,Male,64,50,74,5.98,90,58,61,5,1,7,4,75,2,No,0,0.0
3711,Male,70,55,90,5.78,58,77,84,5,3,21,1,85,0,Yes,1,13.17
3712,Female,86,52,63,6.64,61,54,74,1,2,22,0,63,4,No,0,0.0
3713,Female,55,83,86,9.4,75,94,73,5,4,8,2,85,2,Yes,1,6.63
3714,Female,94,79,90,6.14,71,98,60,4,5,12,4,82,2,Yes,1,8.77
3715,Male,86,72,59,5.73,81,55,47,5,3,18,3,61,4,No,0,0.0
3716,Male,62,85,70,5.85,54,50,68,2,3,8,5,61,1,Yes,1,3.62
3717,Female,82,61,50,9.38,67,67,42,2,1,8,5,66,3,Yes,0,0.0
3718,Male,74,68,64,5.56,79,73,58,4,4,19,3,79,0,Yes,1,12.23
3719,Female,57,83,64,6.27,73,84,92,0,1,12,5,99,1,Yes,1,7.64
3720,Male,77,50,83,8.0,69,50,71,0,5,16,0,62,2,No,0,0.0
3721,Male,94,80,85,6.73,70,51,51,2,3,16,1,98,2,No,0,0.0
3722,Male,75,62,50,7.58,86,69,46,5,1,14,3,91,0,Yes,1,8.27
3723,Female,87,54,53,8.29,45,82,72,1,2,18,2,66,2,No,1,10.33
3724,Male,62,52,91,6.68,54,94,98,5,0,1,4,72,3,No,0,0.0
3725,Female,56,75,50,6.56,91,72,45,0,3,21,5,90,2,No,0,0.0
3726,Male,86,64,66,5.91,40,63,53,5,2,13,1,76,1,No,0,0.0
3727,Male,58,53,67,6.6,78,72,56,5,2,20,1,77,4,No,0,0.0
3728,Female,95,59,59,6.55,52,96,67,4,1,3,0,62,0,Yes,1,8.11
3729,Male,76,52,93,6.91,94,92,86,4,1,4,5,98,2,Yes,0,0.0
3730,Female,83,70,86,5.99,85,62,51,2,1,23,3,77,2,Yes,0,0.0
3731,Male,74,85,69,6.04,51,44,84,0,2,0,4,80,0,Yes,0,0.0
3732,Female,81,63,56,6.86,47,98,44,2,5,2,5,98,3,Yes,0,0.0
3733,Female,57,73,69,5.55,73,95,86,3,0,4,3,69,4,Yes,0,0.0
3734,Male,67,64,65,6.53,84,83,46,5,3,22,1,60,2,Yes,0,0.0
3735,Male,63,58,90,6.4,82,90,83,4,3,14,1,91,1,No,1,13.81
3736,Male,64,64,75,9.39,98,78,99,3,2,14,2,82,2,Yes,1,14.52
3737,Female,81,67,85,7.66,98,87,45,5,3,5,3,92,5,No,1,5.79
3738,Male,72,72,69,6.0,63,68,42,2,4,11,5,92,2,Yes,0,0.0
3739,Female,66,61,92,8.21,68,87,47,0,0,8,1,98,3,Yes,1,12.4
3740,Male,52,66,52,9.69,66,62,78,0,1,23,0,61,0,Yes,1,7.5
3741,Female,67,84,60,6.46,45,85,56,1,1,19,0,93,1,No,0,0.0
3742,Male,78,80,87,7.66,63,53,41,5,2,18,0,98,1,Yes,0,0.0
3743,Female,92,69,66,7.07,58,65,66,1,2,20,1,80,5,Yes,0,0.0
3744,Male,60,75,74,9.74,47,66,46,0,0,3,1,79,0,No,0,0.0
3745,Male,71,81,82,9.24,68,78,57,1,3,20,3,75,4,No,0,0.0
3746,Female,67,78,84,9.21,76,50,44,3,1,0,0,74,5,Yes,0,0.0
3747,Male,57,64,83,6.72,69,71,45,1,3,12,0,73,1,No,0,0.0
3748,Male,74,51,58,8.33,82,91,53,4,5,22,0,83,5,No,0,0.0
3749,Female,81,91,82,5.74,72,97,43,3,1,18,0,65,3,Yes,0,0.0
3750,Female,50,78,89,8.44,99,97,62,3,0,11,0,90,2,Yes,1,5.02
3751,Female,63,78,64,6.11,78,49,44,5,1,4,0,92,5,No,0,0.0
3752,Male,62,77,88,5.7,58,47,67,1,4,10,3,68,2,Yes,1,4.16
3753,Female,72,86,65,8.62,45,55,78,4,1,3,3,98,3,No,0,0.0
3754,Female,92,84,88,8.25,44,51,44,3,3,13,3,87,3,No,0,0.0
3755,Female,63,94,62,8.35,58,52,59,5,0,2,4,70,3,Yes,0,0.0
3756,Male,50,73,87,9.4,93,91,66,2,5,1,0,76,5,No,0,0.0
3757,Female,89,83,76,8.21,81,99,84,0,3,24,3,65,4,Yes,0,0.0
3758,Female,80,82,67,8.35,48,43,69,1,4,8,3,61,1,Yes,0,0.0
3759,Male,52,68,65,7.71,58,54,90,2,4,9,0,99,4,No,0,0.0
3760,Male,95,59,61,6.75,97,69,80,1,1,17,5,90,4,Yes,0,0.0
3761,Male,95,71,87,8.24,74,52,80,0,2,21,2,93,4,No,0,0.0
3762,Male,51,57,56,9.47,59,58,58,3,3,18,4,74,0,No,1,11.56
3763,Male,61,93,51,9.27,85,61,89,0,1,18,2,95,5,Yes,1,10.77
3764,Male,75,51,64,9.67,95,71,77,4,4,18,4,61,4,Yes,0,0.0
3765,Male,79,81,66,8.51,82,41,93,2,1,2,4,65,5,Yes,0,0.0
3766,Female,57,55,68,6.49,85,58,94,2,2,24,4,77,4,No,0,0.0
3767,Female,87,75,86,6.57,88,97,47,3,0,17,0,61,1,Yes,0,0.0
3768,Male,90,94,61,6.3,44,41,46,3,3,14,0,84,3,Yes,0,0.0
3769,Female,65,57,50,7.17,47,50,82,4,3,23,4,88,3,Yes,0,0.0
3770,Male,87,82,89,9.74,52,79,99,4,5,0,5,87,3,Yes,0,0.0
3771,Male,61,89,72,8.17,98,49,60,0,1,20,0,82,0,Yes,0,0.0
3772,Male,84,82,63,5.54,74,57,69,5,4,17,0,81,1,Yes,0,0.0
3773,Female,69,69,63,9.41,71,60,94,1,1,2,1,85,0,No,1,9.32
3774,Male,69,88,69,9.12,64,60,84,2,4,21,5,80,0,No,1,14.46
3775,Female,84,73,73,8.28,69,98,64,2,2,2,3,85,1,No,1,7.36
3776,Male,70,70,81,8.62,58,57,52,3,1,6,4,75,2,No,1,7.54
3777,Male,92,93,94,8.07,88,70,94,0,0,7,1,64,4,No,0,0.0
3778,Female,95,71,88,8.21,49,43,92,1,5,8,2,87,1,No,1,14.8
3779,Female,66,91,90,6.71,56,53,69,3,4,18,4,90,5,No,0,0.0
3780,Male,56,92,70,9.72,86,42,64,3,2,20,1,83,5,No,0,0.0
3781,Female,61,75,70,8.6,77,65,59,3,3,13,2,76,3,No,1,4.18
3782,Male,88,70,89,8.71,57,89,80,2,3,14,1,97,5,Yes,0,0.0
3783,Female,91,61,66,6.89,87,59,55,5,4,18,3,93,3,No,0,0.0
3784,Female,72,93,85,6.7,84,78,55,5,4,0,4,81,2,No,1,14.65
3785,Female,86,74,68,6.54,77,89,74,1,0,17,4,94,4,Yes,1,13.65
3786,Male,60,85,95,8.15,87,81,43,1,5,21,5,81,4,No,0,0.0
3787,Female,61,89,95,9.24,56,69,97,4,1,22,0,80,5,No,0,0.0
3788,Female,91,91,77,5.86,63,56,80,0,0,5,1,61,0,No,1,5.71
3789,Male,95,52,92,7.25,63,46,99,0,0,12,2,81,4,No,0,0.0
3790,Female,90,81,81,7.23,74,93,94,0,1,13,3,80,3,Yes,0,0.0
3791,Male,89,76,86,6.57,67,69,48,4,3,2,0,67,1,Yes,0,0.0
3792,Male,53,51,90,6.55,86,93,77,0,3,11,0,81,5,Yes,0,0.0
3793,Female,66,57,59,5.88,97,58,57,3,1,12,0,76,0,Yes,0,0.0
3794,Female,72,59,75,9.32,91,63,42,1,5,1,1,60,1,No,0,0.0
3795,Male,68,58,90,5.62,42,49,89,0,5,7,2,99,1,No,0,0.0
3796,Female,94,59,74,6.01,48,95,90,5,0,24,3,63,5,Yes,0,0.0
3797,Male,91,72,61,6.63,48,56,99,4,1,15,5,68,0,No,1,10.02
3798,Female,88,94,65,5.89,69,95,88,3,3,8,2,89,1,No,1,8.12
3799,Male,57,76,74,8.77,94,66,98,5,4,22,5,67,1,Yes,1,9.26
3800,Female,63,74,60,7.82,80,43,51,4,2,2,3,77,5,No,0,0.0
3801,Male,74,56,72,9.08,54,92,48,3,2,5,4,99,3,Yes,0,0.0
3802,Male,71,53,86,9.23,80,58,68,5,2,20,5,61,4,Yes,1,14.54
3803,Male,88,90,88,7.46,99,80,93,5,3,22,4,67,2,Yes,1,8.41
3804,Male,82,58,53,6.33,44,48,58,4,2,21,0,62,4,Yes,0,0.0
3805,Female,88,58,65,8.19,90,87,60,2,3,13,5,67,1,Yes,1,11.46
3806,Female,81,69,77,9.53,78,52,57,1,3,3,1,61,4,Yes,0,0.0
3807,Male,84,91,89,9.62,46,78,49,2,3,6,5,88,3,Yes,1,10.13
3808,Male,79,56,75,8.57,42,58,50,1,0,3,2,73,2,No,0,0.0
3809,Female,77,70,55,6.51,73,93,83,0,1,17,2,64,5,No,0,0.0
3810,Male,67,87,63,7.84,56,86,84,0,0,0,4,96,0,Yes,1,5.38
3811,Male,85,57,74,7.1,41,61,59,2,3,12,2,69,5,No,1,5.08
3812,Female,63,75,80,5.53,96,57,57,3,4,8,1,74,3,No,0,0.0
3813,Male,87,65,90,5.66,96,96,89,2,4,14,3,83,4,Yes,0,0.0
3814,Male,58,91,51,7.76,48,46,94,0,0,7,1,80,0,No,1,12.82
3815,Female,85,67,91,7.8,69,71,88,2,3,7,0,66,4,Yes,0,0.0
3816,Female,60,66,59,8.3,89,48,76,3,4,19,4,80,3,No,0,0.0
3817,Male,81,75,62,7.66,63,60,79,3,3,17,1,84,4,Yes,1,8.08
3818,Male,56,60,85,7.53,58,47,40,3,3,5,2,91,4,Yes,0,0.0
3819,Female,73,81,85,5.75,94,41,96,0,2,4,4,97,0,No,0,0.0
3820,Male,93,93,65,6.65,53,63,52,0,1,19,0,83,2,No,0,0.0
3821,Female,95,77,68,6.93,50,59,93,1,3,15,0,72,3,Yes,0,0.0
3822,Female,64,67,65,6.07,81,59,69,4,1,5,5,82,2,Yes,1,8.1
3823,Male,73,87,85,9.75,75,88,82,3,4,23,2,96,2,Yes,1,8.36
3824,Male,93,69,94,8.91,92,76,63,4,0,16,3,79,2,Yes,1,6.18
3825,Male,82,54,86,6.36,74,64,82,5,5,4,2,80,5,No,1,13.09
3826,Female,85,95,79,7.83,69,57,79,3,1,19,4,70,5,Yes,0,0.0
3827,Female,71,59,91,6.36,53,72,59,5,4,15,4,84,4,Yes,0,0.0
3828,Male,55,87,61,6.22,45,85,42,2,1,17,4,97,4,No,0,0.0
3829,Female,82,81,53,6.75,65,99,61,2,1,7,4,72,4,No,0,0.0
3830,Male,64,55,51,6.44,87,89,67,2,3,1,4,97,2,No,0,0.0
3831,Female,68,71,65,7.46,85,67,55,1,0,4,2,72,4,Yes,0,0.0
3832,Female,83,81,63,5.9,62,50,95,3,3,18,4,64,3,No,0,0.0
3833,Male,53,74,83,8.59,74,74,97,0,0,9,1,98,3,Yes,0,0.0
3834,Male,66,78,75,8.95,67,55,74,3,1,21,0,68,5,Yes,0,0.0
3835,Female,72,88,69,7.31,41,55,70,5,3,3,3,71,4,No,0,0.0
3836,Male,84,69,61,8.18,99,81,48,1,4,12,4,92,3,Yes,0,0.0
3837,Male,87,76,89,5.94,76,56,82,1,3,11,3,93,0,No,0,0.0
3838,Female,93,54,90,6.52,92,46,93,2,4,11,1,74,1,Yes,0,0.0
3839,Female,86,69,69,8.93,83,82,72,5,3,21,4,65,4,No,0,0.0
3840,Male,64,72,67,9.66,87,69,76,1,3,10,2,70,0,Yes,1,3.91
3841,Female,67,93,70,5.62,87,95,55,1,2,1,5,85,3,Yes,0,0.0
3842,Female,92,87,95,7.71,53,46,82,4,1,7,2,67,2,Yes,1,3.39
3843,Male,86,66,87,7.69,50,56,81,1,2,5,3,88,2,No,1,9.31
3844,Male,84,56,64,7.08,73,96,40,5,4,17,2,92,4,Yes,0,0.0
3845,Male,92,78,91,8.66,79,91,80,3,5,18,5,89,0,No,1,12.71
3846,Female,79,52,71,9.41,53,63,94,3,0,7,4,67,5,Yes,0,0.0
3847,Male,54,79,90,5.53,88,43,93,2,2,6,2,67,5,No,0,0.0
3848,Male,89,78,59,7.91,88,65,69,0,5,19,5,70,2,No,1,14.5
3849,Female,60,91,62,7.15,67,64,51,4,2,10,0,66,4,No,0,0.0
3850,Male,88,80,83,7.72,41,87,60,4,3,0,2,81,2,No,0,0.0
3851,Male,90,74,64,8.96,57,84,44,4,5,14,3,65,3,No,0,0.0
3852,Female,71,56,82,8.75,87,88,51,4,3,19,2,67,0,Yes,1,7.22
3853,Female,89,85,62,7.76,78,92,42,1,1,16,0,96,0,Yes,0,0.0
3854,Female,86,59,80,8.23,45,42,96,4,0,5,2,78,3,No,0,0.0
3855,Male,63,60,62,5.9,83,65,72,3,4,21,4,75,5,Yes,1,4.63
3856,Female,83,94,77,7.64,54,72,80,2,3,14,1,60,0,No,1,3.59
3857,Female,95,61,66,7.18,79,64,59,3,0,14,1,84,3,No,0,0.0
3858,Male,69,78,62,7.82,97,76,42,5,0,7,0,70,3,No,1,11.03
3859,Female,84,78,79,7.54,78,58,45,5,1,9,3,75,2,No,0,0.0
3860,Male,59,92,56,7.03,98,60,94,2,5,16,4,88,5,Yes,0,0.0
3861,Male,92,87,60,6.01,73,40,95,1,2,16,0,61,4,No,0,0.0
3862,Male,55,89,87,7.62,61,45,75,4,0,20,1,79,5,Yes,0,0.0
3863,Male,91,57,54,7.67,50,96,48,2,4,12,1,94,2,Yes,1,13.29
3864,Female,51,81,88,5.68,98,70,42,4,3,17,2,60,5,No,0,0.0
3865,Female,74,82,71,9.55,92,80,85,3,5,1,1,68,4,Yes,0,0.0
3866,Male,83,82,66,6.8,90,49,52,5,1,13,1,94,3,Yes,0,0.0
3867,Male,82,76,66,7.29,48,87,42,3,4,12,3,70,5,No,0,0.0
3868,Female,68,83,68,9.75,48,98,62,5,3,12,2,86,1,Yes,1,13.65
3869,Female,69,61,56,6.5,71,77,42,1,0,10,1,65,2,No,0,0.0
3870,Male,84,69,77,7.73,65,75,56,2,5,8,3,70,1,Yes,1,7.77
3871,Male,78,90,58,6.17,65,66,97,1,1,24,4,86,5,No,0,0.0
3872,Female,72,77,95,9.43,44,76,76,3,1,7,3,73,0,Yes,1,14.02
3873,Female,91,79,54,9.72,92,75,63,5,0,24,5,89,1,No,1,3.48
3874,Male,50,69,67,6.06,40,82,88,0,1,6,2,82,3,No,0,0.0
3875,Female,50,67,73,6.26,55,47,83,2,4,16,0,66,3,No,1,13.75
3876,Male,93,81,63,8.05,83,55,48,3,2,1,0,71,5,No,0,0.0
3877,Male,56,53,52,6.66,74,70,90,1,0,1,1,72,0,No,1,7.07
3878,Male,59,60,94,6.86,52,63,57,3,1,20,3,62,4,Yes,0,0.0
3879,Male,80,90,84,7.37,99,73,67,1,0,14,0,78,2,No,1,13.71
3880,Male,91,73,72,9.53,50,69,67,4,3,21,4,62,4,Yes,0,0.0
3881,Female,56,85,94,5.72,51,85,89,1,4,19,5,71,4,Yes,0,0.0
3882,Female,57,94,68,6.93,87,40,84,0,2,13,5,65,3,No,0,0.0
3883,Female,67,76,74,8.82,65,92,94,4,0,14,2,96,5,No,0,0.0
3884,Female,50,87,75,5.62,92,73,51,4,5,21,2,78,1,Yes,0,0.0
3885,Male,67,94,63,6.05,46,41,58,5,1,5,2,70,2,No,1,13.51
3886,Male,83,56,51,7.55,85,85,55,4,2,3,1,92,0,No,1,13.77
3887,Female,89,75,77,6.49,61,80,46,1,2,8,3,95,2,No,0,0.0
3888,Male,68,78,90,8.35,93,87,84,1,5,9,5,87,1,Yes,1,5.77
3889,Male,68,54,84,8.01,70,97,60,4,3,4,4,98,1,Yes,1,12.0
3890,Female,65,92,51,6.53,86,45,44,0,1,18,4,86,1,No,1,12.72
3891,Female,58,60,58,8.9,80,82,71,1,0,7,2,82,0,No,1,8.39
3892,Female,63,68,56,9.57,95,52,96,5,1,20,3,81,1,Yes,1,8.22
3893,Female,70,51,62,7.67,47,62,86,4,2,21,0,75,3,Yes,0,0.0
3894,Male,86,72,74,6.63,81,89,42,4,4,7,0,96,3,Yes,0,0.0
3895,Male,66,69,55,8.08,64,92,53,5,1,14,5,94,3,No,0,0.0
3896,Female,89,83,75,7.18,80,49,78,5,1,22,0,96,1,No,0,0.0
3897,Male,75,80,84,5.65,57,73,47,5,5,1,0,87,2,Yes,0,0.0
3898,Female,55,94,81,5.69,87,80,61,3,5,0,2,92,2,Yes,0,0.0
3899,Male,75,68,71,8.51,98,78,60,1,1,9,0,96,5,No,0,0.0
3900,Male,79,72,84,5.71,63,93,84,0,3,7,1,87,4,Yes,0,0.0
3901,Male,57,51,85,8.27,77,85,84,5,4,17,1,94,0,Yes,1,3.03
3902,Female,91,67,78,8.98,53,49,95,2,4,20,3,61,1,Yes,1,12.35
3903,Male,69,72,93,6.6,79,72,83,1,5,4,4,94,1,No,1,13.63
3904,Female,85,77,64,8.6,73,72,63,0,3,20,0,92,1,Yes,0,0.0
3905,Female,66,82,68,6.17,75,86,60,2,0,8,3,98,3,No,0,0.0
3906,Female,89,78,70,9.6,86,91,82,1,5,10,0,68,4,No,0,0.0
3907,Female,81,79,71,8.61,64,50,46,5,3,22,3,84,5,No,0,0.0
3908,Male,50,75,68,9.76,49,62,65,4,3,17,5,91,5,Yes,0,0.0
3909,Female,75,87,81,5.93,55,41,51,2,3,2,4,61,0,Yes,0,0.0
3910,Female,84,59,76,7.47,63,49,86,3,5,10,4,86,3,No,0,0.0
3911,Male,50,54,61,5.76,61,64,69,4,2,6,5,99,3,Yes,0,0.0
3912,Female,91,83,55,9.59,71,83,52,3,0,24,2,99,5,Yes,0,0.0
3913,Male,64,67,72,8.29,89,84,99,4,1,24,0,94,1,Yes,1,5.21
3914,Male,81,68,57,8.39,74,94,68,1,5,5,4,91,2,No,1,4.65
3915,Male,52,86,57,9.64,81,93,52,2,0,24,2,79,3,Yes,0,0.0
3916,Female,79,71,93,6.43,98,43,93,0,0,24,2,63,2,Yes,0,0.0
3917,Female,78,58,59,9.45,89,50,96,2,2,12,5,72,0,No,1,4.12
3918,Female,78,76,69,8.3,83,86,66,3,5,5,4,93,5,Yes,0,0.0
3919,Female,64,90,79,6.75,75,91,81,3,0,18,0,60,0,Yes,1,12.87
3920,Male,69,95,63,7.33,59,62,85,1,5,22,3,63,4,Yes,0,0.0
3921,Male,61,94,82,8.22,94,61,92,1,5,10,5,77,3,No,0,0.0
3922,Female,56,95,73,8.41,71,86,66,1,3,8,0,87,0,Yes,1,14.63
3923,Female,80,89,53,8.3,63,68,82,0,1,0,1,89,4,Yes,0,0.0
3924,Female,71,81,57,6.26,80,57,72,5,2,5,4,66,4,Yes,0,0.0
3925,Female,75,67,82,6.02,48,52,69,0,3,19,0,80,4,Yes,0,0.0
3926,Female,65,79,71,8.98,49,53,94,2,2,14,3,88,1,Yes,1,9.15
3927,Male,93,89,92,7.66,68,69,76,3,1,15,1,85,3,No,0,0.0
3928,Male,54,52,79,6.82,64,47,64,2,4,4,5,65,5,No,0,0.0
3929,Female,66,74,84,6.95,67,72,98,4,2,16,2,70,2,Yes,1,4.67
3930,Male,58,56,89,5.65,61,91,42,3,1,17,0,89,5,Yes,0,0.0
3931,Male,81,52,68,5.92,47,94,73,2,3,1,3,77,1,Yes,1,5.67
3932,Male,86,77,64,9.54,96,59,97,5,1,17,0,82,0,No,1,13.66
3933,Male,56,93,85,8.14,88,74,86,5,4,5,2,89,2,No,0,0.0
3934,Female,57,66,61,5.56,57,87,69,2,0,7,4,91,1,Yes,1,7.87
3935,Male,65,55,83,5.53,65,81,42,5,3,22,1,89,2,Yes,0,0.0
3936,Male,87,94,52,8.24,82,67,71,2,5,6,4,86,5,No,0,0.0
3937,Female,64,84,77,5.76,63,64,62,4,0,5,0,77,3,Yes,0,0.0
3938,Male,88,80,76,6.07,74,53,64,2,5,20,4,78,5,No,0,0.0
3939,Male,64,94,50,6.57,94,74,71,3,2,4,0,78,3,No,0,0.0
3940,Male,77,51,73,9.04,67,85,99,0,4,13,0,68,3,Yes,0,0.0
3941,Male,70,93,90,6.67,53,63,62,2,3,6,1,89,5,No,0,0.0
3942,Male,91,90,50,8.43,59,54,83,5,0,0,3,71,0,Yes,1,6.19
3943,Male,58,72,86,6.67,83,59,94,5,1,9,1,81,3,No,0,0.0
3944,Female,66,88,92,8.5,56,54,58,0,4,18,2,87,3,No,0,0.0
3945,Male,83,54,69,6.22,61,67,82,3,5,13,3,79,3,Yes,0,0.0
3946,Female,85,74,84,7.45,67,68,58,5,0,19,1,84,0,Yes,1,13.71
3947,Female,87,94,56,5.56,85,70,44,1,1,20,0,94,1,Yes,0,0.0
3948,Male,89,72,55,8.03,42,53,56,3,3,10,5,85,1,Yes,1,10.38
3949,Female,95,85,82,9.16,53,63,51,5,0,20,4,94,5,Yes,0,0.0
3950,Female,76,50,55,7.5,96,56,80,1,0,1,4,67,2,No,1,5.9
3951,Female,67,54,67,7.27,92,98,77,1,1,1,3,71,0,No,1,10.82
3952,Male,91,78,55,7.47,66,97,85,3,3,14,0,70,1,Yes,0,0.0
3953,Male,68,94,71,7.54,52,80,40,0,4,22,0,90,4,No,0,0.0
3954,Male,70,63,51,8.29,71,94,41,5,3,13,4,68,3,Yes,0,0.0
3955,Female,51,94,61,9.72,67,86,62,5,2,24,1,83,0,Yes,1,10.1
3956,Female,89,86,83,6.75,88,43,80,4,4,7,0,94,3,No,1,6.82
3957,Female,53,60,58,8.55,54,56,84,1,1,13,2,68,1,No,1,14.1
3958,Female,92,74,57,6.3,89,80,85,0,1,18,2,70,3,Yes,0,0.0
3959,Male,68,66,82,6.8,59,74,89,4,3,21,1,95,2,Yes,0,0.0
3960,Female,53,66,87,7.7,69,60,43,2,0,13,0,88,1,Yes,0,0.0
3961,Female,90,55,51,9.44,92,87,93,4,4,17,0,66,1,No,1,12.06
3962,Female,63,83,74,5.79,69,52,82,1,5,11,2,92,2,Yes,0,0.0
3963,Female,60,86,73,8.74,89,92,95,5,2,17,4,94,4,Yes,1,13.18
3964,Female,95,71,58,6.88,44,80,74,0,4,23,5,85,5,Yes,0,0.0
3965,Female,69,95,95,8.26,56,86,75,0,0,24,4,64,4,No,0,0.0
3966,Male,64,87,60,9.02,80,59,49,2,1,0,2,68,5,No,0,0.0
3967,Male,93,51,74,5.61,83,48,98,5,1,14,4,62,4,No,0,0.0
3968,Male,62,70,74,8.53,71,62,40,3,4,9,0,70,0,Yes,0,0.0
3969,Female,87,51,56,7.37,87,67,70,0,5,1,1,97,5,No,0,0.0
3970,Male,71,78,79,5.83,64,85,85,2,2,21,5,97,2,No,1,10.21
3971,Female,71,61,61,8.49,50,40,67,5,3,6,3,94,4,No,0,0.0
3972,Male,94,56,81,9.74,90,77,74,3,5,18,1,98,1,No,1,9.45
3973,Female,51,95,83,7.84,89,45,57,0,2,24,3,71,1,No,0,0.0
3974,Male,84,53,83,8.7,59,92,46,1,5,17,0,91,3,No,0,0.0
3975,Male,68,65,69,8.37,78,85,95,3,1,6,3,72,2,Yes,1,13.55
3976,Female,90,51,87,6.5,76,97,93,0,3,23,0,89,5,No,0,0.0
3977,Female,76,56,80,8.13,60,93,81,4,4,23,1,92,4,No,0,0.0
3978,Male,81,88,70,6.63,58,65,81,2,5,0,3,80,4,Yes,0,0.0
3979,Female,87,63,94,7.72,87,87,69,2,5,10,1,65,0,Yes,1,6.92
3980,Male,76,88,93,5.6,60,91,86,0,1,17,5,78,0,No,1,3.79
3981,Male,77,91,74,6.62,42,57,47,5,4,13,2,85,1,No,0,0.0
3982,Female,92,56,50,8.16,74,90,89,3,1,4,3,94,3,No,0,0.0
3983,Female,88,74,57,7.42,52,88,72,2,4,11,0,98,3,No,0,0.0
3984,Female,59,52,82,7.09,86,85,68,3,5,4,3,63,5,No,0,0.0
3985,Male,67,83,56,6.22,92,60,95,1,4,11,5,88,3,No,0,0.0
3986,Female,82,68,93,6.55,54,86,47,5,1,1,3,95,1,No,1,6.46
3987,Male,51,87,89,8.26,82,83,61,5,0,17,2,82,2,No,1,14.83
3988,Male,95,84,93,6.02,57,57,46,4,4,12,3,87,4,Yes,0,0.0
3989,Female,74,59,54,7.39,76,76,46,5,0,9,4,81,0,No,1,11.95
3990,Female,88,79,65,9.78,45,60,43,2,2,22,3,97,3,No,0,0.0
3991,Male,95,82,51,6.15,51,73,85,3,4,19,2,65,2,No,0,0.0
3992,Male,58,83,85,8.54,75,49,98,1,1,22,0,76,3,No,0,0.0
3993,Female,65,64,58,7.07,55,62,74,5,2,19,3,94,3,Yes,0,0.0
3994,Female,78,89,66,7.33,86,50,59,3,2,14,2,84,0,No,0,0.0
3995,Male,76,69,50,9.15,69,98,46,1,4,17,5,92,4,No,0,0.0
3996,Female,50,93,61,6.33,94,77,53,3,2,10,0,83,1,No,0,0.0
3997,Female,68,50,83,6.36,92,57,97,4,1,22,4,70,2,No,1,9.37
3998,Male,57,79,82,8.57,65,94,81,4,5,16,3,74,3,Yes,0,0.0
3999,Female,91,61,52,7.96,92,60,95,5,1,24,5,91,1,No,1,3.07
4000,Male,72,82,84,6.48,76,66,81,2,3,18,4,98,5,Yes,0,0.0
4001,Female,78,54,52,9.44,75,56,50,5,3,6,2,65,3,No,0,0.0
4002,Female,85,88,78,8.44,40,90,62,3,3,22,3,69,5,No,0,0.0
4003,Male,53,79,59,7.88,61,82,67,5,2,2,5,87,2,Yes,1,7.77
4004,Female,60,95,87,8.45,84,74,77,2,4,6,2,66,4,No,0,0.0
4005,Male,85,51,77,6.2,69,87,97,5,2,10,5,93,5,No,1,14.9
4006,Female,83,95,63,6.29,43,67,95,5,2,16,3,79,2,No,1,9.72
4007,Male,81,76,57,5.54,97,50,49,1,3,1,5,70,3,No,0,0.0
4008,Male,71,66,55,9.32,56,86,82,0,0,8,5,89,0,Yes,1,7.93
4009,Female,82,68,72,7.11,71,90,77,0,2,3,4,67,3,Yes,0,0.0
4010,Male,69,88,57,7.9,44,90,86,2,2,19,5,95,5,Yes,0,0.0
4011,Male,95,94,51,7.95,70,49,81,5,2,13,5,63,4,No,0,0.0
4012,Male,91,77,53,7.32,52,77,71,3,2,11,4,89,4,Yes,0,0.0
4013,Male,78,84,77,9.56,93,54,58,2,4,4,4,62,2,Yes,0,0.0
4014,Female,82,66,53,6.53,97,69,86,5,2,17,2,70,3,No,0,0.0
4015,Male,58,71,75,9.8,98,71,76,3,1,4,1,65,1,Yes,1,3.5
4016,Female,50,79,90,9.64,95,52,51,5,5,13,3,98,3,No,0,0.0
4017,Male,92,69,57,6.34,57,94,79,5,4,1,2,67,1,No,1,11.87
4018,Male,53,95,84,8.46,52,99,80,5,4,9,4,67,3,No,0,0.0
4019,Male,50,81,84,6.82,51,60,76,3,3,24,5,98,1,No,1,11.96
4020,Male,74,80,73,6.56,82,42,83,4,1,13,3,65,1,Yes,1,12.8
4021,Male,91,50,58,9.0,62,63,44,2,3,22,1,99,5,Yes,0,0.0
4022,Female,50,94,93,5.64,58,78,60,1,0,22,5,68,4,No,0,0.0
4023,Male,91,94,78,8.48,84,64,67,2,4,15,3,98,3,Yes,0,0.0
4024,Female,73,70,86,5.6,50,89,51,4,0,12,2,74,0,No,1,3.64
4025,Male,89,55,88,6.92,89,57,71,4,0,14,4,85,2,Yes,1,7.51
4026,Female,92,92,58,6.33,55,40,90,1,3,23,3,83,2,No,0,0.0
4027,Male,79,82,95,8.11,66,60,52,5,4,10,3,80,2,No,1,5.27
4028,Male,77,53,94,9.71,66,40,61,5,5,24,5,61,2,Yes,1,5.04
4029,Female,58,63,83,7.58,46,41,49,4,3,17,1,83,0,Yes,0,0.0
4030,Female,83,72,52,5.9,44,65,49,4,4,8,2,79,4,Yes,0,0.0
4031,Female,94,56,72,7.85,48,47,63,1,3,8,0,64,2,No,0,0.0
4032,Female,93,77,64,6.27,40,83,78,4,0,8,1,72,2,Yes,1,5.47
4033,Male,58,51,58,7.55,69,69,96,4,3,20,5,65,3,No,0,0.0
4034,Female,76,65,80,6.44,69,82,91,3,4,10,1,95,2,Yes,1,12.08
4035,Female,72,73,55,7.22,51,42,81,1,4,8,3,77,3,Yes,0,0.0
4036,Female,83,62,72,7.99,45,55,82,0,4,0,4,75,3,No,0,0.0
4037,Female,51,67,72,8.7,54,81,81,0,4,3,3,85,5,No,1,4.42
4038,Female,85,76,78,5.58,59,66,90,1,4,14,4,66,0,Yes,1,10.94
4039,Male,68,77,57,6.41,95,80,58,0,5,16,0,69,2,Yes,0,0.0
4040,Female,57,88,84,8.7,45,59,53,1,3,18,2,66,1,No,0,0.0
4041,Male,76,66,66,6.88,58,47,77,4,0,21,4,98,0,Yes,1,14.18
4042,Female,77,89,81,7.08,65,52,70,5,3,7,0,64,1,No,0,0.0
4043,Male,91,61,53,5.96,84,57,42,1,4,21,5,91,3,No,0,0.0
4044,Male,62,57,57,8.14,82,48,52,4,2,23,1,73,1,Yes,0,0.0
4045,Female,58,81,51,7.32,50,65,86,3,2,9,1,99,5,Yes,0,0.0
4046,Male,64,62,76,8.88,89,80,92,0,5,24,0,73,5,No,1,4.46
4047,Male,89,67,80,9.06,87,42,97,4,1,4,4,91,2,Yes,1,3.62
4048,Female,63,70,89,6.16,85,95,86,3,0,2,0,61,5,Yes,0,0.0
4049,Male,82,83,82,8.81,43,69,58,2,2,17,1,76,0,No,1,4.32
4050,Male,77,52,61,8.76,51,58,73,2,3,18,2,60,2,No,0,0.0
4051,Female,76,53,78,9.01,86,57,93,4,0,10,4,62,2,Yes,1,5.75
4052,Female,59,71,66,7.47,76,57,77,5,3,8,1,60,5,No,1,7.5
4053,Female,72,50,71,8.7,55,53,53,0,3,23,0,61,3,Yes,0,0.0
4054,Male,56,68,60,9.5,66,69,94,5,3,13,4,76,1,Yes,1,11.62
4055,Male,75,76,67,8.92,65,96,60,4,0,15,4,81,4,No,0,0.0
4056,Female,84,82,84,8.83,58,64,76,5,3,0,5,98,1,Yes,1,6.42
4057,Female,58,78,74,6.0,55,65,63,0,5,7,3,65,5,No,1,12.12
4058,Female,73,61,82,9.15,89,58,59,0,0,8,3,89,1,Yes,0,0.0
4059,Male,74,94,68,9.69,71,91,64,2,1,23,1,97,1,No,1,6.59
4060,Female,64,69,94,7.14,70,41,92,1,5,7,4,83,0,No,1,11.53
4061,Female,95,62,81,7.06,70,67,91,3,1,4,5,63,2,No,1,12.18
4062,Male,87,73,70,9.24,93,92,79,1,3,1,3,95,3,No,0,0.0
4063,Female,75,94,85,7.63,60,89,71,0,5,8,0,86,0,Yes,1,8.43
4064,Female,72,85,92,9.48,56,62,51,2,5,1,4,78,0,Yes,1,5.95
4065,Female,84,55,83,9.59,44,79,43,5,4,0,5,79,4,Yes,0,0.0
4066,Female,51,50,78,7.47,76,99,58,5,5,24,2,67,2,Yes,1,12.42
4067,Male,91,62,91,6.78,76,64,59,4,3,1,3,68,0,Yes,1,9.58
4068,Male,54,78,71,9.44,49,55,82,1,3,3,3,72,1,No,1,3.23
4069,Female,87,81,90,6.11,93,85,45,2,2,21,4,71,5,Yes,0,0.0
4070,Female,55,66,59,9.43,66,61,45,4,1,6,2,64,1,No,1,4.14
4071,Male,92,66,52,6.82,68,43,87,4,0,4,2,60,2,Yes,0,0.0
4072,Male,92,90,71,6.4,69,60,61,1,5,11,4,66,1,Yes,0,0.0
4073,Male,70,84,62,7.28,42,45,92,0,3,16,4,89,1,Yes,1,13.91
4074,Male,84,87,64,6.02,45,77,99,5,3,24,1,87,1,No,1,3.1
4075,Female,68,92,75,7.86,49,42,65,0,2,11,1,98,1,Yes,0,0.0
4076,Female,72,91,62,6.42,42,86,47,3,0,11,2,83,5,Yes,0,0.0
4077,Male,66,80,55,8.01,64,94,52,2,0,20,5,74,0,No,1,6.0
4078,Female,72,79,89,5.97,94,91,67,4,3,8,0,95,2,No,1,6.03
4079,Male,93,87,92,6.87,43,58,56,5,2,11,0,88,5,Yes,0,0.0
4080,Male,76,82,71,9.01,42,90,57,5,5,3,3,72,1,Yes,1,8.84
4081,Female,61,89,62,5.58,43,45,68,3,4,24,5,95,1,No,1,6.81
4082,Female,77,54,66,7.18,66,67,63,0,4,9,3,61,0,Yes,0,0.0
4083,Male,77,70,94,8.41,64,51,48,3,0,23,5,87,1,No,0,0.0
4084,Male,52,53,63,5.64,98,77,63,4,5,23,0,63,1,No,0,0.0
4085,Male,64,62,94,9.24,91,93,67,2,1,19,5,98,2,Yes,1,5.34
4086,Male,75,60,66,5.66,53,87,73,1,0,2,0,89,0,No,0,0.0
4087,Male,66,79,86,8.77,54,44,44,3,5,20,3,84,2,Yes,0,0.0
4088,Female,93,87,79,9.01,74,87,77,2,3,22,4,64,2,No,1,14.12
4089,Female,66,64,80,8.82,47,91,94,4,0,23,3,83,2,Yes,1,13.38
4090,Male,87,63,93,8.87,57,79,47,3,2,6,4,73,4,Yes,0,0.0
4091,Male,73,95,89,6.21,88,65,57,1,0,2,0,95,3,Yes,0,0.0
4092,Male,72,75,71,5.53,53,49,42,3,0,13,4,63,3,Yes,0,0.0
4093,Male,85,62,76,7.85,64,84,93,5,4,7,5,98,0,Yes,0,0.0
4094,Female,73,55,50,6.36,89,73,94,0,1,18,0,98,0,No,1,6.94
4095,Male,81,86,55,6.19,47,49,40,4,2,16,4,80,1,No,0,0.0
4096,Male,58,63,61,9.54,44,47,57,2,0,2,4,88,5,Yes,1,9.4
4097,Female,76,72,90,5.59,66,65,93,2,5,7,1,99,0,Yes,1,3.71
4098,Female,51,64,52,8.69,51,95,81,5,4,21,0,67,2,Yes,1,9.69
4099,Female,92,55,92,6.36,77,69,97,1,5,17,3,82,3,Yes,0,0.0
4100,Female,50,68,60,8.46,85,76,43,3,4,16,1,69,2,Yes,0,0.0
4101,Male,93,64,52,9.36,73,89,69,5,5,3,1,99,3,Yes,0,0.0
4102,Male,83,79,82,9.47,41,72,98,0,1,14,4,93,0,Yes,1,5.9
4103,Male,93,84,61,8.44,51,99,95,5,4,14,0,90,1,Yes,1,14.83
4104,Male,88,93,60,7.29,66,46,89,4,0,22,1,71,3,Yes,0,0.0
4105,Female,72,85,80,7.75,88,46,86,3,5,6,2,97,4,Yes,0,0.0
4106,Female,85,76,71,7.64,78,71,58,5,3,6,1,65,0,Yes,0,0.0
4107,Female,70,60,66,9.16,57,95,96,2,2,12,3,67,3,Yes,0,0.0
4108,Male,65,75,85,8.29,83,73,51,2,3,16,3,76,1,Yes,0,0.0
4109,Male,90,86,64,6.84,61,78,49,0,0,8,5,78,3,No,0,0.0
4110,Male,65,68,85,8.76,68,86,84,3,5,19,2,60,5,Yes,0,0.0
4111,Female,73,92,80,5.83,65,64,85,1,0,18,2,69,5,Yes,0,0.0
4112,Female,58,56,68,8.15,90,52,98,0,3,4,1,94,1,Yes,1,12.7
4113,Male,74,67,66,6.02,41,70,66,3,2,23,2,95,3,No,0,0.0
4114,Male,66,86,55,7.65,81,40,42,5,4,6,5,92,2,Yes,0,0.0
4115,Female,90,56,65,7.55,85,62,49,0,1,6,1,65,1,Yes,1,5.52
4116,Female,56,81,87,6.74,78,67,56,0,5,11,0,87,2,Yes,0,0.0
4117,Male,76,60,92,7.71,58,66,60,2,0,5,2,99,2,Yes,0,0.0
4118,Male,87,56,76,6.26,67,51,75,3,3,5,3,92,4,Yes,0,0.0
4119,Male,69,58,72,6.12,83,60,90,4,5,23,4,60,0,Yes,1,4.46
4120,Female,76,83,58,6.58,48,58,75,4,0,24,1,69,0,Yes,0,0.0
4121,Female,82,87,63,8.6,76,49,46,1,3,14,3,74,0,No,0,0.0
4122,Female,84,60,60,8.5,51,92,94,2,0,22,2,72,0,No,1,5.93
4123,Female,65,71,64,9.43,60,96,54,3,4,13,4,71,4,Yes,0,0.0
4124,Female,72,63,71,7.38,43,56,46,0,2,1,5,96,3,Yes,0,0.0
4125,Male,53,67,69,6.04,61,98,86,0,1,6,4,90,3,Yes,0,0.0
4126,Male,57,93,76,7.06,88,88,95,0,3,19,3,67,0,Yes,1,10.31
4127,Male,92,67,53,9.8,53,42,45,0,3,4,1,80,4,Yes,0,0.0
4128,Female,66,82,68,5.81,52,78,52,0,5,5,5,94,4,Yes,0,0.0
4129,Female,58,63,83,9.45,89,98,71,4,1,12,2,61,5,No,0,0.0
4130,Female,52,56,75,8.12,81,46,81,3,0,23,2,79,4,Yes,0,0.0
4131,Male,67,89,56,8.92,68,51,71,3,0,4,4,90,5,Yes,0,0.0
4132,Female,69,57,53,7.09,51,93,77,3,5,8,3,94,2,Yes,1,4.99
4133,Female,56,67,85,7.77,48,47,40,1,3,11,2,87,0,No,0,0.0
4134,Male,75,50,60,9.65,83,91,76,0,2,7,0,71,5,No,1,4.81
4135,Female,77,82,61,9.59,94,82,77,1,0,10,2,83,3,Yes,0,0.0
4136,Female,69,76,61,9.61,68,54,52,0,1,13,2,96,5,Yes,0,0.0
4137,Male,79,63,82,6.55,46,82,68,4,0,9,0,84,4,Yes,0,0.0
4138,Female,72,91,68,9.78,62,64,76,0,3,19,0,97,3,Yes,1,6.85
4139,Female,61,94,75,6.96,80,59,60,1,1,16,2,65,0,No,0,0.0
4140,Female,66,89,51,6.69,73,76,99,2,5,5,4,91,3,Yes,0,0.0
4141,Female,62,51,64,9.48,79,83,74,0,0,11,1,71,4,No,0,0.0
4142,Female,90,91,71,8.76,76,61,76,0,1,10,3,76,3,Yes,0,0.0
4143,Female,77,62,81,9.44,77,77,50,0,0,24,5,83,3,Yes,0,0.0
4144,Female,53,82,80,6.22,63,55,82,4,2,5,3,66,2,Yes,1,11.26
4145,Male,83,72,93,7.91,83,49,43,2,2,23,1,92,5,No,0,0.0
4146,Male,95,66,59,9.74,68,55,51,0,4,5,3,75,5,No,0,0.0
4147,Male,57,76,83,6.33,89,94,64,5,1,18,3,65,1,Yes,1,3.07
4148,Female,60,58,88,5.69,78,47,80,3,2,1,3,66,3,No,0,0.0
4149,Female,73,67,61,6.66,84,60,88,0,0,21,5,91,3,No,0,0.0
4150,Female,59,93,87,8.12,43,90,57,1,0,5,4,70,2,Yes,1,13.79
4151,Male,72,79,72,6.2,51,40,59,4,5,10,1,93,1,Yes,0,0.0
4152,Female,57,75,84,9.19,99,94,84,3,0,8,4,78,4,Yes,0,0.0
4153,Female,66,65,91,8.97,64,43,65,1,5,21,5,77,2,Yes,0,0.0
4154,Female,73,84,84,6.74,72,79,81,0,0,3,4,83,1,Yes,1,3.72
4155,Male,73,59,92,9.48,82,71,58,4,2,13,0,82,2,Yes,1,8.71
4156,Female,57,93,76,6.14,55,54,43,5,5,15,3,83,3,No,1,6.99
4157,Male,58,77,51,9.66,86,47,42,4,0,2,3,70,5,No,0,0.0
4158,Male,72,52,91,6.38,52,96,47,1,3,13,0,63,5,No,0,0.0
4159,Male,87,73,80,8.01,51,60,70,3,3,19,0,85,5,Yes,1,13.61
4160,Female,71,83,76,7.24,45,98,55,0,4,0,2,80,3,No,0,0.0
4161,Female,67,90,85,6.16,41,86,85,4,1,1,3,94,2,No,1,8.21
4162,Male,59,80,52,7.94,43,74,82,2,4,6,5,96,0,No,1,13.09
4163,Male,86,68,85,9.66,89,96,62,4,4,0,1,86,4,No,0,0.0
4164,Male,75,77,51,8.35,87,88,45,3,1,14,4,77,4,No,0,0.0
4165,Female,78,74,83,7.45,93,62,55,2,4,21,5,60,4,Yes,1,3.65
4166,Male,72,95,88,8.3,85,84,74,0,1,12,1,93,4,No,0,0.0
4167,Female,64,87,83,7.79,62,93,91,0,1,3,0,79,2,No,1,12.42
4168,Male,68,74,84,7.0,56,76,78,1,2,13,1,78,2,Yes,1,3.13
4169,Female,71,61,53,7.82,82,93,64,5,4,0,0,81,4,Yes,0,0.0
4170,Male,70,85,82,8.34,44,74,65,3,5,11,2,66,4,Yes,0,0.0
4171,Male,61,77,63,6.42,52,58,56,0,3,12,5,70,4,No,0,0.0
4172,Female,60,58,69,9.66,69,99,77,3,1,23,0,77,2,No,1,8.3
4173,Female,92,88,71,7.92,97,93,76,2,4,2,4,88,0,No,1,13.54
4174,Male,70,92,60,7.94,44,68,48,2,1,1,5,91,1,Yes,1,8.35
4175,Male,72,82,95,9.67,66,87,50,3,2,3,1,88,1,No,1,11.58
4176,Female,67,69,52,6.78,83,92,80,2,3,8,0,74,5,Yes,0,0.0
4177,Male,72,77,86,9.45,64,55,89,3,3,6,4,87,5,No,0,0.0
4178,Male,57,92,77,9.7,70,88,85,2,5,2,3,92,4,No,0,0.0
4179,Male,70,91,57,6.9,74,80,69,1,0,18,1,98,0,No,1,12.93
4180,Male,52,56,61,9.49,69,41,66,3,4,10,1,90,5,No,0,0.0
4181,Female,68,64,53,6.73,41,96,70,2,4,2,0,63,2,Yes,1,9.77
4182,Male,65,85,74,7.38,79,46,88,0,3,1,1,70,5,No,0,0.0
4183,Male,85,60,78,7.56,94,68,60,0,5,23,3,89,0,No,0,0.0
4184,Male,71,95,75,6.92,98,57,63,1,1,11,3,96,3,No,0,0.0
4185,Male,69,86,93,7.74,53,50,55,1,1,7,0,96,4,No,0,0.0
4186,Female,71,57,84,7.78,63,51,87,2,5,11,4,65,4,Yes,0,0.0
4187,Female,50,94,52,7.27,60,88,58,0,2,13,5,62,0,No,1,5.31
4188,Male,51,52,87,6.82,85,58,69,1,2,23,2,73,0,Yes,0,0.0
4189,Male,82,94,56,5.74,58,62,70,2,3,3,2,84,4,Yes,0,0.0
4190,Female,67,78,68,6.75,40,82,92,4,0,1,2,97,3,No,0,0.0
4191,Male,58,51,53,5.63,92,51,51,4,3,7,3,85,0,Yes,0,0.0
4192,Female,57,90,61,7.01,88,41,42,1,1,8,3,64,1,Yes,0,0.0
4193,Female,95,90,57,8.33,65,92,46,0,1,20,0,66,5,Yes,0,0.0
4194,Female,60,53,65,8.36,43,70,50,3,2,9,0,98,4,No,1,3.18
4195,Female,64,61,77,6.8,61,95,73,1,3,10,3,92,5,Yes,1,4.35
4196,Male,73,79,60,8.26,67,42,54,2,3,9,4,87,3,No,0,0.0
4197,Female,64,80,80,8.2,56,56,88,5,5,24,2,69,1,No,1,4.46
4198,Female,68,59,89,7.73,72,98,99,4,5,24,5,75,4,No,0,0.0
4199,Female,94,69,50,7.93,53,85,40,4,5,18,5,97,3,No,1,5.41
4200,Male,85,77,66,5.97,77,88,70,1,3,24,4,99,2,No,1,3.21
4201,Male,63,69,58,7.91,89,70,69,1,5,23,0,96,4,No,0,0.0
4202,Male,66,76,50,8.49,46,63,74,3,0,9,1,82,3,No,0,0.0
4203,Male,95,62,64,7.37,90,56,98,0,0,23,4,65,3,Yes,0,0.0
4204,Female,94,89,57,7.49,44,55,87,2,0,12,2,73,4,No,0,0.0
4205,Female,89,64,50,9.34,90,95,68,3,2,22,2,79,1,Yes,1,4.18
4206,Female,81,77,65,9.78,68,53,81,2,2,3,1,74,1,Yes,1,5.09
4207,Female,75,58,55,6.67,77,52,99,0,4,7,5,90,4,Yes,0,0.0
4208,Female,76,52,95,6.78,43,51,83,5,2,21,4,83,3,Yes,0,0.0
4209,Female,80,86,58,9.34,69,81,67,2,4,2,4,90,3,Yes,0,0.0
4210,Male,53,85,50,9.45,80,72,65,2,1,5,3,89,2,Yes,1,8.5
4211,Female,81,61,57,7.67,57,76,68,3,3,8,1,74,5,No,0,0.0
4212,Female,86,59,82,9.14,62,63,94,4,4,3,5,85,5,Yes,0,0.0
4213,Female,60,56,75,7.76,67,55,93,3,0,19,3,80,3,No,0,0.0
4214,Male,85,62,62,6.05,65,53,93,1,1,7,0,91,0,Yes,0,0.0
4215,Male,85,81,77,8.21,86,98,40,1,4,5,0,99,5,Yes,0,0.0
4216,Female,55,88,69,9.2,62,50,97,4,4,17,4,99,3,No,0,0.0
4217,Male,93,68,91,7.69,49,86,60,2,5,15,4,60,2,Yes,1,13.07
4218,Male,63,91,95,7.82,55,94,86,2,2,21,1,98,5,Yes,0,0.0
4219,Male,91,83,59,9.51,66,73,78,4,0,22,5,82,5,Yes,0,0.0
4220,Male,58,92,76,8.72,65,88,81,1,1,1,2,66,3,No,0,0.0
4221,Male,65,94,76,7.48,44,84,57,2,3,19,0,97,3,No,0,0.0
4222,Female,75,66,71,9.13,76,76,83,3,1,10,4,61,1,No,0,0.0
4223,Male,90,56,80,7.86,97,84,72,0,5,24,0,74,1,Yes,0,0.0
4224,Male,82,92,52,6.99,71,83,50,2,3,7,1,88,2,No,0,0.0
4225,Female,59,69,68,8.75,70,48,88,3,2,13,0,73,0,No,1,5.15
4226,Male,50,91,82,6.76,99,74,91,1,5,1,0,96,2,Yes,0,0.0
4227,Female,72,85,56,6.36,40,47,91,1,3,1,2,75,4,No,0,0.0
4228,Female,85,75,91,7.21,64,51,47,5,3,20,0,93,5,No,1,13.82
4229,Female,52,94,66,5.79,62,60,80,2,3,2,2,99,2,No,0,0.0
4230,Female,78,59,85,7.37,40,56,72,1,2,5,2,75,0,No,0,0.0
4231,Male,84,67,73,7.26,74,49,84,3,5,20,5,82,2,Yes,1,4.56
4232,Female,63,54,67,8.32,86,76,76,2,5,2,3,64,5,Yes,0,0.0
4233,Female,86,91,56,8.16,54,92,96,5,0,24,2,75,1,Yes,0,0.0
4234,Female,84,67,64,9.35,77,45,56,1,2,1,5,67,1,Yes,0,0.0
4235,Female,93,76,63,9.75,46,42,84,1,1,7,1,88,4,Yes,0,0.0
4236,Male,78,92,83,7.95,40,68,42,4,0,17,2,75,2,Yes,0,0.0
4237,Female,66,50,55,7.56,74,62,50,3,3,23,1,92,3,Yes,0,0.0
4238,Female,94,70,69,8.32,47,93,62,0,2,3,1,83,5,No,0,0.0
4239,Male,58,78,91,9.45,49,73,79,3,2,16,0,85,0,Yes,0,0.0
4240,Female,84,62,78,8.51,74,92,79,1,3,9,2,82,0,No,1,4.03
4241,Female,85,81,71,7.6,41,55,72,5,0,21,5,83,5,No,0,0.0
4242,Female,63,68,72,8.21,92,77,69,1,3,24,2,60,4,Yes,0,0.0
4243,Female,88,56,64,7.15,45,60,72,1,5,10,1,81,1,No,0,0.0
4244,Female,74,62,77,7.63,60,88,71,0,4,2,3,63,1,Yes,1,14.93
4245,Male,50,76,66,8.9,84,76,58,4,5,24,1,60,1,Yes,1,5.93
4246,Female,57,60,81,8.19,55,58,41,4,3,17,2,80,4,Yes,0,0.0
4247,Male,74,80,79,9.75,76,66,50,0,1,14,3,61,4,Yes,0,0.0
4248,Female,57,50,71,6.17,92,42,92,4,4,20,5,62,3,No,1,9.64
4249,Male,57,81,90,7.78,65,74,41,2,4,4,3,87,1,No,0,0.0
4250,Female,85,91,58,5.55,43,43,99,5,4,17,5,95,0,Yes,1,8.16
4251,Female,87,64,69,7.44,74,56,66,2,3,5,3,64,1,No,0,0.0
4252,Male,90,70,72,5.78,58,49,62,4,2,0,2,85,5,Yes,0,0.0
4253,Male,54,75,84,9.73,63,60,72,2,1,18,3,63,2,Yes,1,13.95
4254,Female,78,83,65,5.54,76,60,62,5,1,17,5,93,4,No,0,0.0
4255,Female,69,52,52,9.09,81,82,48,4,3,9,3,83,0,No,1,9.97
4256,Female,50,66,51,7.49,83,63,51,5,5,6,5,82,3,Yes,0,0.0
4257,Male,53,70,95,5.84,92,88,64,2,4,21,5,62,3,No,0,0.0
4258,Female,69,53,52,6.12,43,51,69,5,1,12,2,85,1,No,0,0.0
4259,Male,59,67,65,7.47,77,87,41,4,0,12,2,97,5,No,0,0.0
4260,Female,73,65,86,8.49,73,84,55,2,4,12,0,84,1,Yes,1,5.3
4261,Male,72,80,74,8.07,78,99,59,0,1,20,3,94,3,No,0,0.0
4262,Female,70,66,60,9.25,98,61,88,3,3,21,5,64,3,No,0,0.0
4263,Female,50,51,90,6.85,61,62,43,5,4,0,5,75,4,No,0,0.0
4264,Male,50,62,63,8.59,80,54,65,4,4,24,0,64,0,Yes,1,10.83
4265,Female,58,75,80,5.57,83,43,58,3,3,0,3,70,1,No,0,0.0
4266,Male,68,65,73,5.72,44,49,64,2,4,0,0,75,2,Yes,0,0.0
4267,Male,52,77,74,6.54,47,49,61,3,3,9,1,71,0,No,0,0.0
4268,Male,67,68,51,6.57,92,63,91,5,0,2,5,72,2,Yes,1,3.26
4269,Female,66,90,81,8.82,91,84,90,4,3,21,0,61,1,Yes,1,3.89
4270,Male,58,91,84,7.27,71,70,69,3,1,21,2,79,0,No,0,0.0
4271,Female,82,75,74,8.2,44,78,45,0,2,23,5,80,5,No,1,9.94
4272,Male,80,86,60,9.1,42,44,79,1,0,23,3,77,4,No,0,0.0
4273,Male,75,81,63,8.43,97,92,80,0,5,5,5,95,4,Yes,0,0.0
4274,Male,87,61,92,7.81,95,54,97,3,3,8,5,64,4,No,0,0.0
4275,Male,60,81,53,6.81,85,82,92,5,1,10,1,74,5,No,0,0.0
4276,Male,95,75,75,8.1,92,91,41,3,5,11,4,72,1,Yes,1,7.59
4277,Male,79,92,53,5.96,46,87,91,5,2,18,4,66,3,No,0,0.0
4278,Female,63,59,73,9.72,90,43,63,4,3,16,2,96,4,No,1,12.99
4279,Male,69,55,83,8.35,92,92,93,3,3,3,4,62,4,Yes,0,0.0
4280,Male,89,69,58,8.72,76,65,57,2,5,20,3,87,5,Yes,0,0.0
4281,Female,52,63,79,9.0,41,46,67,1,5,6,0,87,3,Yes,0,0.0
4282,Male,57,57,69,9.75,47,79,92,2,4,4,5,74,2,No,1,5.9
4283,Male,83,73,65,6.4,55,53,72,1,0,1,0,85,3,Yes,0,0.0
4284,Female,70,61,59,9.22,58,74,60,3,2,19,5,77,2,Yes,1,11.64
4285,Female,53,75,67,7.35,70,62,74,2,0,5,0,98,5,No,0,0.0
4286,Female,91,53,50,7.27,80,50,46,1,4,11,0,77,1,Yes,0,0.0
4287,Female,93,67,81,9.51,41,44,45,2,4,0,3,71,2,No,0,0.0
4288,Female,59,93,67,9.13,65,76,85,4,0,19,3,64,0,No,1,4.14
4289,Female,59,57,78,5.56,92,97,60,1,1,22,3,65,0,No,1,8.42
4290,Female,89,67,62,9.42,90,57,80,0,5,18,5,65,0,No,1,13.56
4291,Female,89,59,70,7.93,72,94,71,0,2,19,3,69,0,Yes,1,4.23
4292,Female,79,71,55,6.23,48,64,85,5,3,5,3,61,2,No,1,11.7
4293,Male,64,91,56,6.45,99,75,60,5,2,12,1,69,3,No,0,0.0
4294,Male,87,73,82,6.62,40,46,64,5,0,15,4,87,4,Yes,0,0.0
4295,Male,82,52,71,5.57,95,59,68,4,0,8,0,85,5,Yes,1,13.14
4296,Male,53,95,56,6.41,50,68,46,2,3,21,4,90,5,No,0,0.0
4297,Male,93,79,69,8.09,42,69,63,5,4,1,3,96,4,No,0,0.0
4298,Female,70,51,78,7.07,88,50,57,3,1,0,5,65,2,No,0,0.0
4299,Female,94,74,65,5.53,88,99,86,0,3,21,2,97,5,No,0,0.0
4300,Male,74,67,50,8.66,88,84,41,2,0,0,3,69,3,No,1,4.37
4301,Male,63,57,78,6.33,69,74,42,2,3,3,3,77,5,Yes,0,0.0
4302,Male,87,68,82,6.76,59,63,81,1,4,12,3,73,0,Yes,0,0.0
4303,Female,93,86,60,6.64,99,46,56,0,1,18,3,73,1,Yes,0,0.0
4304,Female,72,68,75,6.8,95,98,68,2,2,4,0,86,0,Yes,1,3.38
4305,Male,56,60,62,8.61,79,87,45,3,0,12,0,99,2,Yes,1,13.02
4306,Female,94,59,76,9.0,84,42,42,1,2,18,0,83,5,No,0,0.0
4307,Female,76,82,50,6.22,53,82,95,2,4,11,0,83,1,No,1,7.4
4308,Male,62,88,58,6.05,62,72,68,1,4,0,3,93,0,No,1,8.85
4309,Female,53,68,58,6.15,70,87,67,5,5,10,0,81,2,No,1,12.45
4310,Female,91,72,58,5.71,41,70,43,0,2,11,3,96,3,Yes,0,0.0
4311,Female,66,68,55,6.82,98,58,65,4,5,10,0,73,3,No,0,0.0
4312,Female,61,84,62,5.79,57,69,73,4,1,4,5,68,1,No,1,11.74
4313,Male,78,56,75,6.39,94,78,50,0,5,12,2,69,2,Yes,0,0.0
4314,Female,58,50,85,8.63,98,67,80,0,3,24,0,62,5,No,0,0.0
4315,Male,65,84,56,8.27,98,51,56,4,0,17,1,63,3,No,0,0.0
4316,Female,84,68,65,8.98,57,52,88,3,4,14,4,60,3,No,1,10.83
4317,Female,50,53,54,8.56,86,46,54,1,4,3,4,60,3,No,0,0.0
4318,Male,50,62,81,6.04,94,83,81,0,0,8,4,61,0,No,1,5.14
4319,Male,52,66,82,5.73,43,40,64,0,3,19,4,71,2,Yes,0,0.0
4320,Male,55,82,73,9.53,80,91,58,1,3,24,4,89,0,Yes,1,9.88
4321,Male,67,81,63,8.01,42,48,53,3,0,6,2,90,2,No,0,0.0
4322,Female,89,62,62,9.78,56,41,45,0,2,9,5,92,0,Yes,0,0.0
4323,Male,79,69,53,7.34,45,45,97,0,5,9,2,63,4,No,0,0.0
4324,Female,55,92,58,9.01,56,46,70,2,1,16,2,87,5,Yes,0,0.0
4325,Female,78,57,75,9.18,86,56,96,1,2,12,4,76,1,Yes,1,3.97
4326,Male,77,76,77,5.92,94,56,87,1,3,23,4,73,2,No,0,0.0
4327,Male,89,62,75,5.67,45,85,44,0,2,3,1,62,1,Yes,0,0.0
4328,Female,86,62,95,6.75,49,67,80,2,5,21,2,94,5,Yes,1,8.74
4329,Female,69,66,54,8.34,63,50,64,0,0,22,2,88,1,Yes,0,0.0
4330,Male,88,91,66,5.67,48,51,81,3,3,18,5,99,1,Yes,0,0.0
4331,Female,92,54,68,6.27,65,96,82,4,5,1,0,96,1,No,1,6.2
4332,Female,50,56,80,8.66,95,97,96,3,5,4,0,75,0,No,0,0.0
4333,Male,63,85,87,6.03,89,80,58,4,4,11,0,75,5,No,0,0.0
4334,Male,87,75,59,8.3,79,92,76,2,0,19,4,84,3,No,0,0.0
4335,Male,86,94,94,6.78,93,82,82,0,0,22,5,60,2,Yes,1,10.36
4336,Male,71,79,57,9.79,57,47,56,2,1,20,4,81,5,Yes,0,0.0
4337,Female,95,64,82,8.39,48,61,75,1,2,18,3,86,3,No,0,0.0
4338,Female,50,69,51,9.62,72,81,46,3,2,13,5,74,3,Yes,0,0.0
4339,Male,75,79,83,6.02,82,92,67,3,0,4,1,95,2,No,1,4.77
4340,Female,56,78,90,7.58,53,88,43,5,5,19,5,89,1,No,1,10.12
4341,Male,81,84,91,8.44,87,63,72,3,5,18,2,61,3,Yes,0,0.0
4342,Male,60,71,70,6.49,52,69,92,3,2,7,4,76,4,No,0,0.0
4343,Female,71,65,72,7.31,85,96,57,4,2,17,0,63,3,Yes,0,0.0
4344,Male,59,83,57,6.19,82,70,66,4,4,0,4,63,3,No,1,3.31
4345,Male,90,67,70,9.68,69,60,41,3,4,3,2,84,1,Yes,0,0.0
4346,Male,58,59,80,9.34,57,88,62,2,2,21,5,92,5,Yes,1,9.03
4347,Female,72,91,80,7.82,59,54,90,1,3,14,3,90,4,No,0,0.0
4348,Male,88,72,69,8.79,52,83,83,2,0,7,2,66,3,No,0,0.0
4349,Male,82,79,73,7.73,95,85,70,1,4,8,3,70,1,No,1,3.38
4350,Female,88,89,86,7.37,82,62,51,2,2,8,3,67,0,No,0,0.0
4351,Male,69,87,73,7.5,40,69,85,5,0,6,0,74,2,No,0,0.0
4352,Female,54,72,88,8.85,42,83,46,5,3,20,5,79,1,No,1,7.48
4353,Female,74,92,69,7.2,78,94,59,1,0,8,0,66,4,Yes,0,0.0
4354,Female,75,91,66,7.88,53,42,68,1,0,9,1,71,4,Yes,0,0.0
4355,Female,73,64,69,5.85,65,90,99,1,4,6,2,74,1,Yes,1,6.51
4356,Female,89,86,50,6.4,63,92,70,2,0,5,2,85,2,Yes,0,0.0
4357,Male,70,72,87,6.86,63,65,46,2,4,21,4,79,1,Yes,0,0.0
4358,Male,80,85,66,6.63,40,51,47,1,0,4,1,65,5,Yes,0,0.0
4359,Female,73,86,73,7.1,54,69,56,2,3,0,0,93,3,Yes,1,6.9
4360,Male,64,81,79,9.79,99,74,42,3,3,11,5,81,1,No,1,6.76
4361,Female,92,93,67,6.8,86,75,65,4,0,11,4,78,1,No,1,12.33
4362,Male,73,58,84,6.06,93,52,46,5,5,4,0,68,3,No,0,0.0
4363,Male,59,57,51,5.77,96,49,49,5,0,0,4,84,4,Yes,0,0.0
4364,Male,84,92,56,6.24,80,60,45,3,1,20,3,62,5,Yes,0,0.0
4365,Female,88,76,90,5.83,63,57,44,3,0,5,5,64,1,Yes,0,0.0
4366,Male,70,95,82,8.39,91,91,47,4,4,21,5,74,4,No,0,0.0
4367,Female,81,58,77,8.38,45,87,98,3,5,7,0,77,2,Yes,1,9.49
4368,Female,56,77,54,7.9,95,93,46,5,2,18,2,61,4,No,0,0.0
4369,Female,62,86,93,6.25,65,42,97,0,0,20,2,60,0,Yes,0,0.0
4370,Male,77,71,50,5.93,70,82,82,4,3,14,5,99,2,No,1,13.77
4371,Male,85,61,80,6.97,97,45,75,0,3,23,1,71,2,Yes,0,0.0
4372,Female,54,81,51,8.4,57,46,98,4,5,11,5,81,3,No,0,0.0
4373,Female,85,54,90,9.28,93,61,43,3,0,7,1,83,1,Yes,0,0.0
4374,Female,63,64,90,5.89,43,41,73,4,5,14,3,87,5,Yes,0,0.0
4375,Female,80,52,95,8.22,64,44,53,3,2,1,5,86,0,Yes,0,0.0
4376,Male,94,64,76,8.14,44,77,86,2,5,22,0,79,1,No,0,0.0
4377,Female,53,85,75,7.89,44,41,58,3,2,11,4,78,4,Yes,0,0.0
4378,Male,54,56,85,8.39,55,75,90,2,2,12,1,88,3,Yes,0,0.0
4379,Female,51,80,58,5.92,92,55,62,3,0,0,1,74,2,No,0,0.0
4380,Female,67,84,73,9.65,78,53,51,4,4,5,4,82,2,Yes,1,6.99
4381,Female,89,53,90,6.19,70,56,67,1,3,11,5,84,4,No,0,0.0
4382,Male,94,87,59,8.92,43,71,52,4,2,19,4,80,0,Yes,1,5.92
4383,Male,92,61,74,5.89,48,40,88,4,2,21,4,98,4,No,0,0.0
4384,Male,74,95,85,5.89,80,81,88,2,4,16,3,81,1,Yes,1,5.72
4385,Male,51,60,60,6.9,53,97,69,3,3,20,4,67,2,Yes,1,9.57
4386,Female,65,75,62,9.48,93,74,99,1,2,17,4,62,2,Yes,1,13.45
4387,Female,82,86,76,7.12,56,47,84,0,1,9,2,63,0,Yes,0,0.0
4388,Male,90,58,69,6.61,53,78,40,2,3,19,2,97,4,No,0,0.0
4389,Male,86,59,94,7.8,91,84,90,0,0,1,2,94,0,No,0,0.0
4390,Female,95,79,69,5.58,97,63,84,1,3,2,3,85,2,No,1,4.92
4391,Male,61,59,88,7.31,84,78,64,4,3,1,1,85,5,Yes,0,0.0
4392,Male,57,86,85,7.48,93,65,84,0,0,0,2,99,2,No,1,3.66
4393,Female,67,85,55,6.73,98,69,59,5,4,5,5,78,1,No,1,8.12
4394,Male,75,92,82,8.81,73,68,60,2,1,3,3,84,5,Yes,0,0.0
4395,Female,63,83,91,6.6,85,72,62,3,0,21,2,78,1,No,0,0.0
4396,Male,71,87,62,5.7,51,80,64,1,0,5,2,88,5,No,0,0.0
4397,Male,91,90,83,8.17,87,72,43,1,3,9,0,80,0,Yes,0,0.0
4398,Male,66,82,79,7.27,69,71,72,2,3,24,1,62,5,No,0,0.0
4399,Male,75,60,52,8.16,88,74,89,2,2,12,3,93,5,No,0,0.0
4400,Male,58,79,78,6.03,87,59,86,5,1,12,3,69,1,No,1,13.52
4401,Female,56,67,82,6.47,43,82,93,1,2,2,3,96,4,No,0,0.0
4402,Male,84,72,95,8.18,72,49,97,2,1,8,4,86,1,No,1,7.93
4403,Male,91,95,64,8.53,59,88,47,1,2,2,2,67,2,Yes,0,0.0
4404,Female,81,62,51,7.52,65,89,73,3,2,10,2,67,5,Yes,0,0.0
4405,Female,69,82,52,5.52,68,81,96,2,4,7,3,84,0,No,1,8.04
4406,Male,63,83,84,7.31,96,98,45,4,5,14,4,98,3,Yes,0,0.0
4407,Male,50,71,58,6.43,66,83,73,3,1,22,4,88,1,Yes,1,9.39
4408,Male,50,66,71,6.3,49,91,86,2,5,14,4,76,3,No,0,0.0
4409,Female,51,50,80,9.14,77,42,54,3,0,15,0,88,0,No,1,11.69
4410,Female,63,75,91,7.34,90,64,61,4,4,13,1,68,4,No,0,0.0
4411,Male,65,57,63,7.86,43,87,93,4,4,18,3,71,1,Yes,1,7.74
4412,Male,66,63,68,8.22,61,53,60,5,1,24,3,70,2,Yes,1,10.49
4413,Male,55,83,95,7.96,55,73,70,2,4,14,4,69,2,No,0,0.0
4414,Female,86,63,88,7.66,67,76,46,0,4,11,4,75,1,Yes,0,0.0
4415,Male,53,79,55,5.87,69,81,65,3,4,6,1,73,2,No,0,0.0
4416,Female,89,72,54,8.35,46,47,84,2,3,10,4,87,2,No,1,11.5
4417,Male,80,79,56,7.04,51,99,63,0,5,19,0,95,5,Yes,1,5.04
4418,Female,74,68,63,8.32,50,49,58,3,5,23,0,97,2,No,0,0.0
4419,Male,58,89,65,6.58,56,55,93,1,4,1,5,98,2,No,1,13.37
4420,Male,64,69,81,8.84,54,80,98,5,1,24,2,69,4,No,0,0.0
4421,Male,60,89,81,6.11,69,47,63,0,0,17,2,82,4,Yes,0,0.0
4422,Female,65,69,88,8.3,49,45,79,3,3,9,0,62,3,Yes,0,0.0
4423,Male,64,56,73,8.95,41,98,83,3,1,19,2,93,0,No,1,8.68
4424,Male,89,70,75,5.86,86,45,84,5,4,17,1,86,1,Yes,0,0.0
4425,Male,52,60,61,6.03,88,82,59,2,1,6,5,85,1,Yes,1,6.46
4426,Male,82,87,89,8.8,83,63,62,1,1,22,5,76,0,No,1,8.82
4427,Male,72,56,56,8.19,84,88,70,4,1,0,0,63,3,No,0,0.0
4428,Male,59,53,93,8.02,61,99,56,0,2,15,0,86,0,No,1,4.14
4429,Male,58,50,56,7.43,72,47,85,0,0,17,1,84,3,No,0,0.0
4430,Female,50,93,95,7.25,93,65,86,2,5,18,2,74,4,Yes,0,0.0
4431,Male,87,74,59,6.34,67,72,65,0,1,9,5,99,0,Yes,1,7.79
4432,Male,77,90,68,9.39,46,41,58,0,2,21,3,89,0,No,0,0.0
4433,Male,86,95,64,8.99,68,66,40,0,3,0,0,99,1,No,0,0.0
4434,Male,84,91,93,9.19,97,56,59,3,4,20,5,84,2,Yes,1,14.07
4435,Female,75,93,93,7.27,48,58,79,0,2,13,2,85,5,Yes,0,0.0
4436,Male,57,64,75,6.66,92,79,63,3,2,4,5,78,1,No,1,4.23
4437,Female,82,94,51,8.78,47,76,40,3,0,10,0,63,0,Yes,1,4.12
4438,Female,53,66,57,5.77,41,82,44,5,2,16,1,65,1,Yes,0,0.0
4439,Male,76,64,92,6.98,73,76,67,1,5,24,3,87,1,No,1,4.75
4440,Male,74,91,79,8.05,48,93,45,3,3,14,0,80,0,No,1,7.23
4441,Male,85,62,61,5.98,69,69,70,2,2,19,3,73,5,Yes,0,0.0
4442,Female,68,84,69,9.54,85,93,97,5,0,23,0,64,0,No,1,9.31
4443,Female,77,63,77,6.73,70,93,89,0,1,12,5,63,1,Yes,1,3.04
4444,Male,64,89,78,7.11,97,47,56,4,0,22,2,75,5,Yes,0,0.0
4445,Female,69,60,86,8.77,75,97,98,3,5,12,5,71,2,Yes,1,9.22
4446,Male,82,92,68,8.13,80,75,52,3,5,15,0,71,0,Yes,1,13.73
4447,Male,80,62,94,9.01,46,77,59,2,1,23,4,81,5,No,0,0.0
4448,Female,65,89,63,7.47,94,77,53,1,2,10,0,89,2,No,0,0.0
4449,Female,52,80,85,7.93,96,54,46,1,4,20,2,95,1,Yes,0,0.0
4450,Female,86,77,76,6.0,91,46,65,3,4,6,1,71,0,No,0,0.0
4451,Female,62,59,63,9.39,79,49,95,0,4,16,4,99,4,No,0,0.0
4452,Female,56,51,65,7.52,63,48,48,4,1,20,0,75,1,No,0,0.0
4453,Female,87,84,76,7.18,74,64,51,2,1,1,2,83,2,No,0,0.0
4454,Female,83,56,85,6.77,61,98,40,4,5,11,1,72,0,Yes,1,10.17
4455,Male,76,73,56,7.56,91,55,78,0,0,16,1,97,2,Yes,1,4.63
4456,Male,53,72,72,9.19,75,50,74,0,2,24,1,84,2,No,0,0.0
4457,Male,68,81,63,6.63,55,56,45,3,3,19,3,77,4,Yes,0,0.0
4458,Male,54,75,58,7.06,85,61,56,4,3,4,4,61,1,No,1,9.19
4459,Female,61,63,74,7.88,92,95,68,1,2,16,3,98,5,No,0,0.0
4460,Male,62,76,62,7.46,62,44,49,0,0,11,4,62,3,Yes,0,0.0
4461,Male,78,95,81,6.95,42,69,40,1,3,16,2,67,4,Yes,0,0.0
4462,Female,72,84,62,8.73,98,48,95,1,5,24,4,63,4,Yes,0,0.0
4463,Male,52,82,84,8.94,94,94,48,5,4,21,5,74,0,No,1,8.67
4464,Female,72,54,94,8.4,65,85,58,3,2,18,5,74,3,No,0,0.0
4465,Male,94,72,73,9.16,48,67,46,2,0,18,0,95,4,Yes,0,0.0
4466,Female,62,71,62,6.18,47,73,83,5,4,5,3,65,5,No,0,0.0
4467,Female,66,92,82,8.65,49,63,91,2,0,0,5,94,2,Yes,1,4.99
4468,Male,71,59,51,7.73,40,64,46,0,4,0,4,67,3,No,0,0.0
4469,Male,72,54,78,5.69,88,76,67,0,1,23,5,76,2,Yes,0,0.0
4470,Female,89,57,52,7.1,79,50,64,0,2,15,4,95,0,No,0,0.0
4471,Male,56,72,55,6.59,57,40,47,3,0,19,0,95,3,Yes,0,0.0
4472,Male,89,65,54,6.47,48,64,65,5,0,16,1,78,4,Yes,0,0.0
4473,Male,67,78,84,8.44,99,60,91,4,5,5,1,85,2,Yes,1,9.81
4474,Male,81,64,56,8.26,44,75,75,1,0,5,0,80,5,Yes,0,0.0
4475,Male,94,77,61,8.06,60,58,53,2,5,12,1,71,0,No,0,0.0
4476,Female,55,85,88,6.4,90,45,77,3,4,3,2,85,2,Yes,0,0.0
4477,Male,91,66,54,6.15,67,76,95,2,0,2,2,90,5,Yes,0,0.0
4478,Male,78,94,90,9.25,79,85,66,5,2,17,1,80,4,Yes,0,0.0
4479,Female,85,50,53,6.12,41,77,81,5,4,2,1,81,5,Yes,0,0.0
4480,Female,79,60,95,6.2,94,46,73,1,4,11,1,76,2,Yes,1,7.07
4481,Female,68,83,67,8.84,90,89,62,0,2,0,2,63,1,No,1,8.58
4482,Male,86,90,76,9.3,60,69,69,0,3,2,4,85,0,Yes,1,5.3
4483,Female,79,77,62,6.76,61,63,46,0,1,21,5,70,1,Yes,0,0.0
4484,Female,81,80,68,7.35,62,72,85,4,0,16,1,76,4,No,0,0.0
4485,Female,86,50,53,6.32,67,78,91,0,3,1,0,80,5,Yes,0,0.0
4486,Female,72,60,74,6.29,69,87,70,3,5,22,3,83,1,No,1,12.86
4487,Male,53,70,52,8.17,90,41,76,2,3,23,4,83,5,No,0,0.0
4488,Male,86,87,53,7.1,64,58,67,1,4,6,1,86,3,Yes,0,0.0
4489,Female,53,77,59,8.73,43,48,84,3,0,13,0,80,3,Yes,0,0.0
4490,Female,84,75,64,7.11,43,58,89,1,5,2,1,82,0,No,1,4.63
4491,Male,54,65,53,6.42,43,91,61,2,1,9,2,96,4,No,0,0.0
4492,Female,84,84,82,6.39,82,76,52,0,2,12,4,71,5,No,0,0.0
4493,Female,51,91,93,8.55,74,52,49,1,1,6,5,88,0,Yes,0,0.0
4494,Female,61,54,77,8.12,67,54,73,2,0,0,3,82,5,No,0,0.0
4495,Male,60,68,62,5.73,92,79,60,3,0,10,1,93,3,No,1,6.1
4496,Male,88,85,56,8.33,53,96,98,5,1,24,0,82,2,Yes,1,7.14
4497,Male,63,50,87,7.16,47,51,63,2,0,4,3,86,4,No,1,13.24
4498,Male,60,84,54,5.95,73,87,96,4,2,4,2,88,0,Yes,1,9.38
4499,Female,73,51,86,5.57,91,90,67,2,2,4,2,82,4,Yes,0,0.0
4500,Female,62,56,84,6.29,54,49,61,3,4,18,1,66,5,Yes,0,0.0
4501,Female,83,56,95,7.37,95,59,85,4,1,15,4,92,5,Yes,0,0.0
4502,Female,72,87,77,8.64,49,69,59,0,0,9,3,65,4,No,0,0.0
4503,Female,74,83,73,8.72,99,98,60,0,1,7,5,62,3,Yes,0,0.0
4504,Male,84,76,57,6.83,88,93,80,1,1,6,3,70,0,Yes,1,6.02
4505,Male,94,84,78,7.88,67,76,40,0,3,8,1,63,3,Yes,0,0.0
4506,Male,50,63,81,5.94,62,77,76,3,0,12,5,95,1,No,1,10.88
4507,Male,85,91,95,6.51,49,68,74,0,1,10,3,88,3,No,0,0.0
4508,Female,95,60,61,8.43,41,49,83,0,5,7,3,72,3,No,0,0.0
4509,Male,86,80,89,5.87,59,68,99,2,1,18,3,96,3,Yes,0,0.0
4510,Male,88,60,55,6.78,92,40,46,0,0,24,1,86,1,Yes,0,0.0
4511,Male,69,57,66,6.25,65,75,63,5,5,18,3,61,4,Yes,0,0.0
4512,Female,92,85,77,6.95,52,71,59,4,3,21,2,65,4,No,1,8.95
4513,Male,73,84,91,7.2,72,75,75,4,1,21,4,95,2,Yes,1,4.19
4514,Male,92,69,80,9.27,82,55,54,4,5,18,4,63,0,Yes,0,0.0
4515,Female,63,78,64,7.05,89,46,70,3,0,20,1,91,0,Yes,0,0.0
4516,Male,92,74,91,5.91,81,47,41,3,3,14,0,86,5,No,0,0.0
4517,Male,88,76,95,5.82,40,91,88,3,2,5,5,74,1,No,1,12.03
4518,Male,80,94,69,8.09,43,63,60,3,2,24,3,90,5,No,1,12.22
4519,Female,55,55,63,7.9,74,87,97,1,2,9,0,87,2,Yes,0,0.0
4520,Female,53,60,92,7.68,62,64,50,4,1,0,4,72,0,Yes,1,11.37
4521,Female,89,81,52,7.28,97,90,73,3,4,12,4,72,1,Yes,1,4.15
4522,Male,64,84,76,9.38,73,83,88,5,1,8,5,90,4,Yes,0,0.0
4523,Male,90,60,83,9.69,85,83,70,4,1,3,0,84,5,Yes,0,0.0
4524,Female,68,68,93,7.57,87,97,49,1,5,13,4,61,4,Yes,0,0.0
4525,Male,57,61,78,8.85,41,83,41,0,1,21,1,93,2,Yes,0,0.0
4526,Male,60,84,62,9.16,86,74,98,3,3,14,2,96,4,Yes,0,0.0
4527,Male,53,55,64,5.72,54,94,77,0,2,5,2,83,1,Yes,1,12.52
4528,Male,56,59,73,9.5,76,90,68,0,3,22,1,91,3,No,0,0.0
4529,Male,66,76,91,9.53,66,55,78,4,0,0,2,80,3,Yes,0,0.0
4530,Female,52,94,85,8.35,52,41,96,4,0,11,1,83,1,No,1,11.5
4531,Male,83,59,54,8.48,55,76,76,1,0,1,0,73,2,Yes,1,12.82
4532,Female,72,95,81,8.57,95,40,68,3,5,9,0,97,1,Yes,0,0.0
4533,Female,84,67,93,8.53,61,69,87,5,5,17,1,99,3,No,0,0.0
4534,Female,81,75,84,7.94,83,40,77,0,5,23,2,70,3,No,0,0.0
4535,Male,69,59,53,5.85,48,96,50,0,0,22,1,80,4,Yes,0,0.0
4536,Female,72,61,76,8.54,58,92,78,4,4,21,0,80,4,No,0,0.0
4537,Male,56,93,60,7.54,67,90,74,0,3,11,2,73,3,Yes,0,0.0
4538,Female,76,87,75,6.19,82,43,74,5,2,21,3,94,3,Yes,0,0.0
4539,Male,77,66,54,8.59,93,75,54,0,0,19,3,92,3,Yes,0,0.0
4540,Female,82,65,83,5.54,89,92,56,4,1,19,2,79,1,No,1,11.65
4541,Male,90,68,50,7.5,42,65,54,0,0,15,4,80,5,No,0,0.0
4542,Male,61,85,83,6.23,88,75,70,1,0,4,2,63,4,Yes,0,0.0
4543,Female,56,70,55,8.75,43,62,51,1,0,23,4,69,4,No,1,3.33
4544,Female,58,74,87,5.94,56,52,71,1,0,14,2,70,0,Yes,0,0.0
4545,Male,70,64,69,7.44,49,52,69,2,2,22,0,86,1,No,1,3.79
4546,Female,52,75,72,6.06,59,80,85,3,2,17,2,60,1,Yes,1,3.77
4547,Female,72,79,60,6.89,43,71,86,2,0,2,0,67,4,No,0,0.0
4548,Male,93,75,84,8.11,96,97,43,2,3,14,1,72,5,Yes,0,0.0
4549,Female,51,60,69,8.68,47,98,82,3,0,22,1,94,2,Yes,1,4.65
4550,Male,54,50,61,7.66,83,60,85,0,4,18,1,88,2,Yes,0,0.0
4551,Male,59,77,67,6.13,75,40,92,1,4,8,0,61,1,No,0,0.0
4552,Male,79,81,93,6.74,50,42,60,0,3,17,0,81,0,Yes,0,0.0
4553,Male,88,81,51,5.68,88,82,70,5,3,16,1,75,1,No,0,0.0
4554,Female,69,79,67,6.42,64,52,50,2,5,16,0,76,1,Yes,0,0.0
4555,Male,95,50,89,8.11,56,56,60,3,1,4,0,81,2,Yes,1,6.18
4556,Female,73,57,51,7.74,94,54,40,2,5,21,2,77,1,No,0,0.0
4557,Male,78,78,74,5.79,96,45,98,4,4,5,3,61,0,Yes,1,6.26
4558,Male,90,93,54,7.09,54,95,90,3,3,12,1,69,1,No,1,3.21
4559,Female,66,79,93,6.45,40,55,89,4,1,13,0,94,5,Yes,0,0.0
4560,Female,91,93,80,7.83,67,70,61,3,4,14,0,79,5,No,0,0.0
4561,Female,76,70,95,7.84,41,86,76,3,3,6,1,72,5,No,0,0.0
4562,Male,50,60,78,7.22,67,76,73,4,4,3,5,97,1,No,1,5.47
4563,Female,76,84,84,9.27,66,43,79,3,1,0,3,69,3,No,0,0.0
4564,Female,56,82,88,9.22,40,94,63,3,5,12,2,66,5,Yes,0,0.0
4565,Male,57,69,86,9.39,55,97,49,2,5,11,1,62,3,Yes,0,0.0
4566,Male,91,83,83,6.42,72,93,59,2,1,15,5,69,5,No,1,11.13
4567,Male,75,62,93,9.67,72,95,82,3,5,12,1,73,0,No,1,6.27
4568,Male,79,61,62,9.38,78,54,74,3,3,4,3,75,2,No,1,5.68
4569,Female,63,64,53,7.13,49,99,72,0,4,3,2,81,5,No,0,0.0
4570,Female,65,93,86,6.56,80,93,55,1,2,14,0,76,5,Yes,0,0.0
4571,Male,75,56,73,9.39,50,68,96,1,1,14,2,97,0,No,1,10.39
4572,Female,67,62,69,9.11,67,57,47,0,1,7,1,79,2,Yes,0,0.0
4573,Female,56,56,84,6.89,98,85,48,1,4,10,2,71,5,Yes,0,0.0
4574,Male,52,83,88,5.57,72,92,42,2,1,1,1,94,5,Yes,0,0.0
4575,Male,54,84,88,8.58,72,86,55,0,4,22,2,67,2,Yes,1,13.21
4576,Male,95,77,65,9.65,42,52,75,1,3,6,2,76,4,Yes,0,0.0
4577,Female,69,82,65,8.71,56,63,95,3,5,8,0,63,4,No,0,0.0
4578,Male,53,62,79,5.59,42,87,50,2,1,7,0,97,2,No,0,0.0
4579,Female,68,62,72,6.04,92,51,86,3,2,6,2,74,0,Yes,1,13.27
4580,Female,53,52,69,9.32,87,41,71,2,1,4,5,84,3,No,0,0.0
4581,Female,88,70,73,5.69,84,87,81,3,4,7,1,86,5,Yes,0,0.0
4582,Female,77,85,77,8.62,47,41,49,5,5,9,1,72,5,Yes,0,0.0
4583,Male,82,61,57,9.72,47,88,51,0,0,2,2,61,4,No,1,12.19
4584,Male,85,54,68,5.77,57,57,84,0,0,23,2,86,3,Yes,0,0.0
4585,Male,74,85,65,6.52,90,88,46,2,4,20,4,69,2,No,0,0.0
4586,Female,78,69,84,8.42,66,89,66,1,0,5,4,77,4,Yes,0,0.0
4587,Female,68,81,67,8.58,45,63,64,0,3,24,4,98,5,Yes,0,0.0
4588,Male,95,90,78,6.53,48,57,40,5,5,11,1,92,5,Yes,1,14.23
4589,Female,82,78,92,9.43,60,52,62,3,1,18,1,66,5,No,0,0.0
4590,Female,51,65,81,7.74,99,53,64,2,1,2,0,73,4,No,1,8.54
4591,Female,58,67,64,7.13,71,43,96,4,1,5,1,60,5,No,0,0.0
4592,Male,55,67,77,6.67,93,58,91,3,2,7,2,63,2,No,1,10.77
4593,Female,92,74,62,6.36,74,79,56,4,5,24,1,87,2,Yes,0,0.0
4594,Male,60,76,82,7.55,77,87,47,0,4,4,2,82,3,Yes,0,0.0
4595,Male,85,87,58,7.48,97,66,52,4,0,24,5,68,3,No,0,0.0
4596,Female,64,61,54,9.07,86,48,83,4,4,9,5,88,0,Yes,1,11.99
4597,Male,82,68,83,6.12,77,60,73,2,5,11,4,66,0,Yes,1,12.86
4598,Female,91,57,73,8.2,83,60,42,5,0,21,5,80,0,No,1,13.76
4599,Male,69,67,56,7.3,78,46,82,0,2,24,3,73,0,No,1,7.15
4600,Female,64,67,67,9.59,75,46,66,4,2,12,3,69,2,Yes,1,10.61
4601,Female,86,61,53,6.94,74,54,61,2,3,16,1,60,5,No,0,0.0
4602,Male,88,52,91,9.18,81,88,44,2,5,8,1,86,3,No,0,0.0
4603,Male,70,93,85,8.46,67,40,99,5,5,2,0,68,3,No,1,11.15
4604,Female,93,60,95,7.01,62,87,62,3,2,7,2,78,5,No,0,0.0
4605,Female,64,55,68,6.9,83,63,88,0,1,4,1,63,1,Yes,0,0.0
4606,Male,89,51,90,8.56,91,54,85,0,3,11,5,89,4,No,0,0.0
4607,Male,73,74,80,9.55,49,62,62,1,0,19,4,84,2,Yes,1,14.14
4608,Male,59,91,54,6.61,64,90,51,3,3,12,4,75,0,Yes,1,12.72
4609,Male,88,54,62,5.71,96,51,61,0,1,17,2,82,0,Yes,0,0.0
4610,Male,72,70,76,8.24,54,69,63,0,3,0,0,87,0,No,0,0.0
4611,Male,72,55,93,7.6,58,91,64,5,2,4,0,90,1,Yes,1,3.56
4612,Female,66,57,93,8.5,89,89,79,1,0,17,5,70,3,Yes,0,0.0
4613,Male,74,85,57,8.84,59,96,90,4,2,22,1,65,4,No,0,0.0
4614,Male,56,93,94,9.39,42,93,52,4,2,22,5,96,3,No,0,0.0
4615,Male,76,63,86,6.81,79,75,61,0,0,23,2,73,5,Yes,0,0.0
4616,Female,73,54,73,6.77,43,78,78,3,0,16,4,86,1,No,1,14.8
4617,Male,76,79,62,7.74,41,93,50,2,3,2,2,81,4,Yes,0,0.0
4618,Female,89,50,59,9.49,75,63,42,4,3,1,0,79,0,Yes,0,0.0
4619,Female,67,58,80,8.42,85,62,48,3,5,22,1,81,3,Yes,1,3.08
4620,Male,58,69,65,7.98,79,50,69,0,4,18,3,96,1,No,0,0.0
4621,Male,53,91,55,9.56,97,83,67,4,2,7,5,62,4,Yes,0,0.0
4622,Female,50,92,53,7.07,71,47,59,1,3,18,5,76,4,No,0,0.0
4623,Male,72,54,90,6.94,54,82,71,5,0,23,1,78,5,Yes,0,0.0
4624,Female,77,58,89,8.62,82,96,66,1,5,8,3,82,0,Yes,1,9.14
4625,Male,73,76,92,5.72,98,99,70,4,4,22,5,72,3,No,1,4.9
4626,Male,84,74,73,8.97,69,97,53,2,2,24,0,83,1,Yes,1,14.86
4627,Female,91,62,74,7.64,44,73,96,1,5,23,0,62,5,Yes,1,11.44
4628,Female,77,63,72,7.39,68,82,94,3,5,0,2,97,5,No,0,0.0
4629,Female,71,55,58,8.06,55,96,61,5,1,17,5,90,1,No,1,12.47
4630,Female,76,81,80,7.66,87,53,70,1,3,23,5,87,2,No,0,0.0
4631,Male,61,78,68,8.19,86,76,60,5,5,20,5,84,0,No,1,5.04
4632,Male,78,59,76,9.73,77,67,52,3,0,21,5,99,5,Yes,0,0.0
4633,Female,80,83,72,6.98,61,65,98,4,1,16,4,69,3,Yes,0,0.0
4634,Male,57,77,58,9.29,76,57,55,5,2,11,3,98,3,No,0,0.0
4635,Male,55,76,79,8.11,63,84,66,2,4,19,0,87,5,Yes,0,0.0
4636,Male,72,68,58,6.59,44,42,96,1,4,9,3,71,2,No,0,0.0
4637,Female,83,74,85,7.6,40,94,79,5,1,18,4,76,4,No,0,0.0
4638,Female,73,76,81,9.79,73,62,97,4,1,0,0,78,1,Yes,1,3.25
4639,Female,61,83,59,6.04,70,88,64,4,1,11,4,97,4,Yes,0,0.0
4640,Female,87,59,81,7.05,87,47,80,1,5,22,1,81,2,No,1,5.0
4641,Female,82,76,52,9.62,97,75,85,1,3,5,3,98,4,No,0,0.0
4642,Female,85,85,55,7.31,86,63,81,4,1,9,3,67,4,No,0,0.0
4643,Female,75,95,57,9.18,51,64,78,2,3,2,0,68,4,No,0,0.0
4644,Male,60,85,83,6.5,77,95,76,4,2,5,5,62,0,No,1,8.07
4645,Male,66,89,94,7.47,90,99,60,1,1,10,2,81,4,No,0,0.0
4646,Male,61,88,94,6.18,46,90,70,0,5,2,4,72,3,Yes,1,5.2
4647,Female,60,62,62,6.39,76,73,67,1,4,1,2,99,4,Yes,0,0.0
4648,Male,73,76,60,8.3,57,43,86,3,3,3,3,92,3,No,0,0.0
4649,Male,89,52,76,6.61,64,59,90,5,2,5,4,89,5,No,0,0.0
4650,Male,78,84,76,6.79,65,68,40,2,0,14,2,64,1,No,0,0.0
4651,Female,57,81,91,6.15,65,78,63,4,4,21,1,83,0,Yes,1,14.52
4652,Male,53,56,74,8.22,81,84,89,2,1,20,1,67,2,Yes,1,11.59
4653,Female,52,65,68,9.07,80,51,52,4,1,10,0,77,5,No,0,0.0
4654,Female,62,95,91,9.18,60,93,76,1,3,24,4,82,3,No,0,0.0
4655,Male,95,68,76,5.73,43,96,69,2,1,12,2,98,4,No,0,0.0
4656,Male,90,78,81,9.56,43,78,96,5,3,0,2,75,2,No,0,0.0
4657,Male,67,86,94,8.76,92,53,53,0,1,15,0,65,4,Yes,0,0.0
4658,Female,58,78,60,7.18,85,73,63,1,5,17,4,60,0,Yes,1,11.39
4659,Female,73,80,68,7.08,94,70,56,4,2,16,4,97,3,Yes,0,0.0
4660,Female,53,53,91,6.41,59,67,81,0,0,21,5,64,1,No,1,14.97
4661,Female,69,63,54,7.81,93,98,87,3,1,9,5,83,0,Yes,1,4.82
4662,Male,93,51,84,6.72,52,48,93,3,1,15,2,78,5,No,0,0.0
4663,Male,62,81,92,7.3,92,87,76,1,3,12,1,77,1,Yes,1,9.17
4664,Male,92,74,62,9.37,47,85,43,0,5,17,2,90,2,Yes,1,11.87
4665,Female,53,90,56,6.67,83,89,86,0,4,4,3,98,3,Yes,0,0.0
4666,Female,94,67,55,5.91,98,89,53,1,0,4,1,93,3,No,1,8.19
4667,Female,74,92,60,9.27,46,57,61,5,5,10,3,90,5,Yes,0,0.0
4668,Female,87,82,56,9.78,78,94,82,2,2,9,2,82,3,No,0,0.0
4669,Male,82,87,69,8.7,98,46,87,4,1,22,1,95,0,Yes,1,8.85
4670,Female,71,58,69,9.26,77,45,86,4,5,1,5,77,2,Yes,1,6.47
4671,Male,70,51,90,6.83,63,51,45,5,0,18,0,76,5,Yes,0,0.0
4672,Male,64,63,61,9.17,83,85,53,2,5,1,3,91,0,Yes,1,7.16
4673,Female,69,61,71,7.45,70,94,93,2,3,0,1,83,3,Yes,0,0.0
4674,Female,91,72,52,8.54,93,59,76,0,2,21,2,85,1,No,1,5.31
4675,Female,65,63,94,7.2,89,66,49,3,5,6,2,66,0,Yes,0,0.0
4676,Male,88,67,90,5.94,70,51,87,1,3,4,0,82,1,No,0,0.0
4677,Male,80,87,84,6.63,82,67,94,5,1,8,5,99,3,No,0,0.0
4678,Female,65,63,85,7.09,73,98,65,0,5,16,1,87,5,Yes,0,0.0
4679,Male,77,55,61,7.09,74,87,79,1,5,17,2,83,2,Yes,1,10.19
4680,Male,63,89,70,6.54,80,84,93,3,1,5,3,89,0,No,1,10.84
4681,Female,86,87,77,9.45,81,60,48,3,1,15,1,80,2,No,0,0.0
4682,Female,71,53,74,8.43,47,60,96,1,0,14,3,65,1,No,1,10.77
4683,Female,84,54,67,9.42,56,45,55,4,2,15,5,62,4,Yes,0,0.0
4684,Male,50,73,63,8.79,72,55,86,0,4,16,5,88,1,No,1,12.09
4685,Male,86,94,79,8.0,59,46,93,2,5,17,2,99,2,Yes,1,13.25
4686,Female,67,72,65,5.63,89,80,99,0,3,19,4,61,0,Yes,1,12.62
4687,Female,56,65,95,7.47,69,82,62,0,5,0,2,80,3,No,0,0.0
4688,Male,58,61,75,7.1,61,82,89,0,0,16,0,86,3,Yes,0,0.0
4689,Female,81,66,59,9.04,84,92,78,0,3,21,1,89,0,No,1,4.95
4690,Female,59,88,71,9.31,76,99,56,5,3,14,1,91,0,Yes,1,8.23
4691,Female,93,50,51,6.07,52,89,90,5,3,7,2,82,3,Yes,0,0.0
4692,Female,93,50,61,5.68,61,78,77,5,3,2,0,77,2,No,1,6.08
4693,Female,51,59,91,7.67,40,44,64,0,5,3,2,92,2,Yes,0,0.0
4694,Female,58,92,65,6.85,83,49,50,2,0,23,5,66,3,Yes,0,0.0
4695,Female,73,70,67,6.03,86,75,61,3,2,17,0,78,3,Yes,0,0.0
4696,Male,91,92,95,7.86,97,71,87,2,1,19,3,80,2,Yes,1,3.19
4697,Female,76,91,57,6.26,84,99,84,0,5,18,3,64,2,No,1,10.41
4698,Female,94,63,89,8.78,41,62,97,1,1,5,0,86,2,Yes,1,3.73
4699,Female,74,77,63,7.07,57,53,63,0,0,6,3,88,2,Yes,0,0.0
4700,Female,80,54,53,8.7,47,66,68,0,1,23,3,65,5,Yes,0,0.0
4701,Female,83,62,95,5.68,68,68,90,3,5,17,3,73,5,No,0,0.0
4702,Male,69,51,77,6.65,60,64,86,5,4,20,5,96,1,No,1,7.57
4703,Female,81,62,55,5.98,97,91,99,2,2,2,1,85,3,Yes,0,0.0
4704,Female,79,62,82,9.06,88,66,91,5,5,9,5,93,5,Yes,0,0.0
4705,Male,68,78,86,6.7,81,76,93,1,1,10,1,86,1,Yes,1,12.15
4706,Male,82,73,76,7.98,94,45,87,1,1,17,0,71,1,No,0,0.0
4707,Female,91,65,59,7.08,92,74,70,2,5,2,2,82,4,Yes,0,0.0
4708,Female,56,57,70,7.46,89,70,58,1,5,10,1,95,5,Yes,0,0.0
4709,Female,51,69,61,6.85,99,66,66,0,1,15,4,76,5,Yes,1,9.92
4710,Female,69,71,55,5.92,91,79,58,1,0,12,5,73,0,No,1,8.75
4711,Female,79,62,62,6.51,78,52,54,5,1,0,4,99,4,No,0,0.0
4712,Female,76,79,69,7.98,97,58,75,3,2,12,1,90,2,Yes,1,10.17
4713,Male,57,81,53,8.05,72,48,65,0,1,9,0,77,2,Yes,0,0.0
4714,Male,59,51,83,8.89,51,63,58,4,0,20,0,65,1,No,1,4.16
4715,Female,72,77,79,5.96,60,81,69,5,2,17,1,96,1,Yes,1,12.88
4716,Female,72,74,59,7.21,63,60,59,5,4,17,1,96,4,No,0,0.0
4717,Female,66,74,92,5.88,46,92,97,0,0,15,2,94,1,No,1,12.38
4718,Female,76,85,95,8.36,85,51,43,2,0,10,3,77,3,Yes,0,0.0
4719,Male,79,81,80,5.9,61,68,43,3,3,11,4,66,5,Yes,0,0.0
4720,Male,62,90,52,9.06,67,82,44,0,4,2,4,66,2,No,1,14.58
4721,Female,72,83,50,6.1,90,54,86,3,0,9,0,79,3,Yes,0,0.0
4722,Female,68,93,95,5.77,69,86,65,3,0,2,1,75,5,No,0,0.0
4723,Male,91,92,73,8.47,61,65,70,2,5,4,4,60,1,No,1,3.65
4724,Female,65,80,67,6.86,92,70,87,0,1,6,2,67,1,No,1,7.2
4725,Female,58,71,63,7.68,70,41,45,4,2,8,2,89,5,No,0,0.0
4726,Male,95,72,89,6.56,87,74,57,0,2,3,1,86,3,No,0,0.0
4727,Female,86,65,68,9.29,91,89,73,0,1,1,0,73,1,No,0,0.0
4728,Male,93,64,87,6.03,99,46,97,4,1,14,0,93,0,Yes,0,0.0
4729,Male,82,53,58,6.17,71,72,97,3,4,22,2,74,0,Yes,1,8.28
4730,Female,92,59,68,7.08,66,62,69,0,2,6,0,79,4,Yes,0,0.0
4731,Male,90,89,50,8.2,73,64,44,2,2,12,4,96,4,No,0,0.0
4732,Female,62,82,63,5.77,43,57,91,4,0,7,5,72,2,No,1,9.59
4733,Female,52,53,72,9.62,80,74,74,4,2,5,3,84,4,No,0,0.0
4734,Male,75,81,51,7.51,65,76,73,1,0,5,2,77,0,Yes,1,9.34
4735,Male,83,93,81,8.24,63,87,66,1,1,13,0,74,1,Yes,1,12.54
4736,Male,62,89,78,7.48,81,88,40,3,1,5,4,96,5,No,0,0.0
4737,Female,56,57,76,5.57,40,43,66,4,1,19,4,81,2,No,0,0.0
4738,Male,77,66,50,7.06,76,70,61,3,1,24,1,89,3,No,0,0.0
4739,Female,72,59,73,8.69,93,55,64,1,2,21,1,75,4,No,0,0.0
4740,Female,84,69,94,6.65,40,55,89,2,5,7,1,72,2,No,0,0.0
4741,Male,62,73,71,6.01,72,71,73,3,0,8,4,63,0,Yes,1,6.42
4742,Male,60,89,51,6.07,61,91,96,3,2,24,0,93,0,Yes,1,12.2
4743,Male,78,75,92,7.56,40,67,59,2,1,20,1,85,2,Yes,0,0.0
4744,Female,60,88,57,6.95,69,78,65,4,1,12,3,89,3,No,1,11.64
4745,Male,89,79,50,6.86,54,61,89,4,2,3,0,67,2,Yes,1,11.77
4746,Female,67,88,80,9.67,44,94,99,2,2,9,0,71,2,Yes,1,6.2
4747,Female,81,74,65,9.29,67,41,99,3,1,11,1,67,3,Yes,0,0.0
4748,Female,78,52,89,5.96,60,70,49,5,0,8,4,95,3,Yes,0,0.0
4749,Female,63,95,67,8.85,89,52,58,1,4,8,2,76,5,Yes,0,0.0
4750,Male,77,74,62,6.26,51,87,86,5,1,15,5,68,4,No,0,0.0
4751,Male,53,90,62,8.41,94,40,83,4,0,3,3,68,0,Yes,1,4.92
4752,Male,60,61,59,6.16,70,71,67,2,3,8,4,91,3,No,0,0.0
4753,Male,58,73,57,6.23,44,69,77,1,4,10,1,93,4,Yes,0,0.0
4754,Female,55,61,75,5.9,44,72,62,3,5,6,3,75,1,Yes,0,0.0
4755,Male,51,74,78,7.02,58,70,57,0,1,19,3,62,4,No,0,0.0
4756,Male,53,58,54,6.19,73,56,85,5,5,14,5,85,0,Yes,1,5.84
4757,Male,75,72,61,9.23,47,86,42,2,1,10,3,61,5,No,0,0.0
4758,Male,57,78,64,6.1,66,81,58,2,5,13,4,87,3,No,0,0.0
4759,Female,50,52,86,9.39,51,95,55,0,0,8,1,64,5,Yes,1,6.48
4760,Female,73,86,95,8.99,74,89,78,0,2,4,0,69,5,No,0,0.0
4761,Female,51,68,56,9.51,50,97,59,5,4,24,4,71,0,Yes,1,7.92
4762,Male,93,52,77,8.5,72,55,89,4,0,4,2,84,2,Yes,1,13.13
4763,Male,61,78,68,9.4,53,97,45,4,2,21,4,76,1,No,1,9.18
4764,Female,68,84,69,6.95,82,90,66,0,5,20,5,95,2,Yes,1,7.12
4765,Female,68,89,92,7.5,52,65,96,2,1,22,0,60,3,No,0,0.0
4766,Male,95,53,65,5.77,52,67,71,1,0,4,2,73,2,No,0,0.0
4767,Male,65,73,50,8.56,75,56,78,3,4,6,2,83,2,No,1,14.53
4768,Male,59,61,58,8.83,49,61,54,3,2,7,4,82,2,Yes,1,12.65
4769,Male,78,51,55,6.9,84,74,82,0,2,11,3,69,0,No,1,4.25
4770,Male,58,73,70,8.05,51,83,81,5,1,12,2,64,1,Yes,1,9.78
4771,Male,71,55,77,8.53,68,68,95,0,3,1,5,93,0,No,1,7.02
4772,Male,86,61,62,7.79,72,43,74,0,4,20,2,60,5,Yes,1,13.26
4773,Male,64,65,90,8.97,69,94,93,1,1,6,3,80,0,No,1,10.15
4774,Male,85,94,74,8.74,55,69,89,2,4,2,3,80,1,Yes,1,9.72
4775,Male,56,54,84,8.09,77,43,43,2,4,4,4,70,0,No,0,0.0
4776,Male,80,88,58,6.01,96,43,49,2,5,17,5,77,2,No,0,0.0
4777,Female,81,93,55,8.91,80,81,41,4,5,20,2,74,5,Yes,0,0.0
4778,Male,93,93,67,6.84,75,96,89,3,2,16,2,80,0,No,1,12.7
4779,Male,61,76,93,7.31,61,95,63,5,5,0,1,92,3,Yes,0,0.0
4780,Female,57,95,54,7.73,64,59,85,2,1,17,2,97,3,No,0,0.0
4781,Male,74,70,71,8.94,97,40,59,1,4,19,2,94,0,Yes,0,0.0
4782,Female,62,89,54,9.17,84,55,47,4,2,0,2,94,2,Yes,0,0.0
4783,Male,93,75,58,7.22,91,72,71,1,2,22,4,90,5,Yes,0,0.0
4784,Male,86,85,84,6.98,96,93,55,3,4,22,2,93,4,No,0,0.0
4785,Male,89,81,69,9.74,68,77,49,2,4,14,0,90,0,Yes,1,14.82
4786,Male,86,84,87,7.55,95,57,77,5,5,5,3,80,2,No,1,11.16
4787,Female,82,71,64,7.43,42,61,49,3,2,21,2,68,2,No,0,0.0
4788,Female,66,50,84,9.47,89,54,48,5,2,5,1,75,5,No,0,0.0
4789,Female,74,81,74,7.03,87,60,56,0,5,13,5,97,0,Yes,0,0.0
4790,Female,87,84,55,8.3,85,64,70,0,4,2,4,62,3,Yes,0,0.0
4791,Female,52,74,55,7.07,76,43,52,3,4,6,2,89,0,Yes,0,0.0
4792,Male,67,50,75,6.32,51,70,84,0,4,8,3,88,2,Yes,1,12.71
4793,Female,63,62,95,8.35,69,81,53,0,5,8,0,69,0,No,0,0.0
4794,Female,93,88,56,6.52,88,78,57,2,1,22,1,75,4,No,0,0.0
4795,Male,81,82,92,8.45,72,41,91,5,0,6,2,83,0,No,1,6.44
4796,Male,84,55,70,9.75,56,72,62,0,2,21,3,66,2,No,1,5.31
4797,Female,90,68,76,8.09,64,98,75,3,2,9,2,67,0,No,1,11.84
4798,Male,60,51,84,7.37,72,95,51,1,5,19,1,69,2,Yes,0,0.0
4799,Female,50,85,91,7.17,63,71,55,4,0,6,0,77,5,Yes,1,5.77
4800,Male,80,52,92,9.29,62,80,77,3,4,11,2,63,0,Yes,1,10.15
4801,Male,59,73,73,6.39,84,95,98,3,5,20,2,62,4,No,0,0.0
4802,Male,90,51,90,7.68,91,56,77,1,4,18,5,61,2,Yes,1,9.46
4803,Male,58,85,56,7.03,80,54,40,1,0,0,0,70,2,No,0,0.0
4804,Female,72,87,67,7.14,84,93,93,0,1,11,1,65,1,No,1,5.81
4805,Male,68,77,90,6.62,90,59,62,0,1,22,3,61,3,No,0,0.0
4806,Male,57,81,74,7.05,59,56,83,1,0,3,0,65,4,No,0,0.0
4807,Female,50,78,80,6.64,97,64,42,0,2,13,3,82,0,No,0,0.0
4808,Male,95,52,56,6.75,94,65,60,2,1,12,1,90,5,No,0,0.0
4809,Male,79,65,77,9.66,49,65,58,4,5,5,3,75,1,No,1,13.68
4810,Female,57,61,90,7.91,92,87,84,5,3,21,5,98,3,Yes,0,0.0
4811,Male,85,56,68,5.95,82,62,74,1,2,24,0,67,1,Yes,0,0.0
4812,Female,68,93,84,5.57,74,83,51,5,3,12,3,83,1,No,1,7.83
4813,Male,88,52,57,7.05,60,84,44,3,5,15,1,97,0,No,0,0.0
4814,Female,75,57,70,5.7,45,85,49,0,0,1,1,66,0,No,0,0.0
4815,Female,67,86,74,9.15,49,47,61,0,1,5,3,63,5,No,0,0.0
4816,Male,57,92,57,7.32,68,58,91,5,2,8,2,98,3,No,0,0.0
4817,Female,89,54,50,8.22,74,41,55,2,4,14,5,82,0,Yes,1,12.16
4818,Female,93,75,67,9.65,43,97,71,0,1,11,2,89,3,Yes,0,0.0
4819,Female,57,61,57,5.83,71,72,58,1,1,19,1,88,3,Yes,0,0.0
4820,Male,86,81,73,9.41,44,70,73,3,0,16,5,93,2,Yes,1,12.17
4821,Male,86,94,79,8.4,84,82,96,3,4,12,2,80,4,Yes,0,0.0
4822,Female,56,83,66,8.97,72,86,89,2,4,1,2,90,0,No,1,11.46
4823,Female,54,67,67,8.27,74,94,79,3,3,21,3,91,2,No,1,14.53
4824,Male,80,61,72,6.88,61,77,90,1,4,15,1,66,5,Yes,0,0.0
4825,Female,73,52,55,6.34,99,93,84,0,0,22,1,97,0,Yes,1,9.38
4826,Female,75,63,84,6.08,81,80,50,3,0,14,5,98,1,No,1,4.82
4827,Female,69,62,55,5.5,67,54,44,3,0,10,5,86,1,Yes,0,0.0
4828,Female,65,60,70,8.82,73,70,70,0,2,7,4,77,1,Yes,1,13.12
4829,Female,50,86,94,6.9,68,97,81,1,4,24,4,93,0,Yes,1,14.11
4830,Female,94,80,63,8.32,65,70,92,2,4,2,0,93,0,No,1,6.72
4831,Male,54,81,72,6.58,65,83,82,4,1,24,2,92,3,Yes,0,0.0
4832,Male,70,71,86,9.07,81,95,63,1,5,9,0,73,3,No,0,0.0
4833,Male,74,64,70,5.67,70,93,65,0,4,9,3,60,5,No,0,0.0
4834,Male,69,94,85,6.06,64,68,45,1,3,16,2,61,5,Yes,0,0.0
4835,Male,79,85,84,7.24,41,56,96,2,0,10,1,85,0,No,1,11.09
4836,Female,88,88,89,8.46,83,47,80,1,2,6,0,80,5,No,0,0.0
4837,Female,62,88,67,9.08,75,44,77,4,3,22,3,86,5,Yes,0,0.0
4838,Female,53,73,82,6.01,85,54,84,0,2,3,1,87,3,Yes,0,0.0
4839,Male,88,78,88,6.49,57,44,65,0,4,24,1,87,2,Yes,0,0.0
4840,Female,91,89,93,9.38,54,74,94,2,2,4,4,63,3,No,0,0.0
4841,Male,56,55,86,5.93,63,76,61,4,4,5,3,68,3,No,1,8.95
4842,Male,94,62,53,6.08,53,98,40,0,4,22,3,62,1,No,0,0.0
4843,Female,62,59,79,7.89,91,56,61,1,0,20,5,89,1,No,1,11.54
4844,Male,80,86,80,8.12,65,87,44,4,4,11,5,63,0,No,1,9.8
4845,Female,92,75,56,6.33,69,97,73,3,4,8,0,71,3,Yes,0,0.0
4846,Female,60,70,79,7.0,57,83,80,4,2,19,4,63,3,No,0,0.0
4847,Female,80,77,77,8.39,69,58,84,0,4,4,0,80,1,Yes,0,0.0
4848,Female,77,77,90,8.39,40,61,86,4,2,13,3,77,3,Yes,0,0.0
4849,Female,85,50,82,5.8,97,58,50,2,0,20,2,96,1,No,0,0.0
4850,Male,64,73,87,6.16,63,97,65,1,4,1,1,60,1,No,1,8.12
4851,Female,86,76,72,8.2,89,47,55,3,4,0,3,77,1,No,0,0.0
4852,Male,53,87,86,5.58,43,93,45,1,0,4,1,60,5,Yes,0,0.0
4853,Male,66,77,54,9.55,43,68,44,5,3,3,0,79,3,No,0,0.0
4854,Male,73,72,81,7.75,43,76,59,0,2,6,5,69,4,Yes,0,0.0
4855,Male,84,82,94,8.4,87,68,52,0,0,10,5,73,2,Yes,0,0.0
4856,Female,59,84,85,5.86,62,78,79,2,4,23,3,85,2,Yes,1,6.81
4857,Female,77,68,84,6.74,88,46,71,0,5,5,2,64,4,Yes,0,0.0
4858,Male,92,67,88,7.67,94,83,55,0,5,1,1,67,3,Yes,0,0.0
4859,Male,94,91,66,8.14,48,95,59,4,3,10,4,84,3,No,1,12.33
4860,Female,72,94,92,9.56,79,71,95,1,0,15,2,83,1,No,1,11.55
4861,Male,51,88,74,5.71,49,84,61,3,4,19,5,65,2,No,1,10.03
4862,Male,50,93,67,9.21,68,77,63,5,0,18,5,94,4,No,1,9.23
4863,Female,68,84,59,8.37,84,66,74,3,5,10,0,72,2,Yes,1,14.11
4864,Male,50,70,78,9.15,63,54,52,2,5,23,4,69,3,No,0,0.0
4865,Female,70,85,81,7.3,74,79,86,2,0,21,3,89,5,Yes,0,0.0
4866,Male,53,84,68,8.96,85,44,59,3,3,10,2,93,2,No,0,0.0
4867,Female,75,80,50,9.39,80,64,58,1,5,0,3,65,0,No,1,13.39
4868,Female,73,54,73,9.66,49,68,66,0,0,22,2,86,5,No,0,0.0
4869,Female,89,72,79,7.51,67,69,58,2,4,7,5,72,1,No,1,5.28
4870,Male,88,73,64,5.58,88,47,53,0,3,9,3,67,0,Yes,0,0.0
4871,Female,65,72,91,8.49,49,43,78,3,1,8,0,99,4,Yes,0,0.0
4872,Female,64,84,57,8.18,58,44,75,1,1,11,4,76,2,No,0,0.0
4873,Male,62,78,71,9.51,73,97,61,3,1,18,0,66,1,No,1,4.46
4874,Male,52,84,71,6.8,80,70,43,3,0,14,2,68,4,Yes,0,0.0
4875,Male,64,51,61,7.71,68,66,75,1,0,20,4,67,1,No,1,10.59
4876,Male,56,55,73,5.74,67,59,45,2,5,15,4,98,5,No,0,0.0
4877,Female,88,56,81,6.87,91,54,91,0,0,12,1,70,1,Yes,0,0.0
4878,Male,53,78,71,7.09,90,94,81,3,5,6,0,73,0,Yes,1,9.79
4879,Male,55,51,93,6.05,76,95,82,2,3,14,4,97,4,Yes,0,0.0
4880,Male,85,71,68,8.35,62,87,86,1,3,21,5,95,3,No,1,14.76
4881,Male,67,88,75,6.9,88,57,98,1,3,16,2,77,0,No,1,9.28
4882,Female,61,54,69,6.18,49,47,78,4,5,10,3,72,0,Yes,1,10.69
4883,Male,64,87,86,5.55,54,69,50,3,3,19,3,81,3,No,0,0.0
4884,Female,75,75,79,9.3,79,54,54,3,4,24,2,78,1,No,1,13.38
4885,Male,92,68,73,7.88,61,84,60,1,5,3,4,93,2,No,1,4.12
4886,Male,94,92,88,8.32,78,55,42,0,5,3,3,80,0,Yes,0,0.0
4887,Female,54,65,81,9.2,94,71,97,5,2,6,3,65,3,No,0,0.0
4888,Male,50,57,56,9.43,49,50,48,3,2,11,0,98,0,No,0,0.0
4889,Female,82,66,57,6.39,46,61,52,1,3,5,4,68,0,No,0,0.0
4890,Female,71,50,68,7.24,97,56,79,2,1,8,5,73,5,Yes,0,0.0
4891,Female,82,63,89,7.5,92,45,76,2,3,22,4,63,0,No,1,10.08
4892,Male,66,66,88,5.66,54,51,58,1,4,15,5,85,0,No,0,0.0
4893,Male,60,50,89,8.55,53,85,55,0,3,3,1,86,5,No,0,0.0
4894,Female,53,77,86,8.26,53,87,43,2,2,21,0,65,2,No,0,0.0
4895,Female,93,91,65,6.06,64,42,86,4,5,22,5,80,2,Yes,0,0.0
4896,Male,88,59,88,8.62,54,51,46,0,2,23,4,60,1,No,0,0.0
4897,Male,87,54,78,6.06,65,87,68,0,2,8,0,74,4,Yes,0,0.0
4898,Female,66,91,74,8.61,62,85,40,1,0,1,3,84,1,Yes,1,10.89
4899,Female,59,86,71,6.92,66,80,62,3,0,13,1,63,3,No,0,0.0
4900,Female,85,61,85,8.08,86,70,90,5,3,15,3,94,1,No,1,8.95
4901,Female,82,56,80,5.87,87,96,53,3,1,11,5,89,1,Yes,1,12.75
4902,Male,92,56,54,7.52,96,69,83,2,5,9,1,69,3,Yes,0,0.0
4903,Female,77,63,51,7.23,55,46,96,1,3,13,1,80,0,Yes,1,4.48
4904,Female,88,80,62,9.46,43,81,86,0,3,2,2,62,4,No,0,0.0
4905,Male,74,69,91,7.23,64,66,73,1,4,22,3,78,3,Yes,0,0.0
4906,Female,92,66,62,7.11,77,81,53,1,2,12,0,94,1,No,0,0.0
4907,Female,71,56,61,7.38,92,78,68,5,2,20,1,79,3,No,0,0.0
4908,Male,57,60,65,8.05,89,42,56,4,0,12,4,74,2,No,0,0.0
4909,Female,81,53,81,9.02,92,98,62,0,5,4,5,82,4,No,0,0.0
4910,Female,55,53,87,6.73,76,63,64,0,0,0,0,60,3,No,0,0.0
4911,Female,74,74,52,7.5,55,53,59,3,5,17,5,89,1,No,1,12.51
4912,Male,60,65,86,9.52,51,52,67,0,0,0,3,89,2,Yes,0,0.0
4913,Female,68,58,82,9.66,80,72,96,5,4,12,5,91,0,No,0,0.0
4914,Male,85,81,70,9.59,59,49,89,2,1,22,4,70,3,Yes,0,0.0
4915,Male,85,88,63,7.49,58,77,98,3,4,5,1,99,5,No,1,10.77
4916,Female,66,94,74,7.67,95,61,41,5,4,3,0,92,3,Yes,0,0.0
4917,Female,65,82,90,8.45,41,47,60,5,5,9,3,74,5,Yes,0,0.0
4918,Female,72,54,69,9.1,75,55,50,4,3,24,1,95,1,Yes,0,0.0
4919,Male,51,62,75,9.22,73,78,92,0,4,3,5,87,5,No,0,0.0
4920,Female,95,51,59,6.63,89,51,78,2,4,12,2,70,2,Yes,0,0.0
4921,Female,63,67,83,6.08,73,87,63,3,0,16,4,84,2,Yes,1,9.13
4922,Female,73,59,64,8.22,53,99,81,1,0,21,1,61,5,Yes,0,0.0
4923,Female,63,68,82,9.37,91,57,91,2,0,24,5,62,5,No,0,0.0
4924,Female,63,56,51,6.32,90,46,78,1,3,9,4,66,0,Yes,0,0.0
4925,Female,72,50,62,5.57,42,58,83,5,2,14,5,79,5,Yes,1,14.08
4926,Male,85,55,69,9.21,97,47,58,3,1,3,4,67,3,Yes,0,0.0
4927,Male,91,68,90,7.16,95,55,62,0,2,4,1,80,0,No,0,0.0
4928,Male,81,70,83,8.98,91,42,48,4,4,8,5,88,2,No,1,3.04
4929,Male,85,85,93,6.17,94,50,46,1,2,2,3,78,0,Yes,0,0.0
4930,Male,85,61,81,8.09,73,81,65,5,5,18,0,92,2,Yes,1,9.42
4931,Female,53,72,63,7.05,53,99,58,3,4,3,4,99,4,No,0,0.0
4932,Female,69,84,86,8.48,62,99,52,0,4,13,1,87,1,Yes,1,10.76
4933,Female,56,67,73,7.74,49,66,59,5,2,7,1,97,5,Yes,0,0.0
4934,Female,71,55,63,8.98,64,99,73,3,1,13,1,97,1,No,1,4.46
4935,Female,65,66,70,6.64,65,99,84,2,0,18,3,72,5,Yes,0,0.0
4936,Male,76,63,86,5.61,66,43,61,1,0,6,2,99,2,Yes,0,0.0
4937,Female,82,72,60,6.39,72,99,67,4,3,1,5,61,5,No,0,0.0
4938,Female,73,51,63,7.35,71,52,55,0,0,15,0,79,4,No,0,0.0
4939,Female,86,53,69,5.84,51,83,56,4,3,10,1,75,5,Yes,0,0.0
4940,Female,82,80,50,6.55,77,72,80,0,5,4,5,60,4,Yes,0,0.0
4941,Male,64,92,62,7.53,65,72,51,0,5,20,3,81,2,No,0,0.0
4942,Female,87,82,61,7.01,46,41,80,1,2,22,5,78,5,No,0,0.0
4943,Female,52,83,85,5.7,74,64,74,3,1,2,5,97,4,Yes,0,0.0
4944,Male,54,81,55,6.25,80,95,92,5,4,2,0,79,0,Yes,0,0.0
4945,Male,64,62,65,7.0,84,61,56,2,2,17,2,83,3,Yes,0,0.0
4946,Male,89,74,68,7.83,52,60,65,2,5,3,2,87,0,No,1,6.05
4947,Female,95,50,89,8.53,83,59,93,4,1,10,5,82,3,No,0,0.0
4948,Female,73,66,70,6.59,60,93,84,1,5,16,0,88,5,Yes,1,8.57
4949,Male,85,72,92,7.98,46,89,80,5,0,18,1,80,5,No,0,0.0
4950,Male,85,69,75,8.85,62,92,57,4,4,19,3,98,5,Yes,0,0.0
4951,Female,63,59,74,5.8,60,52,60,2,3,9,3,71,0,No,0,0.0
4952,Female,54,57,90,7.1,76,84,55,1,3,18,3,64,5,No,0,0.0
4953,Female,91,54,86,7.62,92,91,44,3,1,16,3,86,0,No,1,14.93
4954,Female,56,58,50,6.51,46,64,61,0,1,16,2,96,4,No,0,0.0
4955,Male,65,76,68,9.5,40,60,84,2,5,3,5,97,5,Yes,1,13.83
4956,Male,50,69,72,7.04,57,85,95,0,0,14,4,89,3,No,0,0.0
4957,Female,70,64,66,5.99,97,85,48,3,1,4,2,93,1,No,1,3.74
4958,Male,76,76,69,6.2,73,86,51,5,0,24,4,93,1,Yes,1,12.41
4959,Male,92,91,71,5.9,66,54,73,3,3,13,0,97,3,Yes,0,0.0
4960,Female,86,52,67,6.35,97,98,67,2,5,11,4,78,4,No,0,0.0
4961,Female,94,71,64,9.36,43,64,80,2,1,5,0,89,2,Yes,1,9.44
4962,Female,54,82,61,8.71,88,76,77,5,3,10,5,85,3,Yes,0,0.0
4963,Female,74,82,93,7.09,70,57,58,0,3,10,5,89,1,Yes,0,0.0
4964,Female,52,57,56,9.19,67,47,78,0,2,14,3,74,0,No,0,0.0
4965,Female,93,90,64,7.14,49,92,53,4,5,2,3,86,4,No,0,0.0
4966,Female,87,61,53,9.25,57,56,91,4,0,9,3,89,2,No,0,0.0
4967,Female,56,86,66,8.69,68,44,83,3,2,6,0,72,4,Yes,0,0.0
4968,Female,50,86,85,5.77,65,66,78,3,5,2,4,98,4,Yes,0,0.0
4969,Male,90,78,70,8.31,83,74,62,1,5,1,1,76,4,No,0,0.0
4970,Male,62,66,56,6.19,87,94,94,2,1,2,5,69,5,Yes,0,0.0
4971,Male,52,65,53,8.11,75,98,69,4,1,20,1,99,0,Yes,1,14.84
4972,Female,78,87,84,5.69,44,54,49,5,5,14,1,90,2,Yes,1,8.28
4973,Male,54,64,88,7.8,74,76,41,2,0,3,3,64,4,No,0,0.0
4974,Female,61,71,81,6.27,94,57,58,3,5,7,2,61,1,No,0,0.0
4975,Female,95,82,83,6.76,58,65,71,1,4,3,2,95,2,Yes,0,0.0
4976,Female,66,83,85,5.78,65,54,90,4,0,0,0,96,4,No,0,0.0
4977,Female,84,73,54,9.13,89,46,73,4,0,1,5,90,2,Yes,1,8.45
4978,Male,55,86,63,7.38,65,43,49,3,0,13,4,61,0,No,0,0.0
4979,Female,82,61,50,7.12,57,94,58,1,2,17,2,82,1,Yes,1,13.29
4980,Male,77,61,53,5.89,75,87,86,4,4,7,0,83,5,Yes,0,0.0
4981,Female,81,78,83,8.17,72,71,94,3,0,7,2,69,2,Yes,1,8.65
4982,Female,58,77,67,8.01,42,89,68,2,4,2,4,93,2,No,1,7.56
4983,Male,50,77,92,6.39,85,62,44,4,3,2,1,61,4,No,0,0.0
4984,Male,88,64,72,5.92,48,53,52,4,1,23,3,86,3,No,0,0.0
4985,Male,73,54,63,7.51,96,66,95,0,4,12,3,86,2,No,1,11.86
4986,Female,70,61,83,5.81,43,55,83,1,1,2,2,95,3,No,1,5.85
4987,Male,61,81,87,9.11,87,49,80,0,5,4,1,66,3,Yes,0,0.0
4988,Female,51,94,69,8.44,62,81,43,5,1,24,1,88,1,No,1,9.88
4989,Female,94,68,80,9.64,76,62,70,2,2,17,2,97,3,No,0,0.0
4990,Male,72,72,58,8.67,93,51,95,1,4,20,0,91,1,Yes,1,14.19
4991,Male,57,78,81,9.48,62,72,81,0,0,4,4,87,4,No,0,0.0
4992,Female,62,78,60,9.36,70,74,42,0,4,15,4,65,2,No,0,0.0
4993,Female,90,83,59,5.76,59,62,65,4,3,20,5,77,2,Yes,0,0.0
4994,Female,68,61,81,6.6,89,87,98,1,3,20,2,76,5,No,0,0.0
4995,Male,54,51,73,8.19,98,76,50,2,1,21,3,90,1,No,1,6.56
4996,Female,65,80,73,8.63,59,54,95,0,4,12,1,88,4,Yes,0,0.0
4997,Female,64,68,69,8.98,84,44,65,1,3,8,1,89,0,Yes,0,0.0
4998,Male,79,81,82,9.08,44,47,83,0,4,6,5,64,4,Yes,0,0.0
4999,Male,74,61,53,6.29,54,53,75,3,2,16,5,72,1,No,1,14.93
5000,Female,62,53,89,6.59,41,68,47,1,0,9,4,70,3,No,0,0.0
